{"type":"FeatureCollection","features":[{"type":"Feature","geometry":{"type":"Polygon","coordinates":[[[141.062,40.2],[141.125,40.2],[141.125,40.15],[141.062,40.15],[141.062,40.2]],[[141.625,40.2],[141.688,40.2],[141.688,40.15],[141.75,40.15],[141.75,40.1],[141.688,40.1],[141.625,40.1],[141.625,40.15],[141.625,40.2]],[[140.75,39.6],[140.812,39.6],[140.812,39.55],[140.75,39.55],[140.75,39.6]],[[141.938,39.5],[142,39.5],[142.062,39.5],[142.062,39.45],[142.062,39.4],[142,39.4],[142,39.35],[142,39.3],[142,39.25],[142,39.2],[141.938,39.2],[141.938,39.15],[141.875,39.15],[141.875,39.2],[141.875,39.25],[141.875,39.3],[141.938,39.3],[141.938,39.35],[141.938,39.4],[141.938,39.45],[141.938,39.5]],[[141.688,39.3],[141.75,39.3],[141.75,39.25],[141.688,39.25],[141.688,39.3]],[[140.938,39.25],[141,39.25],[141.062,39.25],[141.062,39.2],[141,39.2],[140.938,39.2],[140.875,39.2],[140.875,39.15],[140.938,39.15],[140.938,39.2],[140.938,39.25]],[[140.812,39.1],[140.875,39.1],[140.875,39.05],[140.938,39.05],[141,39.05],[141,39],[141.062,39],[141.062,38.95],[141,38.95],[140.938,38.95],[140.875,38.95],[140.812,38.95],[140.812,39],[140.875,39],[140.875,38.95],[140.875,38.9],[140.938,38.9],[141,38.9],[141.062,38.9],[141.062,38.85],[141.062,38.8],[141.125,38.8],[141.125,38.75],[141.125,38.7],[141.188,38.7],[141.188,38.65],[141.25,38.65],[141.312,38.65],[141.312,38.7],[141.375,38.7],[141.375,38.75],[141.438,38.75],[141.5,38.75],[141.5,38.8],[141.438,38.8],[141.438,38.85],[141.438,38.9],[141.5,38.9],[141.5,38.85],[141.5,38.8],[141.562,38.8],[141.625,38.8],[141.625,38.85],[141.688,38.85],[141.688,38.8],[141.625,38.8],[141.625,38.75],[141.625,38.7],[141.625,38.65],[141.625,38.6],[141.562,38.6],[141.562,38.55],[141.562,38.5],[141.625,38.5],[141.625,38.45],[141.625,38.4],[141.625,38.35],[141.625,38.3],[141.688,38.3],[141.75,38.3],[141.75,38.35],[141.812,38.35],[141.812,38.4],[141.875,38.4],[141.875,38.35],[141.875,38.3],[141.875,38.25],[141.875,38.2],[141.875,38.15],[141.875,38.1],[141.875,38.05],[141.875,38],[141.875,37.95],[141.875,37.9],[141.812,37.9],[141.75,37.9],[141.688,37.9],[141.625,37.9],[141.562,37.9],[141.5,37.9],[141.438,37.9],[141.375,37.9],[141.375,37.85],[141.375,37.8],[141.375,37.75],[141.375,37.7],[141.375,37.65],[141.375,37.6],[141.375,37.55],[141.375,37.5],[141.375,37.45],[141.375,37.4],[141.375,37.35],[141.375,37.3],[141.375,37.25],[141.375,37.2],[141.375,37.15],[141.375,37.1],[141.375,37.05],[141.375,37],[141.375,36.95],[141.375,36.9],[141.375,36.85],[141.375,36.8],[141.375,36.75],[141.375,36.7],[141.375,36.65],[141.375,36.6],[141.375,36.55],[141.375,36.5],[141.312,36.5],[141.25,36.5],[141.188,36.5],[141.125,36.5],[141.125,36.45],[141.125,36.4],[141.062,36.4],[141.062,36.45],[141,36.45],[141,36.5],[140.938,36.5],[140.938,36.45],[140.875,36.45],[140.875,36.4],[140.812,36.4],[140.812,36.35],[140.875,36.35],[140.938,36.35],[140.938,36.3],[141,36.3],[141,36.25],[140.938,36.25],[140.938,36.2],[140.938,36.15],[141,36.15],[141.062,36.15],[141.062,36.2],[141.125,36.2],[141.125,36.15],[141.125,36.1],[141.188,36.1],[141.25,36.1],[141.312,36.1],[141.375,36.1],[141.375,36.05],[141.375,36],[141.375,35.95],[141.375,35.9],[141.375,35.85],[141.375,35.8],[141.375,35.75],[141.375,35.7],[141.375,35.65],[141.375,35.6],[141.375,35.55],[141.375,35.5],[141.375,35.45],[141.375,35.4],[141.375,35.35],[141.375,35.3],[141.312,35.3],[141.312,35.35],[141.25,35.35],[141.188,35.35],[141.125,35.35],[141.062,35.35],[141,35.35],[140.938,35.35],[140.938,35.4],[140.875,35.4],[140.875,35.45],[140.938,35.45],[140.938,35.5],[140.938,35.55],[141,35.55],[141,35.6],[141,35.65],[141,35.7],[140.938,35.7],[140.938,35.65],[140.875,35.65],[140.812,35.65],[140.75,35.65],[140.688,35.65],[140.625,35.65],[140.625,35.6],[140.625,35.55],[140.625,35.5],[140.562,35.5],[140.562,35.45],[140.625,35.45],[140.625,35.4],[140.688,35.4],[140.688,35.35],[140.75,35.35],[140.812,35.35],[140.812,35.3],[140.875,35.3],[140.875,35.25],[140.875,35.2],[140.875,35.15],[140.875,35.1],[140.875,35.05],[140.875,35],[140.812,35],[140.812,35.05],[140.812,35.1],[140.812,35.15],[140.812,35.2],[140.812,35.25],[140.75,35.25],[140.75,35.2],[140.75,35.15],[140.75,35.1],[140.75,35.05],[140.75,35],[140.75,34.95],[140.75,34.9],[140.688,34.9],[140.625,34.9],[140.625,34.85],[140.562,34.85],[140.562,34.8],[140.5,34.8],[140.438,34.8],[140.438,34.85],[140.375,34.85],[140.312,34.85],[140.312,34.8],[140.312,34.75],[140.25,34.75],[140.25,34.7],[140.25,34.65],[140.188,34.65],[140.188,34.6],[140.125,34.6],[140.125,34.55],[140.125,34.5],[140.062,34.5],[140,34.5],[139.938,34.5],[139.875,34.5],[139.875,34.55],[139.812,34.55],[139.812,34.5],[139.75,34.5],[139.75,34.55],[139.688,34.55],[139.625,34.55],[139.562,34.55],[139.5,34.55],[139.5,34.5],[139.438,34.5],[139.375,34.5],[139.375,34.45],[139.312,34.45],[139.312,34.4],[139.312,34.35],[139.312,34.3],[139.25,34.3],[139.188,34.3],[139.188,34.35],[139.188,34.4],[139.25,34.4],[139.25,34.45],[139.25,34.5],[139.188,34.5],[139.125,34.5],[139.062,34.5],[139,34.5],[138.938,34.5],[138.875,34.5],[138.812,34.5],[138.75,34.5],[138.75,34.45],[138.688,34.45],[138.688,34.4],[138.688,34.35],[138.625,34.35],[138.562,34.35],[138.562,34.3],[138.5,34.3],[138.438,34.3],[138.375,34.3],[138.312,34.3],[138.25,34.3],[138.188,34.3],[138.125,34.3],[138.125,34.35],[138.125,34.4],[138.188,34.4],[138.188,34.45],[138.25,34.45],[138.25,34.5],[138.25,34.55],[138.312,34.55],[138.312,34.6],[138.375,34.6],[138.375,34.65],[138.438,34.65],[138.438,34.7],[138.438,34.75],[138.438,34.8],[138.5,34.8],[138.5,34.85],[138.438,34.85],[138.438,34.9],[138.5,34.9],[138.5,34.95],[138.562,34.95],[138.562,35],[138.562,35.05],[138.562,35.1],[138.562,35.15],[138.5,35.15],[138.5,35.2],[138.5,35.25],[138.5,35.3],[138.5,35.35],[138.5,35.4],[138.5,35.45],[138.562,35.45],[138.625,35.45],[138.625,35.4],[138.688,35.4],[138.75,35.4],[138.812,35.4],[138.875,35.4],[138.875,35.45],[138.938,35.45],[138.938,35.5],[139,35.5],[139,35.55],[139.062,35.55],[139.062,35.6],[139.125,35.6],[139.125,35.65],[139.125,35.7],[139.188,35.7],[139.188,35.65],[139.25,35.65],[139.312,35.65],[139.375,35.65],[139.375,35.6],[139.438,35.6],[139.438,35.65],[139.438,35.7],[139.5,35.7],[139.5,35.65],[139.562,35.65],[139.562,35.7],[139.562,35.75],[139.625,35.75],[139.625,35.7],[139.625,35.65],[139.688,35.65],[139.688,35.7],[139.688,35.75],[139.688,35.8],[139.688,35.85],[139.75,35.85],[139.812,35.85],[139.812,35.8],[139.812,35.75],[139.812,35.7],[139.812,35.65],[139.875,35.65],[139.875,35.7],[139.875,35.75],[139.875,35.8],[139.875,35.85],[139.875,35.9],[139.812,35.9],[139.812,35.95],[139.812,36],[139.75,36],[139.75,36.05],[139.688,36.05],[139.688,36.1],[139.688,36.15],[139.688,36.2],[139.625,36.2],[139.625,36.25],[139.562,36.25],[139.5,36.25],[139.438,36.25],[139.438,36.3],[139.375,36.3],[139.375,36.35],[139.438,36.35],[139.5,36.35],[139.562,36.35],[139.562,36.4],[139.562,36.45],[139.562,36.5],[139.5,36.5],[139.5,36.55],[139.438,36.55],[139.438,36.6],[139.438,36.65],[139.438,36.7],[139.375,36.7],[139.375,36.75],[139.375,36.8],[139.312,36.8],[139.312,36.85],[139.312,36.9],[139.375,36.9],[139.375,36.95],[139.375,37],[139.375,37.05],[139.438,37.05],[139.5,37.05],[139.5,37.1],[139.562,37.1],[139.562,37.05],[139.625,37.05],[139.625,37.1],[139.688,37.1],[139.75,37.1],[139.812,37.1],[139.812,37.15],[139.875,37.15],[139.938,37.15],[139.938,37.2],[140,37.2],[140,37.25],[140.062,37.25],[140.062,37.3],[140,37.3],[139.938,37.3],[139.875,37.3],[139.812,37.3],[139.812,37.25],[139.75,37.25],[139.688,37.25],[139.625,37.25],[139.625,37.3],[139.562,37.3],[139.562,37.35],[139.5,37.35],[139.5,37.4],[139.5,37.45],[139.438,37.45],[139.438,37.5],[139.438,37.55],[139.5,37.55],[139.562,37.55],[139.625,37.55],[139.688,37.55],[139.688,37.6],[139.75,37.6],[139.75,37.55],[139.812,37.55],[139.812,37.5],[139.812,37.45],[139.875,37.45],[139.875,37.4],[139.938,37.4],[140,37.4],[140.062,37.4],[140.062,37.45],[140.125,37.45],[140.125,37.5],[140.125,37.55],[140.125,37.6],[140.125,37.65],[140.125,37.7],[140.062,37.7],[140.062,37.75],[140.062,37.8],[140.125,37.8],[140.188,37.8],[140.25,37.8],[140.25,37.85],[140.25,37.9],[140.25,37.95],[140.25,38],[140.25,38.05],[140.25,38.1],[140.312,38.1],[140.375,38.1],[140.375,38.15],[140.438,38.15],[140.438,38.2],[140.438,38.25],[140.438,38.3],[140.5,38.3],[140.5,38.35],[140.5,38.4],[140.562,38.4],[140.562,38.45],[140.562,38.5],[140.625,38.5],[140.625,38.55],[140.688,38.55],[140.688,38.6],[140.75,38.6],[140.812,38.6],[140.875,38.6],[140.875,38.65],[140.875,38.7],[140.812,38.7],[140.812,38.75],[140.75,38.75],[140.688,38.75],[140.688,38.8],[140.75,38.8],[140.75,38.85],[140.75,38.9],[140.75,38.95],[140.75,39],[140.75,39.05],[140.812,39.05],[140.812,39.1]],[[141.812,39.1],[141.875,39.1],[141.875,39.05],[141.875,39],[141.812,39],[141.75,39],[141.688,39],[141.688,38.95],[141.688,38.9],[141.75,38.9],[141.75,38.95],[141.75,39],[141.75,39.05],[141.812,39.05],[141.812,39.1]],[[140.25,36.9],[140.188,36.9],[140.188,36.85],[140.125,36.85],[140.125,36.8],[140.188,36.8],[140.188,36.75],[140.188,36.7],[140.25,36.7],[140.25,36.75],[140.25,36.8],[140.25,36.85],[140.25,36.9]],[[139.188,36.25],[139.25,36.25],[139.25,36.2],[139.312,36.2],[139.312,36.15],[139.25,36.15],[139.188,36.15],[139.125,36.15],[139.062,36.15],[139.062,36.1],[139.125,36.1],[139.125,36.05],[139.188,36.05],[139.188,36.1],[139.188,36.15],[139.188,36.2],[139.188,36.25]],[[139.375,36.2],[139.438,36.2],[139.438,36.15],[139.438,36.1],[139.375,36.1],[139.375,36.15],[139.375,36.2]],[[139.25,36],[139.312,36],[139.375,36],[139.438,36],[139.5,36],[139.5,35.95],[139.438,35.95],[139.438,35.9],[139.438,35.85],[139.375,35.85],[139.312,35.85],[139.25,35.85],[139.25,35.8],[139.312,35.8],[139.312,35.75],[139.312,35.7],[139.375,35.7],[139.375,35.75],[139.375,35.8],[139.375,35.85],[139.375,35.9],[139.312,35.9],[139.312,35.95],[139.25,35.95],[139.25,36]],[[139.5,35.85],[139.562,35.85],[139.562,35.8],[139.5,35.8],[139.5,35.85]],[[141.188,35.8],[141.125,35.8],[141.125,35.75],[141.125,35.7],[141.188,35.7],[141.188,35.75],[141.25,35.75],[141.25,35.8],[141.188,35.8]],[[141.062,35.75],[141,35.75],[141,35.7],[141.062,35.7],[141.062,35.75]],[[139.812,35.6],[139.75,35.6],[139.75,35.55],[139.812,35.55],[139.812,35.5],[139.875,35.5],[139.875,35.55],[139.875,35.6],[139.812,35.6]],[[139.375,35.3],[139.312,35.3],[139.312,35.25],[139.25,35.25],[139.188,35.25],[139.188,35.2],[139.188,35.15],[139.25,35.15],[139.25,35.2],[139.312,35.2],[139.375,35.2],[139.438,35.2],[139.438,35.25],[139.438,35.3],[139.375,35.3]],[[139.5,34.75],[139.438,34.75],[139.438,34.7],[139.375,34.7],[139.312,34.7],[139.312,34.65],[139.375,34.65],[139.438,34.65],[139.5,34.65],[139.5,34.7],[139.5,34.75]],[[136.5,34.45],[136.562,34.45],[136.625,34.45],[136.688,34.45],[136.688,34.4],[136.75,34.4],[136.75,34.35],[136.812,34.35],[136.812,34.3],[136.875,34.3],[136.938,34.3],[136.938,34.25],[136.875,34.25],[136.875,34.2],[136.812,34.2],[136.812,34.25],[136.75,34.25],[136.688,34.25],[136.625,34.25],[136.562,34.25],[136.562,34.2],[136.5,34.2],[136.438,34.2],[136.438,34.15],[136.375,34.15],[136.375,34.1],[136.312,34.1],[136.312,34.05],[136.312,34],[136.312,33.95],[136.25,33.95],[136.25,33.9],[136.188,33.9],[136.188,33.85],[136.125,33.85],[136.125,33.8],[136.062,33.8],[136.062,33.75],[136.062,33.7],[136,33.7],[135.938,33.7],[135.938,33.75],[135.875,33.75],[135.875,33.8],[135.812,33.8],[135.812,33.85],[135.812,33.9],[135.875,33.9],[135.875,33.95],[135.938,33.95],[135.938,34],[136,34],[136,34.05],[136.062,34.05],[136.062,34.1],[136.062,34.15],[136.062,34.2],[136.125,34.2],[136.125,34.25],[136.125,34.3],[136.188,34.3],[136.188,34.35],[136.188,34.4],[136.25,34.4],[136.312,34.4],[136.375,34.4],[136.438,34.4],[136.438,34.35],[136.5,34.35],[136.5,34.4],[136.5,34.45]],[[139.062,34.2],[139.125,34.2],[139.125,34.15],[139.062,34.15],[139.062,34.2]],[[139.438,34.15],[139.5,34.15],[139.562,34.15],[139.625,34.15],[139.625,34.1],[139.625,34.05],[139.625,34],[139.688,34],[139.75,34],[139.75,33.95],[139.75,33.9],[139.75,33.85],[139.75,33.8],[139.688,33.8],[139.688,33.75],[139.625,33.75],[139.625,33.8],[139.562,33.8],[139.562,33.85],[139.625,33.85],[139.688,33.85],[139.688,33.9],[139.625,33.9],[139.625,33.95],[139.562,33.95],[139.562,34],[139.562,34.05],[139.5,34.05],[139.5,34.1],[139.438,34.1],[139.438,34.15]],[[135.812,33.65],[135.875,33.65],[135.938,33.65],[136,33.65],[136,33.6],[136,33.55],[135.938,33.55],[135.938,33.5],[135.875,33.5],[135.812,33.5],[135.75,33.5],[135.688,33.5],[135.625,33.5],[135.625,33.55],[135.625,33.6],[135.688,33.6],[135.75,33.6],[135.812,33.6],[135.812,33.65]],[[136.5,33.55],[136.562,33.55],[136.625,33.55],[136.625,33.5],[136.562,33.5],[136.5,33.5],[136.5,33.55]],[[136.25,33.45],[136.312,33.45],[136.375,33.45],[136.375,33.4],[136.375,33.35],[136.375,33.3],[136.375,33.25],[136.375,33.2],[136.375,33.15],[136.375,33.1],[136.312,33.1],[136.25,33.1],[136.188,33.1],[136.125,33.1],[136.062,33.1],[136,33.1],[135.938,33.1],[135.875,33.1],[135.812,33.1],[135.75,33.1],[135.688,33.1],[135.625,33.1],[135.562,33.1],[135.5,33.1],[135.438,33.1],[135.375,33.1],[135.312,33.1],[135.25,33.1],[135.188,33.1],[135.125,33.1],[135.125,33.15],[135.188,33.15],[135.25,33.15],[135.312,33.15],[135.375,33.15],[135.375,33.2],[135.438,33.2],[135.5,33.2],[135.562,33.2],[135.625,33.2],[135.625,33.25],[135.688,33.25],[135.75,33.25],[135.812,33.25],[135.812,33.3],[135.875,33.3],[135.938,33.3],[135.938,33.35],[136,33.35],[136.062,33.35],[136.062,33.4],[136.125,33.4],[136.188,33.4],[136.25,33.4],[136.25,33.45]],[[134.438,33],[134.5,33],[134.562,33],[134.625,33],[134.625,32.95],[134.625,32.9],[134.562,32.9],[134.5,32.9],[134.438,32.9],[134.375,32.9],[134.375,32.95],[134.438,32.95],[134.438,33]],[[131.688,32.05],[131.75,32.05],[131.812,32.05],[131.875,32.05],[131.938,32.05],[132,32.05],[132.062,32.05],[132.062,32],[132,32],[132,31.95],[132,31.9],[131.938,31.9],[131.938,31.85],[131.938,31.8],[131.938,31.75],[131.875,31.75],[131.875,31.7],[131.812,31.7],[131.812,31.75],[131.75,31.75],[131.75,31.8],[131.75,31.85],[131.688,31.85],[131.688,31.9],[131.625,31.9],[131.625,31.95],[131.625,32],[131.688,32],[131.688,32.05]]]},"properties":{"level":"20<=mm"}},{"type":"Feature","geometry":{"type":"Polygon","coordinates":[[[141.062,40.3],[141.125,40.3],[141.188,40.3],[141.188,40.25],[141.125,40.25],[141.125,40.2],[141.062,40.2],[141.062,40.15],[141,40.15],[141,40.2],[141,40.25],[141.062,40.25],[141.062,40.3]],[[141.625,40.3],[141.688,40.3],[141.75,40.3],[141.75,40.25],[141.75,40.2],[141.75,40.15],[141.688,40.15],[141.688,40.2],[141.625,40.2],[141.625,40.25],[141.625,40.3]],[[141.062,40.15],[141.125,40.15],[141.125,40.1],[141.062,40.1],[141.062,40.15]],[[141.75,40.15],[141.812,40.15],[141.875,40.15],[141.875,40.1],[141.812,40.1],[141.75,40.1],[141.75,40.15]],[[141.562,40.05],[141.625,40.05],[141.625,40],[141.562,40],[141.562,40.05]],[[141.688,40.05],[141.75,40.05],[141.75,40],[141.688,40],[141.688,40.05]],[[141.938,40.05],[142,40.05],[142,40],[142,39.95],[141.938,39.95],[141.938,40],[141.938,40.05]],[[141.75,40],[141.812,40],[141.875,40],[141.875,39.95],[141.812,39.95],[141.75,39.95],[141.75,40]],[[140.812,39.85],[140.875,39.85],[140.875,39.8],[140.875,39.75],[140.812,39.75],[140.812,39.8],[140.812,39.85]],[[140.938,39.75],[141,39.75],[141,39.7],[140.938,39.7],[140.938,39.75]],[[140.812,39.7],[140.875,39.7],[140.875,39.65],[140.812,39.65],[140.812,39.7]],[[141.875,39.5],[141.938,39.5],[141.938,39.45],[141.938,39.4],[141.938,39.35],[141.938,39.3],[141.875,39.3],[141.812,39.3],[141.75,39.3],[141.75,39.25],[141.75,39.2],[141.75,39.15],[141.75,39.1],[141.688,39.1],[141.688,39.05],[141.625,39.05],[141.625,39],[141.625,38.95],[141.562,38.95],[141.562,38.9],[141.5,38.9],[141.438,38.9],[141.438,38.95],[141.5,38.95],[141.5,38.9],[141.5,38.85],[141.5,38.8],[141.438,38.8],[141.438,38.85],[141.375,38.85],[141.375,38.8],[141.312,38.8],[141.312,38.75],[141.25,38.75],[141.188,38.75],[141.188,38.8],[141.188,38.85],[141.188,38.9],[141.125,38.9],[141.062,38.9],[141.062,38.85],[141.062,38.8],[141.125,38.8],[141.125,38.75],[141.125,38.7],[141.188,38.7],[141.188,38.65],[141.25,38.65],[141.312,38.65],[141.312,38.7],[141.375,38.7],[141.375,38.75],[141.438,38.75],[141.5,38.75],[141.5,38.8],[141.562,38.8],[141.625,38.8],[141.625,38.85],[141.688,38.85],[141.688,38.9],[141.688,38.95],[141.688,39],[141.75,39],[141.75,39.05],[141.812,39.05],[141.812,39.1],[141.875,39.1],[141.938,39.1],[141.938,39.15],[141.875,39.15],[141.875,39.2],[141.875,39.25],[141.875,39.3],[141.875,39.35],[141.875,39.4],[141.875,39.45],[141.875,39.5]],[[141.688,39.45],[141.75,39.45],[141.75,39.4],[141.688,39.4],[141.688,39.45]],[[141.625,39.35],[141.688,39.35],[141.688,39.3],[141.688,39.25],[141.688,39.2],[141.625,39.2],[141.625,39.25],[141.625,39.3],[141.625,39.35]],[[140.938,39.3],[141,39.3],[141,39.25],[140.938,39.25],[140.875,39.25],[140.875,39.2],[140.812,39.2],[140.812,39.15],[140.875,39.15],[140.875,39.2],[140.938,39.2],[140.938,39.25],[140.938,39.3]],[[141.062,39.3],[141.125,39.3],[141.125,39.25],[141.125,39.2],[141.062,39.2],[141.062,39.25],[141.062,39.3]],[[140.938,39.2],[141,39.2],[141,39.15],[141,39.1],[141.062,39.1],[141.062,39.05],[141.125,39.05],[141.125,39],[141.062,39],[141,39],[141,39.05],[140.938,39.05],[140.875,39.05],[140.875,39.1],[140.875,39.15],[140.938,39.15],[140.938,39.2]],[[140.75,39.1],[140.812,39.1],[140.812,39.05],[140.75,39.05],[140.75,39.1]],[[140.688,39],[140.75,39],[140.75,38.95],[140.75,38.9],[140.75,38.85],[140.75,38.8],[140.688,38.8],[140.625,38.8],[140.625,38.75],[140.562,38.75],[140.562,38.7],[140.562,38.65],[140.5,38.65],[140.5,38.6],[140.562,38.6],[140.562,38.55],[140.5,38.55],[140.5,38.5],[140.562,38.5],[140.625,38.5],[140.625,38.55],[140.688,38.55],[140.688,38.6],[140.75,38.6],[140.812,38.6],[140.875,38.6],[140.875,38.65],[140.875,38.7],[140.812,38.7],[140.812,38.75],[140.75,38.75],[140.688,38.75],[140.688,38.8],[140.688,38.85],[140.688,38.9],[140.688,38.95],[140.688,39]],[[140.812,39],[140.875,39],[140.875,38.95],[140.812,38.95],[140.812,39]],[[140.875,38.95],[140.938,38.95],[141,38.95],[141,38.9],[140.938,38.9],[140.875,38.9],[140.875,38.95]],[[141.625,38.75],[141.688,38.75],[141.688,38.7],[141.688,38.65],[141.688,38.6],[141.625,38.6],[141.562,38.6],[141.562,38.55],[141.562,38.5],[141.625,38.5],[141.625,38.45],[141.625,38.4],[141.625,38.35],[141.625,38.3],[141.688,38.3],[141.75,38.3],[141.75,38.35],[141.812,38.35],[141.812,38.4],[141.875,38.4],[141.875,38.45],[141.875,38.5],[141.812,38.5],[141.812,38.45],[141.75,38.45],[141.688,38.45],[141.688,38.5],[141.688,38.55],[141.625,38.55],[141.625,38.6],[141.625,38.65],[141.625,38.7],[141.625,38.75]],[[141.938,38.55],[142,38.55],[142.062,38.55],[142.125,38.55],[142.125,38.5],[142.062,38.5],[142,38.5],[141.938,38.5],[141.938,38.55]],[[139.875,38.3],[139.938,38.3],[139.938,38.25],[140,38.25],[140,38.3],[140.062,38.3],[140.125,38.3],[140.188,38.3],[140.188,38.25],[140.188,38.2],[140.188,38.15],[140.125,38.15],[140.125,38.1],[140.125,38.05],[140.062,38.05],[140.062,38],[140,38],[140,37.95],[140,37.9],[140,37.85],[140,37.8],[140.062,37.8],[140.062,37.75],[140.062,37.7],[140.125,37.7],[140.125,37.65],[140.125,37.6],[140.125,37.55],[140.125,37.5],[140.125,37.45],[140.062,37.45],[140.062,37.4],[140,37.4],[139.938,37.4],[139.875,37.4],[139.875,37.45],[139.812,37.45],[139.812,37.5],[139.812,37.55],[139.75,37.55],[139.75,37.6],[139.688,37.6],[139.688,37.55],[139.625,37.55],[139.562,37.55],[139.562,37.6],[139.5,37.6],[139.5,37.65],[139.562,37.65],[139.562,37.7],[139.625,37.7],[139.625,37.75],[139.625,37.8],[139.688,37.8],[139.688,37.85],[139.75,37.85],[139.812,37.85],[139.812,37.9],[139.812,37.95],[139.875,37.95],[139.875,38],[139.812,38],[139.812,38.05],[139.812,38.1],[139.812,38.15],[139.812,38.2],[139.812,38.25],[139.875,38.25],[139.875,38.3]],[[139.375,37.55],[139.438,37.55],[139.438,37.5],[139.438,37.45],[139.5,37.45],[139.5,37.4],[139.5,37.35],[139.562,37.35],[139.562,37.3],[139.625,37.3],[139.625,37.25],[139.688,37.25],[139.75,37.25],[139.812,37.25],[139.812,37.3],[139.875,37.3],[139.938,37.3],[140,37.3],[140.062,37.3],[140.062,37.25],[140,37.25],[140,37.2],[139.938,37.2],[139.938,37.15],[139.875,37.15],[139.812,37.15],[139.812,37.1],[139.75,37.1],[139.688,37.1],[139.625,37.1],[139.625,37.05],[139.562,37.05],[139.562,37.1],[139.5,37.1],[139.5,37.05],[139.438,37.05],[139.375,37.05],[139.375,37],[139.375,36.95],[139.375,36.9],[139.312,36.9],[139.25,36.9],[139.25,36.95],[139.25,37],[139.25,37.05],[139.188,37.05],[139.188,37.1],[139.25,37.1],[139.25,37.15],[139.312,37.15],[139.312,37.2],[139.375,37.2],[139.375,37.25],[139.375,37.3],[139.312,37.3],[139.312,37.35],[139.25,37.35],[139.25,37.4],[139.25,37.45],[139.25,37.5],[139.312,37.5],[139.375,37.5],[139.375,37.55]],[[138.562,37.05],[138.625,37.05],[138.625,37],[138.562,37],[138.562,37.05]],[[140.188,36.9],[140.25,36.9],[140.25,36.85],[140.25,36.8],[140.25,36.75],[140.25,36.7],[140.188,36.7],[140.188,36.75],[140.188,36.8],[140.125,36.8],[140.125,36.85],[140.188,36.85],[140.188,36.9]],[[137.938,36.85],[138,36.85],[138,36.8],[137.938,36.8],[137.938,36.85]],[[137.75,36.8],[137.812,36.8],[137.812,36.75],[137.75,36.75],[137.75,36.8]],[[138.688,36.8],[138.75,36.8],[138.75,36.75],[138.688,36.75],[138.688,36.8]],[[139.312,36.8],[139.375,36.8],[139.375,36.75],[139.375,36.7],[139.438,36.7],[139.438,36.65],[139.438,36.6],[139.375,36.6],[139.312,36.6],[139.312,36.65],[139.312,36.7],[139.312,36.75],[139.312,36.8]],[[139.375,36.55],[139.438,36.55],[139.5,36.55],[139.5,36.5],[139.562,36.5],[139.562,36.45],[139.562,36.4],[139.562,36.35],[139.5,36.35],[139.438,36.35],[139.375,36.35],[139.312,36.35],[139.312,36.4],[139.375,36.4],[139.375,36.45],[139.375,36.5],[139.375,36.55]],[[138.625,36.5],[138.688,36.5],[138.688,36.45],[138.625,36.45],[138.625,36.5]],[[140.938,36.5],[141,36.5],[141,36.45],[141.062,36.45],[141.062,36.4],[141.125,36.4],[141.125,36.35],[141.125,36.3],[141.125,36.25],[141.125,36.2],[141.062,36.2],[141.062,36.15],[141,36.15],[140.938,36.15],[140.938,36.2],[140.938,36.25],[141,36.25],[141,36.3],[140.938,36.3],[140.938,36.35],[140.875,36.35],[140.812,36.35],[140.812,36.4],[140.875,36.4],[140.875,36.45],[140.938,36.45],[140.938,36.5]],[[137.562,36.4],[137.625,36.4],[137.688,36.4],[137.688,36.35],[137.688,36.3],[137.625,36.3],[137.625,36.35],[137.562,36.35],[137.562,36.4]],[[136.688,36.25],[136.75,36.25],[136.75,36.2],[136.688,36.2],[136.688,36.25]],[[139.062,36.25],[139.125,36.25],[139.188,36.25],[139.188,36.2],[139.188,36.15],[139.125,36.15],[139.062,36.15],[139,36.15],[138.938,36.15],[138.938,36.1],[138.875,36.1],[138.812,36.1],[138.812,36.05],[138.875,36.05],[138.938,36.05],[139,36.05],[139,36],[139.062,36],[139.062,35.95],[139.125,35.95],[139.125,35.9],[139.062,35.9],[139.062,35.85],[139.125,35.85],[139.125,35.8],[139.188,35.8],[139.188,35.75],[139.188,35.7],[139.188,35.65],[139.25,35.65],[139.25,35.7],[139.312,35.7],[139.312,35.75],[139.312,35.8],[139.25,35.8],[139.25,35.85],[139.188,35.85],[139.188,35.9],[139.25,35.9],[139.25,35.85],[139.312,35.85],[139.375,35.85],[139.375,35.9],[139.312,35.9],[139.312,35.95],[139.25,35.95],[139.25,36],[139.188,36],[139.188,36.05],[139.125,36.05],[139.125,36.1],[139.062,36.1],[139.062,36.15],[139.062,36.2],[139.062,36.25]],[[139.25,36.25],[139.312,36.25],[139.375,36.25],[139.375,36.2],[139.375,36.15],[139.375,36.1],[139.375,36.05],[139.312,36.05],[139.25,36.05],[139.188,36.05],[139.188,36.1],[139.188,36.15],[139.25,36.15],[139.312,36.15],[139.312,36.2],[139.25,36.2],[139.25,36.25]],[[139.438,36.2],[139.5,36.2],[139.5,36.15],[139.5,36.1],[139.562,36.1],[139.625,36.1],[139.625,36.05],[139.688,36.05],[139.688,36],[139.625,36],[139.562,36],[139.5,36],[139.438,36],[139.438,36.05],[139.438,36.1],[139.438,36.15],[139.438,36.2]],[[136.5,36.15],[136.562,36.15],[136.562,36.1],[136.5,36.1],[136.5,36.15]],[[136.688,36.1],[136.75,36.1],[136.75,36.05],[136.688,36.05],[136.688,36.1]],[[137.625,36.1],[137.688,36.1],[137.688,36.05],[137.625,36.05],[137.625,36.1]],[[137.75,36.1],[137.812,36.1],[137.812,36.05],[137.75,36.05],[137.75,36.1]],[[136.438,36.05],[136.5,36.05],[136.5,36],[136.438,36],[136.438,36.05]],[[137.375,36],[137.438,36],[137.438,35.95],[137.375,35.95],[137.375,36]],[[136.438,35.95],[136.5,35.95],[136.5,35.9],[136.438,35.9],[136.438,35.95]],[[139.688,35.95],[139.75,35.95],[139.812,35.95],[139.812,35.9],[139.812,35.85],[139.75,35.85],[139.688,35.85],[139.688,35.8],[139.688,35.75],[139.688,35.7],[139.688,35.65],[139.625,35.65],[139.625,35.7],[139.625,35.75],[139.562,35.75],[139.562,35.7],[139.562,35.65],[139.5,35.65],[139.5,35.7],[139.5,35.75],[139.438,35.75],[139.375,35.75],[139.375,35.8],[139.375,35.85],[139.438,35.85],[139.438,35.8],[139.5,35.8],[139.562,35.8],[139.562,35.85],[139.625,35.85],[139.625,35.9],[139.688,35.9],[139.688,35.95]],[[138.188,35.9],[138.25,35.9],[138.25,35.85],[138.188,35.85],[138.188,35.9]],[[139.812,35.85],[139.875,35.85],[139.875,35.8],[139.875,35.75],[139.812,35.75],[139.812,35.8],[139.812,35.85]],[[137.438,35.8],[137.5,35.8],[137.5,35.75],[137.438,35.75],[137.438,35.8]],[[141.125,35.8],[141.188,35.8],[141.25,35.8],[141.25,35.75],[141.188,35.75],[141.188,35.7],[141.125,35.7],[141.125,35.75],[141.125,35.8]],[[138.938,35.75],[139,35.75],[139.062,35.75],[139.062,35.7],[139.125,35.7],[139.125,35.65],[139.125,35.6],[139.062,35.6],[139.062,35.55],[139,35.55],[139,35.6],[139,35.65],[139,35.7],[138.938,35.7],[138.938,35.75]],[[141,35.75],[141.062,35.75],[141.062,35.7],[141,35.7],[140.938,35.7],[140.938,35.65],[140.875,35.65],[140.875,35.6],[140.875,35.55],[140.812,35.55],[140.812,35.5],[140.812,35.45],[140.812,35.4],[140.75,35.4],[140.75,35.45],[140.688,35.45],[140.688,35.5],[140.688,35.55],[140.688,35.6],[140.75,35.6],[140.812,35.6],[140.812,35.65],[140.75,35.65],[140.688,35.65],[140.625,35.65],[140.625,35.6],[140.625,35.55],[140.625,35.5],[140.562,35.5],[140.562,35.45],[140.625,35.45],[140.625,35.4],[140.688,35.4],[140.688,35.35],[140.75,35.35],[140.812,35.35],[140.812,35.3],[140.875,35.3],[140.938,35.3],[141,35.3],[141.062,35.3],[141.125,35.3],[141.188,35.3],[141.25,35.3],[141.312,35.3],[141.312,35.35],[141.25,35.35],[141.188,35.35],[141.125,35.35],[141.062,35.35],[141,35.35],[140.938,35.35],[140.938,35.4],[140.875,35.4],[140.875,35.45],[140.938,35.45],[140.938,35.5],[140.938,35.55],[141,35.55],[141,35.6],[141,35.65],[141,35.7],[141,35.75]],[[134.438,35.7],[134.5,35.7],[134.562,35.7],[134.625,35.7],[134.688,35.7],[134.75,35.7],[134.812,35.7],[134.875,35.7],[134.875,35.65],[134.875,35.6],[134.938,35.6],[134.938,35.55],[135,35.55],[135.062,35.55],[135.062,35.5],[135.062,35.45],[135.062,35.4],[135.062,35.35],[135,35.35],[135,35.3],[135.062,35.3],[135.125,35.3],[135.188,35.3],[135.188,35.25],[135.25,35.25],[135.25,35.2],[135.312,35.2],[135.312,35.15],[135.375,35.15],[135.438,35.15],[135.438,35.1],[135.438,35.05],[135.5,35.05],[135.5,35],[135.5,34.95],[135.562,34.95],[135.562,35],[135.625,35],[135.625,34.95],[135.688,34.95],[135.688,34.9],[135.688,34.85],[135.75,34.85],[135.75,34.8],[135.75,34.75],[135.75,34.7],[135.688,34.7],[135.688,34.65],[135.688,34.6],[135.688,34.55],[135.688,34.5],[135.688,34.45],[135.688,34.4],[135.75,34.4],[135.75,34.35],[135.688,34.35],[135.625,34.35],[135.562,34.35],[135.562,34.3],[135.5,34.3],[135.5,34.35],[135.438,34.35],[135.438,34.3],[135.375,34.3],[135.312,34.3],[135.25,34.3],[135.25,34.25],[135.188,34.25],[135.125,34.25],[135.062,34.25],[135.062,34.3],[135.062,34.35],[135.125,34.35],[135.188,34.35],[135.188,34.4],[135.188,34.45],[135.188,34.5],[135.25,34.5],[135.25,34.45],[135.312,34.45],[135.312,34.5],[135.312,34.55],[135.375,34.55],[135.375,34.6],[135.312,34.6],[135.312,34.65],[135.25,34.65],[135.25,34.6],[135.188,34.6],[135.125,34.6],[135.062,34.6],[135.062,34.55],[135.062,34.5],[135,34.5],[135,34.45],[134.938,34.45],[134.938,34.4],[134.938,34.35],[135,34.35],[135,34.3],[135,34.25],[134.938,34.25],[134.938,34.2],[134.875,34.2],[134.875,34.15],[134.812,34.15],[134.75,34.15],[134.688,34.15],[134.688,34.2],[134.625,34.2],[134.625,34.25],[134.625,34.3],[134.625,34.35],[134.688,34.35],[134.688,34.4],[134.75,34.4],[134.75,34.45],[134.75,34.5],[134.812,34.5],[134.812,34.55],[134.875,34.55],[134.875,34.6],[134.938,34.6],[134.938,34.65],[134.875,34.65],[134.812,34.65],[134.812,34.7],[134.75,34.7],[134.75,34.75],[134.688,34.75],[134.625,34.75],[134.562,34.75],[134.5,34.75],[134.438,34.75],[134.438,34.7],[134.375,34.7],[134.312,34.7],[134.312,34.75],[134.312,34.8],[134.25,34.8],[134.25,34.85],[134.25,34.9],[134.25,34.95],[134.25,35],[134.25,35.05],[134.312,35.05],[134.312,35.1],[134.312,35.15],[134.375,35.15],[134.375,35.2],[134.375,35.25],[134.438,35.25],[134.438,35.3],[134.5,35.3],[134.5,35.35],[134.438,35.35],[134.438,35.4],[134.438,35.45],[134.375,35.45],[134.375,35.5],[134.375,35.55],[134.375,35.6],[134.312,35.6],[134.312,35.65],[134.375,35.65],[134.438,35.65],[134.438,35.7]],[[139.312,35.7],[139.375,35.7],[139.438,35.7],[139.438,35.65],[139.438,35.6],[139.375,35.6],[139.375,35.65],[139.312,35.65],[139.312,35.7]],[[136.438,35.65],[136.5,35.65],[136.5,35.6],[136.438,35.6],[136.438,35.65]],[[138.375,35.6],[138.438,35.6],[138.5,35.6],[138.562,35.6],[138.625,35.6],[138.625,35.55],[138.562,35.55],[138.562,35.5],[138.5,35.5],[138.438,35.5],[138.375,35.5],[138.375,35.55],[138.375,35.6]],[[139.75,35.6],[139.812,35.6],[139.812,35.55],[139.75,35.55],[139.75,35.6]],[[135.75,35.5],[135.812,35.5],[135.812,35.45],[135.75,35.45],[135.688,35.45],[135.688,35.4],[135.75,35.4],[135.75,35.45],[135.75,35.5]],[[138.25,35.5],[138.312,35.5],[138.312,35.45],[138.312,35.4],[138.375,35.4],[138.375,35.35],[138.438,35.35],[138.438,35.3],[138.5,35.3],[138.5,35.25],[138.5,35.2],[138.5,35.15],[138.438,35.15],[138.375,35.15],[138.375,35.2],[138.375,35.25],[138.312,35.25],[138.312,35.3],[138.25,35.3],[138.25,35.35],[138.188,35.35],[138.188,35.4],[138.25,35.4],[138.25,35.45],[138.25,35.5]],[[138.875,35.5],[138.938,35.5],[138.938,35.45],[138.875,35.45],[138.812,35.45],[138.812,35.4],[138.875,35.4],[138.875,35.45],[138.875,35.5]],[[135.812,35.3],[135.875,35.3],[135.875,35.25],[135.812,35.25],[135.812,35.3]],[[139.312,35.3],[139.375,35.3],[139.438,35.3],[139.438,35.25],[139.438,35.2],[139.375,35.2],[139.312,35.2],[139.25,35.2],[139.188,35.2],[139.188,35.15],[139.25,35.15],[139.25,35.2],[139.25,35.25],[139.312,35.25],[139.312,35.3]],[[136,35.25],[136.062,35.25],[136.125,35.25],[136.125,35.2],[136.062,35.2],[136.062,35.15],[136,35.15],[135.938,35.15],[135.875,35.15],[135.812,35.15],[135.812,35.1],[135.875,35.1],[135.875,35.05],[135.938,35.05],[135.938,35.1],[136,35.1],[136,35.15],[136,35.2],[136,35.25]],[[136.438,35.25],[136.5,35.25],[136.5,35.2],[136.438,35.2],[136.438,35.25]],[[137.812,35.25],[137.875,35.25],[137.875,35.2],[137.812,35.2],[137.812,35.25]],[[140.75,35.25],[140.812,35.25],[140.812,35.2],[140.812,35.15],[140.812,35.1],[140.812,35.05],[140.812,35],[140.875,35],[140.875,34.95],[140.875,34.9],[140.812,34.9],[140.75,34.9],[140.75,34.95],[140.75,35],[140.75,35.05],[140.75,35.1],[140.75,35.15],[140.75,35.2],[140.75,35.25]],[[136.625,35.15],[136.688,35.15],[136.688,35.1],[136.625,35.1],[136.625,35.15]],[[136.75,35.1],[136.812,35.1],[136.812,35.05],[136.75,35.05],[136.75,35.1]],[[137.25,35.05],[137.312,35.05],[137.312,35],[137.25,35],[137.25,35.05]],[[136.75,35],[136.812,35],[136.812,34.95],[136.75,34.95],[136.75,35]],[[138.438,34.95],[138.5,34.95],[138.5,34.9],[138.438,34.9],[138.375,34.9],[138.375,34.85],[138.438,34.85],[138.438,34.9],[138.438,34.95]],[[138.062,34.9],[138.125,34.9],[138.125,34.85],[138.062,34.85],[138.062,34.9]],[[136,34.85],[136.062,34.85],[136.062,34.8],[136.062,34.75],[136,34.75],[136,34.8],[136,34.85]],[[138.438,34.85],[138.5,34.85],[138.5,34.8],[138.438,34.8],[138.438,34.85]],[[140.312,34.85],[140.375,34.85],[140.438,34.85],[140.438,34.8],[140.5,34.8],[140.562,34.8],[140.562,34.85],[140.625,34.85],[140.625,34.8],[140.625,34.75],[140.625,34.7],[140.562,34.7],[140.5,34.7],[140.438,34.7],[140.375,34.7],[140.375,34.75],[140.312,34.75],[140.25,34.75],[140.25,34.7],[140.25,34.65],[140.312,34.65],[140.312,34.7],[140.312,34.75],[140.312,34.8],[140.312,34.85]],[[138.375,34.75],[138.438,34.75],[138.438,34.7],[138.438,34.65],[138.375,34.65],[138.375,34.7],[138.375,34.75]],[[139.438,34.75],[139.5,34.75],[139.5,34.7],[139.438,34.7],[139.438,34.75]],[[134.438,34.7],[134.5,34.7],[134.562,34.7],[134.625,34.7],[134.625,34.65],[134.562,34.65],[134.562,34.6],[134.5,34.6],[134.438,34.6],[134.438,34.65],[134.438,34.7]],[[135.938,34.7],[136,34.7],[136,34.65],[135.938,34.65],[135.938,34.7]],[[139.312,34.7],[139.375,34.7],[139.375,34.65],[139.312,34.65],[139.312,34.7]],[[137.25,34.65],[137.312,34.65],[137.312,34.6],[137.25,34.6],[137.25,34.65]],[[136.125,34.6],[136.188,34.6],[136.25,34.6],[136.25,34.55],[136.188,34.55],[136.125,34.55],[136.125,34.6]],[[136.625,34.6],[136.688,34.6],[136.75,34.6],[136.75,34.55],[136.812,34.55],[136.875,34.55],[136.938,34.55],[136.938,34.6],[137,34.6],[137,34.55],[137,34.5],[136.938,34.5],[136.938,34.45],[136.938,34.4],[136.938,34.35],[136.938,34.3],[136.875,34.3],[136.812,34.3],[136.812,34.35],[136.75,34.35],[136.75,34.4],[136.688,34.4],[136.688,34.45],[136.625,34.45],[136.562,34.45],[136.5,34.45],[136.438,34.45],[136.375,34.45],[136.312,34.45],[136.25,34.45],[136.25,34.4],[136.312,34.4],[136.375,34.4],[136.438,34.4],[136.438,34.35],[136.5,34.35],[136.5,34.4],[136.5,34.45],[136.5,34.5],[136.562,34.5],[136.562,34.55],[136.625,34.55],[136.625,34.6]],[[140.125,34.6],[140.188,34.6],[140.188,34.55],[140.125,34.55],[140.125,34.6]],[[139.5,34.55],[139.562,34.55],[139.625,34.55],[139.688,34.55],[139.75,34.55],[139.75,34.5],[139.688,34.5],[139.625,34.5],[139.625,34.45],[139.562,34.45],[139.5,34.45],[139.438,34.45],[139.438,34.4],[139.375,34.4],[139.375,34.35],[139.312,34.35],[139.312,34.4],[139.312,34.45],[139.375,34.45],[139.375,34.5],[139.438,34.5],[139.5,34.5],[139.5,34.55]],[[139.812,34.55],[139.875,34.55],[139.875,34.5],[139.875,34.45],[139.875,34.4],[139.812,34.4],[139.812,34.45],[139.75,34.45],[139.75,34.5],[139.812,34.5],[139.812,34.55]],[[136.062,34.5],[136.125,34.5],[136.125,34.45],[136.062,34.45],[136.062,34.5]],[[138.75,34.5],[138.812,34.5],[138.875,34.5],[138.938,34.5],[139,34.5],[139.062,34.5],[139.125,34.5],[139.188,34.5],[139.25,34.5],[139.25,34.45],[139.25,34.4],[139.188,34.4],[139.188,34.45],[139.125,34.45],[139.062,34.45],[139,34.45],[138.938,34.45],[138.875,34.45],[138.812,34.45],[138.75,34.45],[138.688,34.45],[138.688,34.4],[138.688,34.35],[138.625,34.35],[138.562,34.35],[138.562,34.3],[138.625,34.3],[138.688,34.3],[138.688,34.35],[138.75,34.35],[138.75,34.4],[138.75,34.45],[138.75,34.5]],[[138.125,34.45],[138.188,34.45],[138.188,34.4],[138.125,34.4],[138.062,34.4],[138.062,34.35],[138.062,34.3],[138.125,34.3],[138.125,34.35],[138.125,34.4],[138.125,34.45]],[[136.062,34.35],[136.125,34.35],[136.188,34.35],[136.188,34.3],[136.125,34.3],[136.125,34.25],[136.125,34.2],[136.062,34.2],[136.062,34.25],[136.062,34.3],[136.062,34.35]],[[139.188,34.3],[139.25,34.3],[139.25,34.25],[139.188,34.25],[139.188,34.3]],[[139.625,34.25],[139.688,34.25],[139.688,34.2],[139.625,34.2],[139.625,34.25]],[[139.188,34.2],[139.25,34.2],[139.25,34.15],[139.188,34.15],[139.188,34.2]],[[139.875,34.2],[139.938,34.2],[139.938,34.15],[139.938,34.1],[139.938,34.05],[139.875,34.05],[139.875,34],[139.875,33.95],[139.875,33.9],[139.875,33.85],[139.875,33.8],[139.812,33.8],[139.812,33.75],[139.812,33.7],[139.75,33.7],[139.688,33.7],[139.625,33.7],[139.625,33.75],[139.562,33.75],[139.562,33.8],[139.5,33.8],[139.5,33.85],[139.5,33.9],[139.562,33.9],[139.562,33.95],[139.625,33.95],[139.625,33.9],[139.625,33.85],[139.562,33.85],[139.562,33.8],[139.625,33.8],[139.625,33.75],[139.688,33.75],[139.688,33.8],[139.75,33.8],[139.75,33.85],[139.75,33.9],[139.75,33.95],[139.75,34],[139.688,34],[139.625,34],[139.625,34.05],[139.688,34.05],[139.75,34.05],[139.75,34.1],[139.75,34.15],[139.812,34.15],[139.875,34.15],[139.875,34.2]],[[135.562,34.1],[135.625,34.1],[135.625,34.05],[135.562,34.05],[135.562,34.1]],[[139.438,34.1],[139.5,34.1],[139.5,34.05],[139.438,34.05],[139.438,34.1]],[[139.5,34.05],[139.562,34.05],[139.562,34],[139.5,34],[139.5,34.05]],[[135.875,34],[135.938,34],[135.938,33.95],[135.875,33.95],[135.875,34]],[[135.312,33.75],[135.375,33.75],[135.375,33.7],[135.312,33.7],[135.312,33.75]],[[135.688,33.7],[135.75,33.7],[135.812,33.7],[135.875,33.7],[135.938,33.7],[136,33.7],[136,33.65],[135.938,33.65],[135.875,33.65],[135.812,33.65],[135.812,33.6],[135.75,33.6],[135.688,33.6],[135.625,33.6],[135.562,33.6],[135.562,33.55],[135.5,33.55],[135.5,33.6],[135.438,33.6],[135.375,33.6],[135.375,33.55],[135.438,33.55],[135.438,33.5],[135.5,33.5],[135.562,33.5],[135.625,33.5],[135.625,33.55],[135.625,33.6],[135.625,33.65],[135.688,33.65],[135.688,33.7]],[[136.562,33.6],[136.625,33.6],[136.625,33.55],[136.562,33.55],[136.562,33.6]],[[136.438,33.55],[136.5,33.55],[136.5,33.5],[136.438,33.5],[136.438,33.55]],[[135.625,33.5],[135.688,33.5],[135.75,33.5],[135.812,33.5],[135.875,33.5],[135.875,33.45],[135.875,33.4],[135.812,33.4],[135.812,33.45],[135.75,33.45],[135.688,33.45],[135.625,33.45],[135.625,33.5]],[[136.312,33.5],[136.375,33.5],[136.375,33.45],[136.312,33.45],[136.312,33.5]],[[136.188,33.45],[136.25,33.45],[136.25,33.4],[136.188,33.4],[136.188,33.45]],[[136,33.4],[136.062,33.4],[136.062,33.35],[136,33.35],[136,33.4]],[[135.875,33.35],[135.938,33.35],[135.938,33.3],[135.875,33.3],[135.875,33.35]],[[135.75,33.3],[135.812,33.3],[135.812,33.25],[135.75,33.25],[135.75,33.3]],[[139.812,33.3],[139.875,33.3],[139.875,33.25],[139.938,33.25],[139.938,33.2],[139.875,33.2],[139.875,33.15],[139.812,33.15],[139.812,33.2],[139.812,33.25],[139.812,33.3]],[[135.562,33.25],[135.625,33.25],[135.625,33.2],[135.562,33.2],[135.562,33.25]],[[135.188,33.2],[135.25,33.2],[135.312,33.2],[135.375,33.2],[135.375,33.15],[135.312,33.15],[135.25,33.15],[135.188,33.15],[135.188,33.2]],[[139.75,33.1],[139.812,33.1],[139.812,33.05],[139.75,33.05],[139.75,33.1]],[[134.5,33.05],[134.562,33.05],[134.625,33.05],[134.625,33],[134.562,33],[134.5,33],[134.5,33.05]],[[134.375,33],[134.438,33],[134.438,32.95],[134.375,32.95],[134.312,32.95],[134.312,32.9],[134.375,32.9],[134.375,32.95],[134.375,33]],[[130.438,32.45],[130.5,32.45],[130.5,32.4],[130.438,32.4],[130.438,32.45]],[[131.125,32.35],[131.188,32.35],[131.25,32.35],[131.312,32.35],[131.312,32.3],[131.375,32.3],[131.375,32.25],[131.312,32.25],[131.25,32.25],[131.25,32.3],[131.188,32.3],[131.125,32.3],[131.125,32.35]],[[131.188,32.2],[131.25,32.2],[131.312,32.2],[131.312,32.15],[131.25,32.15],[131.25,32.1],[131.188,32.1],[131.188,32.15],[131.188,32.2]],[[131.875,32.15],[131.938,32.15],[131.938,32.1],[132,32.1],[132.062,32.1],[132.125,32.1],[132.125,32.05],[132.125,32],[132.062,32],[132,32],[132,31.95],[132.062,31.95],[132.062,32],[132.062,32.05],[132,32.05],[131.938,32.05],[131.875,32.05],[131.812,32.05],[131.75,32.05],[131.75,32.1],[131.812,32.1],[131.875,32.1],[131.875,32.15]],[[131.625,32.05],[131.688,32.05],[131.688,32],[131.625,32],[131.625,32.05]],[[131.938,31.9],[132,31.9],[132,31.85],[132.062,31.85],[132.125,31.85],[132.125,31.8],[132.125,31.75],[132.062,31.75],[132,31.75],[131.938,31.75],[131.875,31.75],[131.875,31.7],[131.938,31.7],[131.938,31.75],[131.938,31.8],[131.938,31.85],[131.938,31.9]],[[131.688,31.85],[131.75,31.85],[131.75,31.8],[131.688,31.8],[131.688,31.85]],[[131.75,31.75],[131.812,31.75],[131.812,31.7],[131.75,31.7],[131.75,31.75]],[[131,30.6],[131.062,30.6],[131.062,30.55],[131,30.55],[131,30.6]],[[130.5,30.4],[130.562,30.4],[130.562,30.35],[130.5,30.35],[130.5,30.4]]]},"properties":{"level":"15<=mm<20"}},{"type":"Feature","geometry":{"type":"Polygon","coordinates":[[[141.188,40.3],[141.25,40.3],[141.312,40.3],[141.375,40.3],[141.375,40.25],[141.375,40.2],[141.375,40.15],[141.312,40.15],[141.312,40.1],[141.375,40.1],[141.375,40.05],[141.312,40.05],[141.25,40.05],[141.25,40],[141.188,40],[141.188,40.05],[141.125,40.05],[141.125,40.1],[141.188,40.1],[141.25,40.1],[141.25,40.15],[141.188,40.15],[141.125,40.15],[141.125,40.2],[141.125,40.25],[141.188,40.25],[141.188,40.3]],[[141.75,40.3],[141.812,40.3],[141.812,40.25],[141.875,40.25],[141.875,40.2],[141.875,40.15],[141.812,40.15],[141.75,40.15],[141.75,40.2],[141.75,40.25],[141.75,40.3]],[[140.812,40.2],[140.875,40.2],[140.938,40.2],[141,40.2],[141,40.15],[141.062,40.15],[141.062,40.1],[141.062,40.05],[141,40.05],[140.938,40.05],[140.875,40.05],[140.875,40.1],[140.875,40.15],[140.812,40.15],[140.812,40.2]],[[141.625,40.1],[141.688,40.1],[141.75,40.1],[141.812,40.1],[141.812,40.05],[141.875,40.05],[141.938,40.05],[141.938,40],[141.938,39.95],[141.875,39.95],[141.875,40],[141.812,40],[141.75,40],[141.75,40.05],[141.688,40.05],[141.688,40],[141.625,40],[141.562,40],[141.562,39.95],[141.625,39.95],[141.625,40],[141.625,40.05],[141.625,40.1]],[[141.25,40],[141.312,40],[141.375,40],[141.375,39.95],[141.312,39.95],[141.25,39.95],[141.25,40]],[[140.812,39.9],[140.875,39.9],[140.875,39.85],[140.812,39.85],[140.75,39.85],[140.75,39.8],[140.812,39.8],[140.812,39.85],[140.812,39.9]],[[141.438,39.9],[141.5,39.9],[141.5,39.85],[141.562,39.85],[141.562,39.8],[141.5,39.8],[141.5,39.75],[141.438,39.75],[141.438,39.8],[141.438,39.85],[141.438,39.9]],[[140.875,39.85],[140.938,39.85],[140.938,39.8],[140.875,39.8],[140.875,39.85]],[[140.812,39.75],[140.875,39.75],[140.875,39.7],[140.812,39.7],[140.812,39.75]],[[141,39.75],[141.062,39.75],[141.062,39.7],[141,39.7],[140.938,39.7],[140.875,39.7],[140.875,39.65],[140.812,39.65],[140.75,39.65],[140.75,39.6],[140.812,39.6],[140.812,39.55],[140.812,39.5],[140.875,39.5],[140.938,39.5],[141,39.5],[141.062,39.5],[141.062,39.55],[141.062,39.6],[141,39.6],[141,39.65],[141,39.7],[141,39.75]],[[141.125,39.65],[141.188,39.65],[141.188,39.6],[141.125,39.6],[141.125,39.65]],[[142,39.6],[142.062,39.6],[142.125,39.6],[142.125,39.55],[142.125,39.5],[142.062,39.5],[142,39.5],[141.938,39.5],[141.875,39.5],[141.812,39.5],[141.812,39.45],[141.812,39.4],[141.75,39.4],[141.75,39.35],[141.75,39.3],[141.812,39.3],[141.875,39.3],[141.875,39.35],[141.875,39.4],[141.875,39.45],[141.875,39.5],[141.875,39.55],[141.938,39.55],[142,39.55],[142,39.6]],[[141.625,39.5],[141.688,39.5],[141.688,39.45],[141.688,39.4],[141.688,39.35],[141.625,39.35],[141.625,39.3],[141.625,39.25],[141.625,39.2],[141.562,39.2],[141.5,39.2],[141.5,39.25],[141.562,39.25],[141.562,39.3],[141.562,39.35],[141.562,39.4],[141.625,39.4],[141.625,39.45],[141.625,39.5]],[[140.75,39.45],[140.812,39.45],[140.812,39.4],[140.75,39.4],[140.75,39.45]],[[141,39.4],[141.062,39.4],[141.125,39.4],[141.125,39.35],[141.125,39.3],[141.062,39.3],[141.062,39.25],[141,39.25],[141,39.3],[140.938,39.3],[140.875,39.3],[140.812,39.3],[140.812,39.25],[140.75,39.25],[140.75,39.2],[140.75,39.15],[140.75,39.1],[140.812,39.1],[140.875,39.1],[140.875,39.15],[140.812,39.15],[140.812,39.2],[140.875,39.2],[140.875,39.25],[140.938,39.25],[140.938,39.3],[140.938,39.35],[141,39.35],[141,39.4]],[[140.688,39.35],[140.75,39.35],[140.75,39.3],[140.688,39.3],[140.688,39.35]],[[141.188,39.3],[141.25,39.3],[141.25,39.25],[141.188,39.25],[141.125,39.25],[141.125,39.2],[141.062,39.2],[141,39.2],[141,39.15],[141,39.1],[141.062,39.1],[141.062,39.15],[141.125,39.15],[141.125,39.2],[141.188,39.2],[141.188,39.25],[141.188,39.3]],[[141.375,39.2],[141.438,39.2],[141.438,39.15],[141.375,39.15],[141.375,39.2]],[[141.688,39.2],[141.75,39.2],[141.75,39.15],[141.75,39.1],[141.688,39.1],[141.688,39.05],[141.625,39.05],[141.625,39],[141.625,38.95],[141.562,38.95],[141.562,38.9],[141.5,38.9],[141.5,38.95],[141.438,38.95],[141.375,38.95],[141.375,38.9],[141.375,38.85],[141.312,38.85],[141.25,38.85],[141.25,38.8],[141.188,38.8],[141.188,38.75],[141.25,38.75],[141.312,38.75],[141.312,38.8],[141.375,38.8],[141.375,38.85],[141.438,38.85],[141.438,38.9],[141.438,38.95],[141.438,39],[141.438,39.05],[141.5,39.05],[141.562,39.05],[141.562,39.1],[141.625,39.1],[141.625,39.15],[141.688,39.15],[141.688,39.2]],[[141.938,39.15],[142,39.15],[142.062,39.15],[142.125,39.15],[142.125,39.1],[142.125,39.05],[142.125,39],[142.062,39],[142.062,38.95],[142.062,38.9],[142,38.9],[142,38.85],[141.938,38.85],[141.938,38.9],[141.938,38.95],[141.875,38.95],[141.812,38.95],[141.812,38.9],[141.75,38.9],[141.688,38.9],[141.688,38.85],[141.75,38.85],[141.75,38.9],[141.75,38.95],[141.75,39],[141.812,39],[141.875,39],[141.875,39.05],[141.938,39.05],[141.938,39.1],[141.938,39.15]],[[141.062,39.1],[141.125,39.1],[141.188,39.1],[141.188,39.05],[141.125,39.05],[141.062,39.05],[141.062,39.1]],[[140.625,38.95],[140.688,38.95],[140.688,38.9],[140.688,38.85],[140.688,38.8],[140.625,38.8],[140.625,38.75],[140.562,38.75],[140.562,38.8],[140.562,38.85],[140.5,38.85],[140.5,38.9],[140.562,38.9],[140.625,38.9],[140.625,38.95]],[[141,38.95],[141.062,38.95],[141.125,38.95],[141.125,38.9],[141.062,38.9],[141,38.9],[141,38.95]],[[141.812,38.85],[141.875,38.85],[141.875,38.8],[141.875,38.75],[141.875,38.7],[141.938,38.7],[142,38.7],[142.062,38.7],[142.062,38.65],[142.125,38.65],[142.125,38.6],[142.125,38.55],[142.062,38.55],[142,38.55],[141.938,38.55],[141.938,38.5],[141.875,38.5],[141.812,38.5],[141.812,38.45],[141.75,38.45],[141.688,38.45],[141.688,38.5],[141.688,38.55],[141.625,38.55],[141.625,38.6],[141.688,38.6],[141.688,38.65],[141.688,38.7],[141.688,38.75],[141.625,38.75],[141.625,38.8],[141.688,38.8],[141.75,38.8],[141.812,38.8],[141.812,38.85]],[[140.375,38.75],[140.438,38.75],[140.5,38.75],[140.5,38.7],[140.562,38.7],[140.562,38.65],[140.5,38.65],[140.5,38.6],[140.562,38.6],[140.562,38.55],[140.5,38.55],[140.5,38.5],[140.562,38.5],[140.562,38.45],[140.562,38.4],[140.5,38.4],[140.5,38.35],[140.5,38.3],[140.438,38.3],[140.438,38.25],[140.438,38.2],[140.438,38.15],[140.375,38.15],[140.375,38.1],[140.312,38.1],[140.25,38.1],[140.25,38.05],[140.25,38],[140.25,37.95],[140.25,37.9],[140.25,37.85],[140.25,37.8],[140.188,37.8],[140.125,37.8],[140.062,37.8],[140,37.8],[140,37.85],[140,37.9],[140,37.95],[140,38],[140.062,38],[140.062,38.05],[140.125,38.05],[140.125,38.1],[140.125,38.15],[140.188,38.15],[140.188,38.2],[140.188,38.25],[140.188,38.3],[140.125,38.3],[140.062,38.3],[140,38.3],[140,38.25],[139.938,38.25],[139.938,38.3],[139.875,38.3],[139.875,38.35],[139.875,38.4],[139.875,38.45],[139.875,38.5],[139.938,38.5],[139.938,38.55],[140,38.55],[140.062,38.55],[140.125,38.55],[140.188,38.55],[140.188,38.6],[140.25,38.6],[140.25,38.65],[140.312,38.65],[140.312,38.7],[140.375,38.7],[140.375,38.75]],[[139.688,38.25],[139.75,38.25],[139.812,38.25],[139.812,38.2],[139.812,38.15],[139.812,38.1],[139.812,38.05],[139.812,38],[139.875,38],[139.875,37.95],[139.812,37.95],[139.812,37.9],[139.812,37.85],[139.75,37.85],[139.688,37.85],[139.625,37.85],[139.625,37.9],[139.625,37.95],[139.625,38],[139.625,38.05],[139.625,38.1],[139.625,38.15],[139.688,38.15],[139.688,38.2],[139.688,38.25]],[[139.375,38.15],[139.438,38.15],[139.438,38.1],[139.375,38.1],[139.375,38.15]],[[139.312,38],[139.375,38],[139.375,37.95],[139.312,37.95],[139.25,37.95],[139.25,37.9],[139.312,37.9],[139.312,37.95],[139.312,38]],[[139.062,37.75],[139.125,37.75],[139.125,37.7],[139.188,37.7],[139.188,37.65],[139.188,37.6],[139.125,37.6],[139.125,37.65],[139.062,37.65],[139.062,37.7],[139.062,37.75]],[[138.938,37.7],[139,37.7],[139,37.65],[138.938,37.65],[138.938,37.7]],[[139.312,37.7],[139.375,37.7],[139.375,37.65],[139.312,37.65],[139.312,37.7]],[[139.438,37.65],[139.5,37.65],[139.5,37.6],[139.438,37.6],[139.438,37.65]],[[138.875,37.6],[138.938,37.6],[139,37.6],[139,37.55],[138.938,37.55],[138.875,37.55],[138.875,37.6]],[[137.125,37.55],[137.188,37.55],[137.25,37.55],[137.312,37.55],[137.375,37.55],[137.375,37.5],[137.375,37.45],[137.375,37.4],[137.312,37.4],[137.312,37.35],[137.312,37.3],[137.25,37.3],[137.25,37.25],[137.188,37.25],[137.125,37.25],[137.125,37.3],[137.062,37.3],[137.062,37.35],[137.125,37.35],[137.125,37.4],[137.125,37.45],[137.062,37.45],[137.062,37.5],[137.125,37.5],[137.125,37.55]],[[138.688,37.5],[138.75,37.5],[138.75,37.45],[138.688,37.45],[138.688,37.5]],[[138.812,37.45],[138.875,37.45],[138.938,37.45],[138.938,37.4],[138.875,37.4],[138.812,37.4],[138.812,37.45]],[[139.188,37.45],[139.25,37.45],[139.25,37.4],[139.25,37.35],[139.312,37.35],[139.312,37.3],[139.375,37.3],[139.375,37.25],[139.375,37.2],[139.312,37.2],[139.312,37.15],[139.25,37.15],[139.25,37.1],[139.188,37.1],[139.188,37.15],[139.188,37.2],[139.125,37.2],[139.125,37.25],[139.125,37.3],[139.188,37.3],[139.188,37.35],[139.188,37.4],[139.188,37.45]],[[138.875,37.3],[138.938,37.3],[138.938,37.25],[138.938,37.2],[138.875,37.2],[138.812,37.2],[138.812,37.15],[138.812,37.1],[138.75,37.1],[138.688,37.1],[138.688,37.15],[138.75,37.15],[138.75,37.2],[138.75,37.25],[138.812,37.25],[138.875,37.25],[138.875,37.3]],[[138.562,37.2],[138.625,37.2],[138.625,37.15],[138.562,37.15],[138.562,37.2]],[[139.062,37.1],[139.125,37.1],[139.125,37.05],[139.188,37.05],[139.188,37],[139.25,37],[139.25,36.95],[139.25,36.9],[139.312,36.9],[139.312,36.85],[139.312,36.8],[139.312,36.75],[139.312,36.7],[139.312,36.65],[139.312,36.6],[139.375,36.6],[139.438,36.6],[139.438,36.55],[139.375,36.55],[139.375,36.5],[139.312,36.5],[139.312,36.55],[139.25,36.55],[139.25,36.6],[139.25,36.65],[139.25,36.7],[139.25,36.75],[139.188,36.75],[139.188,36.8],[139.125,36.8],[139.125,36.85],[139.125,36.9],[139.125,36.95],[139.062,36.95],[139.062,37],[139.062,37.05],[139.062,37.1]],[[136.812,36.95],[136.875,36.95],[136.875,36.9],[136.938,36.9],[136.938,36.85],[136.875,36.85],[136.875,36.8],[136.812,36.8],[136.75,36.8],[136.75,36.75],[136.688,36.75],[136.688,36.8],[136.688,36.85],[136.75,36.85],[136.75,36.9],[136.812,36.9],[136.812,36.95]],[[137.875,36.9],[137.938,36.9],[138,36.9],[138,36.85],[137.938,36.85],[137.938,36.8],[137.938,36.75],[137.875,36.75],[137.875,36.8],[137.875,36.85],[137.875,36.9]],[[138,36.85],[138.062,36.85],[138.125,36.85],[138.125,36.8],[138.125,36.75],[138.125,36.7],[138.062,36.7],[138,36.7],[138,36.75],[138,36.8],[138,36.85]],[[137.75,36.75],[137.812,36.75],[137.812,36.7],[137.75,36.7],[137.75,36.75]],[[138.5,36.75],[138.562,36.75],[138.625,36.75],[138.688,36.75],[138.75,36.75],[138.812,36.75],[138.875,36.75],[138.875,36.7],[138.938,36.7],[139,36.7],[139,36.65],[139,36.6],[138.938,36.6],[138.938,36.65],[138.875,36.65],[138.812,36.65],[138.75,36.65],[138.688,36.65],[138.688,36.6],[138.625,36.6],[138.625,36.55],[138.625,36.5],[138.562,36.5],[138.562,36.45],[138.5,36.45],[138.5,36.4],[138.438,36.4],[138.375,36.4],[138.375,36.45],[138.375,36.5],[138.312,36.5],[138.312,36.55],[138.375,36.55],[138.375,36.6],[138.438,36.6],[138.438,36.65],[138.5,36.65],[138.5,36.7],[138.5,36.75]],[[137.688,36.6],[137.75,36.6],[137.812,36.6],[137.812,36.55],[137.75,36.55],[137.75,36.5],[137.812,36.5],[137.875,36.5],[137.875,36.45],[137.875,36.4],[137.812,36.4],[137.812,36.35],[137.75,36.35],[137.688,36.35],[137.688,36.4],[137.625,36.4],[137.562,36.4],[137.562,36.45],[137.625,36.45],[137.625,36.5],[137.625,36.55],[137.688,36.55],[137.688,36.6]],[[137.938,36.5],[138,36.5],[138,36.45],[137.938,36.45],[137.938,36.5]],[[138.688,36.5],[138.75,36.5],[138.812,36.5],[138.875,36.5],[138.938,36.5],[138.938,36.45],[139,36.45],[139.062,36.45],[139.062,36.4],[139.062,36.35],[139.125,36.35],[139.125,36.3],[139.188,36.3],[139.25,36.3],[139.25,36.25],[139.188,36.25],[139.125,36.25],[139.062,36.25],[139,36.25],[139,36.3],[138.938,36.3],[138.875,36.3],[138.812,36.3],[138.75,36.3],[138.688,36.3],[138.688,36.25],[138.625,36.25],[138.625,36.2],[138.625,36.15],[138.625,36.1],[138.562,36.1],[138.562,36.15],[138.562,36.2],[138.562,36.25],[138.562,36.3],[138.625,36.3],[138.625,36.35],[138.625,36.4],[138.625,36.45],[138.688,36.45],[138.688,36.5]],[[136.75,36.45],[136.812,36.45],[136.812,36.4],[136.812,36.35],[136.812,36.3],[136.875,36.3],[136.875,36.25],[136.875,36.2],[136.812,36.2],[136.812,36.15],[136.812,36.1],[136.812,36.05],[136.875,36.05],[136.938,36.05],[136.938,36],[137,36],[137.062,36],[137.125,36],[137.125,36.05],[137.188,36.05],[137.25,36.05],[137.25,36],[137.312,36],[137.375,36],[137.375,35.95],[137.438,35.95],[137.5,35.95],[137.5,35.9],[137.5,35.85],[137.438,35.85],[137.375,35.85],[137.375,35.8],[137.438,35.8],[137.438,35.75],[137.5,35.75],[137.5,35.7],[137.562,35.7],[137.562,35.65],[137.5,35.65],[137.438,35.65],[137.375,35.65],[137.312,35.65],[137.312,35.7],[137.312,35.75],[137.312,35.8],[137.312,35.85],[137.25,35.85],[137.25,35.8],[137.188,35.8],[137.188,35.75],[137.125,35.75],[137.125,35.7],[137.062,35.7],[137.062,35.75],[137,35.75],[137,35.7],[136.938,35.7],[136.875,35.7],[136.875,35.65],[136.812,35.65],[136.812,35.6],[136.875,35.6],[136.875,35.55],[136.875,35.5],[136.812,35.5],[136.812,35.45],[136.812,35.4],[136.812,35.35],[136.75,35.35],[136.75,35.3],[136.688,35.3],[136.688,35.25],[136.688,35.2],[136.688,35.15],[136.625,35.15],[136.625,35.1],[136.625,35.05],[136.562,35.05],[136.5,35.05],[136.438,35.05],[136.375,35.05],[136.375,35.1],[136.438,35.1],[136.438,35.15],[136.375,35.15],[136.375,35.2],[136.375,35.25],[136.375,35.3],[136.375,35.35],[136.375,35.4],[136.375,35.45],[136.375,35.5],[136.375,35.55],[136.375,35.6],[136.312,35.6],[136.25,35.6],[136.25,35.65],[136.25,35.7],[136.312,35.7],[136.312,35.75],[136.25,35.75],[136.188,35.75],[136.125,35.75],[136.125,35.8],[136.062,35.8],[136.062,35.75],[136.062,35.7],[136.125,35.7],[136.125,35.65],[136.188,35.65],[136.188,35.7],[136.188,35.75],[136.188,35.8],[136.188,35.85],[136.188,35.9],[136.188,35.95],[136.188,36],[136.25,36],[136.312,36],[136.312,36.05],[136.312,36.1],[136.312,36.15],[136.312,36.2],[136.312,36.25],[136.375,36.25],[136.375,36.2],[136.438,36.2],[136.5,36.2],[136.5,36.25],[136.5,36.3],[136.562,36.3],[136.625,36.3],[136.625,36.35],[136.688,36.35],[136.75,36.35],[136.75,36.4],[136.75,36.45]],[[136.75,36.25],[136.688,36.25],[136.688,36.2],[136.75,36.2],[136.75,36.25]],[[137.562,36.25],[137.625,36.25],[137.625,36.2],[137.625,36.15],[137.688,36.15],[137.688,36.1],[137.625,36.1],[137.625,36.05],[137.688,36.05],[137.688,36.1],[137.75,36.1],[137.75,36.15],[137.812,36.15],[137.812,36.1],[137.75,36.1],[137.75,36.05],[137.75,36],[137.688,36],[137.625,36],[137.562,36],[137.562,36.05],[137.562,36.1],[137.5,36.1],[137.5,36.15],[137.562,36.15],[137.562,36.2],[137.562,36.25]],[[139.375,36.25],[139.438,36.25],[139.438,36.2],[139.375,36.2],[139.375,36.25]],[[139.562,36.25],[139.625,36.25],[139.625,36.2],[139.688,36.2],[139.688,36.15],[139.688,36.1],[139.688,36.05],[139.625,36.05],[139.625,36.1],[139.562,36.1],[139.5,36.1],[139.5,36.15],[139.5,36.2],[139.562,36.2],[139.562,36.25]],[[136.562,36.15],[136.5,36.15],[136.5,36.1],[136.562,36.1],[136.562,36.15]],[[138.188,36.15],[138.25,36.15],[138.25,36.1],[138.188,36.1],[138.188,36.15]],[[136.75,36.1],[136.688,36.1],[136.688,36.05],[136.75,36.05],[136.75,36.1]],[[137.812,36.1],[137.875,36.1],[137.875,36.05],[137.938,36.05],[137.938,36],[137.875,36],[137.812,36],[137.812,36.05],[137.812,36.1]],[[138,36.1],[138.062,36.1],[138.062,36.05],[138.125,36.05],[138.188,36.05],[138.188,36],[138.25,36],[138.25,35.95],[138.312,35.95],[138.312,35.9],[138.312,35.85],[138.312,35.8],[138.375,35.8],[138.375,35.75],[138.438,35.75],[138.5,35.75],[138.562,35.75],[138.562,35.7],[138.625,35.7],[138.688,35.7],[138.688,35.65],[138.75,35.65],[138.812,35.65],[138.812,35.7],[138.812,35.75],[138.812,35.8],[138.812,35.85],[138.75,35.85],[138.75,35.9],[138.688,35.9],[138.688,35.95],[138.688,36],[138.625,36],[138.625,36.05],[138.688,36.05],[138.75,36.05],[138.812,36.05],[138.875,36.05],[138.938,36.05],[139,36.05],[139,36],[139.062,36],[139.062,35.95],[139.125,35.95],[139.125,35.9],[139.062,35.9],[139.062,35.85],[139.125,35.85],[139.125,35.8],[139.188,35.8],[139.188,35.75],[139.188,35.7],[139.125,35.7],[139.062,35.7],[139.062,35.75],[139.062,35.8],[139,35.8],[139,35.75],[138.938,35.75],[138.938,35.7],[139,35.7],[139,35.65],[139,35.6],[139,35.55],[139,35.5],[138.938,35.5],[138.875,35.5],[138.875,35.45],[138.812,35.45],[138.812,35.4],[138.75,35.4],[138.688,35.4],[138.625,35.4],[138.625,35.45],[138.562,35.45],[138.5,35.45],[138.5,35.4],[138.5,35.35],[138.5,35.3],[138.438,35.3],[138.438,35.35],[138.375,35.35],[138.375,35.4],[138.312,35.4],[138.312,35.45],[138.312,35.5],[138.25,35.5],[138.25,35.45],[138.188,35.45],[138.188,35.4],[138.188,35.35],[138.25,35.35],[138.25,35.3],[138.188,35.3],[138.188,35.25],[138.125,35.25],[138.062,35.25],[138.062,35.2],[138,35.2],[138,35.25],[138,35.3],[138,35.35],[138.062,35.35],[138.125,35.35],[138.125,35.4],[138.125,35.45],[138.125,35.5],[138.125,35.55],[138.188,35.55],[138.188,35.6],[138.25,35.6],[138.25,35.65],[138.188,35.65],[138.188,35.7],[138.188,35.75],[138.125,35.75],[138.125,35.8],[138.125,35.85],[138.125,35.9],[138.125,35.95],[138.062,35.95],[138.062,36],[138,36],[138,36.05],[138,36.1]],[[139.375,36.1],[139.438,36.1],[139.438,36.05],[139.438,36],[139.375,36],[139.312,36],[139.25,36],[139.188,36],[139.188,36.05],[139.25,36.05],[139.312,36.05],[139.375,36.05],[139.375,36.1]],[[136.5,36.05],[136.438,36.05],[136.438,36],[136.5,36],[136.5,36.05]],[[136.625,36],[136.562,36],[136.562,35.95],[136.5,35.95],[136.438,35.95],[136.438,35.9],[136.438,35.85],[136.375,35.85],[136.375,35.8],[136.438,35.8],[136.5,35.8],[136.562,35.8],[136.625,35.8],[136.688,35.8],[136.688,35.85],[136.75,35.85],[136.812,35.85],[136.812,35.9],[136.75,35.9],[136.75,35.95],[136.688,35.95],[136.688,36],[136.625,36]],[[139.5,36],[139.562,36],[139.625,36],[139.688,36],[139.75,36],[139.812,36],[139.812,35.95],[139.75,35.95],[139.688,35.95],[139.688,35.9],[139.625,35.9],[139.625,35.85],[139.562,35.85],[139.5,35.85],[139.5,35.8],[139.438,35.8],[139.438,35.85],[139.438,35.9],[139.438,35.95],[139.5,35.95],[139.5,36]],[[138.438,35.95],[138.5,35.95],[138.562,35.95],[138.625,35.95],[138.625,35.9],[138.562,35.9],[138.5,35.9],[138.438,35.9],[138.438,35.95]],[[138.25,35.9],[138.188,35.9],[138.188,35.85],[138.25,35.85],[138.25,35.9]],[[138.938,35.9],[138.875,35.9],[138.875,35.85],[138.938,35.85],[138.938,35.9]],[[139.188,35.9],[139.25,35.9],[139.25,35.85],[139.188,35.85],[139.188,35.9]],[[139.812,35.9],[139.875,35.9],[139.875,35.85],[139.812,35.85],[139.812,35.9]],[[139.375,35.75],[139.438,35.75],[139.5,35.75],[139.5,35.7],[139.438,35.7],[139.375,35.7],[139.375,35.75]],[[139.812,35.75],[139.875,35.75],[139.875,35.7],[139.875,35.65],[139.812,35.65],[139.812,35.7],[139.812,35.75]],[[137.75,35.7],[137.812,35.7],[137.875,35.7],[137.875,35.65],[137.875,35.6],[137.812,35.6],[137.812,35.65],[137.75,35.65],[137.75,35.7]],[[139.25,35.7],[139.312,35.7],[139.312,35.65],[139.25,35.65],[139.25,35.7]],[[136.5,35.65],[136.438,35.65],[136.438,35.6],[136.5,35.6],[136.5,35.65]],[[140.812,35.65],[140.875,35.65],[140.875,35.6],[140.875,35.55],[140.812,35.55],[140.812,35.5],[140.812,35.45],[140.812,35.4],[140.75,35.4],[140.75,35.45],[140.688,35.45],[140.688,35.5],[140.688,35.55],[140.688,35.6],[140.75,35.6],[140.812,35.6],[140.812,35.65]],[[133,35.6],[133.062,35.6],[133.062,35.55],[133.062,35.5],[133.062,35.45],[133.125,35.45],[133.188,35.45],[133.188,35.4],[133.25,35.4],[133.25,35.45],[133.312,35.45],[133.375,35.45],[133.438,35.45],[133.5,35.45],[133.562,35.45],[133.625,35.45],[133.688,35.45],[133.75,35.45],[133.75,35.4],[133.688,35.4],[133.688,35.35],[133.625,35.35],[133.562,35.35],[133.5,35.35],[133.438,35.35],[133.375,35.35],[133.312,35.35],[133.25,35.35],[133.188,35.35],[133.125,35.35],[133.062,35.35],[133.062,35.3],[133,35.3],[133,35.35],[132.938,35.35],[132.875,35.35],[132.812,35.35],[132.812,35.4],[132.812,35.45],[132.875,35.45],[132.875,35.5],[132.938,35.5],[132.938,35.55],[133,35.55],[133,35.6]],[[135.438,35.6],[135.5,35.6],[135.562,35.6],[135.562,35.55],[135.625,35.55],[135.625,35.5],[135.688,35.5],[135.75,35.5],[135.75,35.45],[135.688,35.45],[135.688,35.4],[135.75,35.4],[135.75,35.45],[135.812,35.45],[135.812,35.5],[135.875,35.5],[135.875,35.45],[135.938,35.45],[135.938,35.4],[135.875,35.4],[135.875,35.35],[135.812,35.35],[135.75,35.35],[135.688,35.35],[135.625,35.35],[135.625,35.4],[135.562,35.4],[135.562,35.45],[135.5,35.45],[135.5,35.5],[135.5,35.55],[135.438,35.55],[135.438,35.6]],[[138.438,35.6],[138.375,35.6],[138.375,35.55],[138.375,35.5],[138.438,35.5],[138.5,35.5],[138.562,35.5],[138.562,35.55],[138.625,35.55],[138.625,35.6],[138.562,35.6],[138.5,35.6],[138.438,35.6]],[[139.812,35.6],[139.875,35.6],[139.875,35.55],[139.812,35.55],[139.812,35.6]],[[137.625,35.55],[137.688,35.55],[137.75,35.55],[137.75,35.5],[137.688,35.5],[137.688,35.45],[137.688,35.4],[137.625,35.4],[137.625,35.45],[137.625,35.5],[137.625,35.55]],[[133.812,35.5],[133.875,35.5],[133.875,35.45],[133.812,35.45],[133.812,35.5]],[[133.875,35.45],[133.938,35.45],[134,35.45],[134.062,35.45],[134.062,35.4],[134.062,35.35],[134,35.35],[133.938,35.35],[133.938,35.4],[133.875,35.4],[133.875,35.45]],[[133.25,35.3],[133.312,35.3],[133.375,35.3],[133.438,35.3],[133.438,35.25],[133.375,35.25],[133.312,35.25],[133.25,35.25],[133.25,35.3]],[[135.875,35.3],[135.938,35.3],[136,35.3],[136.062,35.3],[136.062,35.25],[136,35.25],[136,35.2],[135.938,35.2],[135.938,35.15],[135.875,35.15],[135.812,35.15],[135.812,35.2],[135.812,35.25],[135.875,35.25],[135.875,35.3]],[[137.875,35.3],[137.938,35.3],[137.938,35.25],[137.938,35.2],[137.875,35.2],[137.812,35.2],[137.75,35.2],[137.75,35.15],[137.812,35.15],[137.812,35.1],[137.75,35.1],[137.75,35.05],[137.688,35.05],[137.688,35.1],[137.688,35.15],[137.625,35.15],[137.625,35.2],[137.625,35.25],[137.562,35.25],[137.5,35.25],[137.5,35.2],[137.438,35.2],[137.438,35.15],[137.375,35.15],[137.375,35.1],[137.312,35.1],[137.312,35.15],[137.25,35.15],[137.25,35.1],[137.188,35.1],[137.188,35.15],[137.125,35.15],[137.125,35.2],[137.062,35.2],[137.062,35.15],[137.062,35.1],[137,35.1],[137,35.15],[137,35.2],[136.938,35.2],[136.938,35.25],[136.875,35.25],[136.812,35.25],[136.812,35.2],[136.75,35.2],[136.75,35.15],[136.688,35.15],[136.688,35.1],[136.688,35.05],[136.75,35.05],[136.75,35.1],[136.812,35.1],[136.812,35.05],[136.75,35.05],[136.75,35],[136.812,35],[136.812,34.95],[136.812,34.9],[136.75,34.9],[136.75,34.85],[136.75,34.8],[136.812,34.8],[136.812,34.75],[136.812,34.7],[136.875,34.7],[136.938,34.7],[136.938,34.75],[136.875,34.75],[136.875,34.8],[136.875,34.85],[136.875,34.9],[136.875,34.95],[136.938,34.95],[136.938,35],[137,35],[137.062,35],[137.062,34.95],[137.125,34.95],[137.188,34.95],[137.188,35],[137.25,35],[137.25,35.05],[137.312,35.05],[137.312,35],[137.312,34.95],[137.25,34.95],[137.25,34.9],[137.188,34.9],[137.188,34.85],[137.125,34.85],[137.125,34.8],[137.062,34.8],[137.062,34.75],[137,34.75],[137,34.7],[136.938,34.7],[136.938,34.65],[137,34.65],[137,34.6],[137,34.55],[137.062,34.55],[137.125,34.55],[137.188,34.55],[137.188,34.6],[137.25,34.6],[137.25,34.65],[137.312,34.65],[137.312,34.6],[137.375,34.6],[137.375,34.65],[137.438,34.65],[137.5,34.65],[137.562,34.65],[137.625,34.65],[137.688,34.65],[137.688,34.7],[137.75,34.7],[137.812,34.7],[137.812,34.75],[137.812,34.8],[137.75,34.8],[137.688,34.8],[137.625,34.8],[137.625,34.85],[137.625,34.9],[137.688,34.9],[137.75,34.9],[137.75,34.85],[137.812,34.85],[137.875,34.85],[137.875,34.8],[137.875,34.75],[137.938,34.75],[138,34.75],[138,34.7],[138,34.65],[138,34.6],[138.062,34.6],[138.125,34.6],[138.188,34.6],[138.188,34.55],[138.25,34.55],[138.312,34.55],[138.312,34.6],[138.375,34.6],[138.375,34.65],[138.375,34.7],[138.375,34.75],[138.438,34.75],[138.438,34.8],[138.438,34.85],[138.375,34.85],[138.375,34.9],[138.438,34.9],[138.438,34.95],[138.5,34.95],[138.562,34.95],[138.562,35],[138.562,35.05],[138.562,35.1],[138.562,35.15],[138.5,35.15],[138.438,35.15],[138.375,35.15],[138.312,35.15],[138.312,35.2],[138.375,35.2],[138.375,35.15],[138.375,35.1],[138.438,35.1],[138.5,35.1],[138.5,35.05],[138.438,35.05],[138.375,35.05],[138.375,35],[138.312,35],[138.312,35.05],[138.25,35.05],[138.188,35.05],[138.125,35.05],[138.125,35],[138.062,35],[138.062,34.95],[138.125,34.95],[138.125,35],[138.188,35],[138.188,34.95],[138.125,34.95],[138.125,34.9],[138.125,34.85],[138.062,34.85],[138.062,34.9],[138,34.9],[137.938,34.9],[137.875,34.9],[137.875,34.95],[137.875,35],[137.875,35.05],[137.875,35.1],[137.875,35.15],[137.875,35.2],[137.875,35.25],[137.875,35.3]],[[136.125,35.25],[136.188,35.25],[136.188,35.2],[136.188,35.15],[136.188,35.1],[136.125,35.1],[136.125,35.05],[136.062,35.05],[136,35.05],[135.938,35.05],[135.938,35.1],[136,35.1],[136,35.15],[136.062,35.15],[136.062,35.2],[136.125,35.2],[136.125,35.25]],[[136.5,35.25],[136.438,35.25],[136.438,35.2],[136.5,35.2],[136.5,35.25]],[[137.312,35.25],[137.375,35.25],[137.375,35.2],[137.312,35.2],[137.312,35.25]],[[139.188,35.25],[139.25,35.25],[139.25,35.2],[139.188,35.2],[139.188,35.25]],[[138.188,35.15],[138.25,35.15],[138.25,35.1],[138.188,35.1],[138.188,35.15]],[[133.188,35.1],[133.25,35.1],[133.312,35.1],[133.312,35.05],[133.25,35.05],[133.188,35.05],[133.188,35.1]],[[135.812,35.1],[135.875,35.1],[135.875,35.05],[135.812,35.05],[135.812,35.1]],[[137.5,35.1],[137.438,35.1],[137.438,35.05],[137.375,35.05],[137.375,35],[137.375,34.95],[137.375,34.9],[137.438,34.9],[137.5,34.9],[137.5,34.95],[137.438,34.95],[137.438,35],[137.5,35],[137.5,34.95],[137.562,34.95],[137.625,34.95],[137.688,34.95],[137.688,35],[137.625,35],[137.625,35.05],[137.562,35.05],[137.562,35.1],[137.5,35.1]],[[136.312,34.95],[136.375,34.95],[136.375,34.9],[136.375,34.85],[136.312,34.85],[136.312,34.8],[136.375,34.8],[136.375,34.75],[136.312,34.75],[136.312,34.7],[136.312,34.65],[136.25,34.65],[136.25,34.6],[136.188,34.6],[136.125,34.6],[136.125,34.55],[136.125,34.5],[136.062,34.5],[136.062,34.55],[136,34.55],[136,34.5],[135.938,34.5],[135.875,34.5],[135.875,34.55],[135.938,34.55],[135.938,34.6],[135.938,34.65],[136,34.65],[136,34.7],[136.062,34.7],[136.062,34.65],[136.125,34.65],[136.125,34.7],[136.188,34.7],[136.188,34.75],[136.188,34.8],[136.188,34.85],[136.125,34.85],[136.062,34.85],[136.062,34.9],[136.125,34.9],[136.188,34.9],[136.25,34.9],[136.312,34.9],[136.312,34.95]],[[133.25,34.9],[133.312,34.9],[133.312,34.85],[133.312,34.8],[133.312,34.75],[133.25,34.75],[133.188,34.75],[133.125,34.75],[133.125,34.8],[133.188,34.8],[133.188,34.85],[133.25,34.85],[133.25,34.9]],[[137.312,34.85],[137.25,34.85],[137.25,34.8],[137.312,34.8],[137.312,34.85]],[[137.125,34.75],[137.062,34.75],[137.062,34.7],[137.125,34.7],[137.188,34.7],[137.188,34.75],[137.125,34.75]],[[138.25,34.75],[138.188,34.75],[138.188,34.7],[138.188,34.65],[138.25,34.65],[138.312,34.65],[138.312,34.7],[138.312,34.75],[138.25,34.75]],[[140.312,34.75],[140.375,34.75],[140.375,34.7],[140.375,34.65],[140.375,34.6],[140.375,34.55],[140.375,34.5],[140.312,34.5],[140.25,34.5],[140.188,34.5],[140.125,34.5],[140.125,34.55],[140.188,34.55],[140.188,34.6],[140.188,34.65],[140.25,34.65],[140.312,34.65],[140.312,34.7],[140.312,34.75]],[[132.75,34.7],[132.812,34.7],[132.875,34.7],[132.938,34.7],[133,34.7],[133.062,34.7],[133.125,34.7],[133.125,34.65],[133.125,34.6],[133.125,34.55],[133.062,34.55],[133.062,34.5],[133,34.5],[132.938,34.5],[132.938,34.45],[132.938,34.4],[132.938,34.35],[132.875,34.35],[132.875,34.3],[132.875,34.25],[132.875,34.2],[132.812,34.2],[132.812,34.15],[132.75,34.15],[132.75,34.2],[132.688,34.2],[132.688,34.25],[132.688,34.3],[132.688,34.35],[132.688,34.4],[132.688,34.45],[132.688,34.5],[132.688,34.55],[132.688,34.6],[132.688,34.65],[132.75,34.65],[132.75,34.7]],[[136.562,34.7],[136.625,34.7],[136.625,34.65],[136.562,34.65],[136.562,34.7]],[[139.375,34.7],[139.438,34.7],[139.5,34.7],[139.5,34.65],[139.438,34.65],[139.375,34.65],[139.375,34.7]],[[133.438,34.55],[133.5,34.55],[133.5,34.5],[133.5,34.45],[133.5,34.4],[133.5,34.35],[133.438,34.35],[133.375,34.35],[133.312,34.35],[133.25,34.35],[133.188,34.35],[133.188,34.3],[133.125,34.3],[133.062,34.3],[133.062,34.25],[133.125,34.25],[133.188,34.25],[133.25,34.25],[133.25,34.3],[133.312,34.3],[133.375,34.3],[133.438,34.3],[133.438,34.35],[133.438,34.4],[133.438,34.45],[133.438,34.5],[133.438,34.55]],[[136.188,34.55],[136.25,34.55],[136.312,34.55],[136.375,34.55],[136.438,34.55],[136.5,34.55],[136.562,34.55],[136.562,34.5],[136.5,34.5],[136.5,34.45],[136.438,34.45],[136.375,34.45],[136.312,34.45],[136.25,34.45],[136.25,34.4],[136.188,34.4],[136.188,34.35],[136.125,34.35],[136.062,34.35],[136.062,34.4],[136.125,34.4],[136.125,34.45],[136.188,34.45],[136.188,34.5],[136.188,34.55]],[[138.188,34.5],[138.25,34.5],[138.25,34.45],[138.188,34.45],[138.188,34.5]],[[139.625,34.5],[139.688,34.5],[139.75,34.5],[139.75,34.45],[139.812,34.45],[139.812,34.4],[139.875,34.4],[139.875,34.35],[139.875,34.3],[139.938,34.3],[140,34.3],[140.062,34.3],[140.125,34.3],[140.125,34.25],[140.125,34.2],[140.125,34.15],[140.125,34.1],[140.125,34.05],[140.125,34],[140.125,33.95],[140.125,33.9],[140.062,33.9],[140,33.9],[140,33.85],[140,33.8],[139.938,33.8],[139.938,33.75],[139.938,33.7],[139.875,33.7],[139.875,33.65],[139.875,33.6],[139.812,33.6],[139.75,33.6],[139.688,33.6],[139.688,33.55],[139.688,33.5],[139.625,33.5],[139.625,33.45],[139.625,33.4],[139.625,33.35],[139.562,33.35],[139.5,33.35],[139.438,33.35],[139.375,33.35],[139.375,33.4],[139.375,33.45],[139.375,33.5],[139.312,33.5],[139.25,33.5],[139.188,33.5],[139.125,33.5],[139.125,33.55],[139.125,33.6],[139.125,33.65],[139.125,33.7],[139.062,33.7],[139.062,33.75],[139.125,33.75],[139.125,33.8],[139.188,33.8],[139.25,33.8],[139.25,33.85],[139.312,33.85],[139.312,33.9],[139.312,33.95],[139.312,34],[139.312,34.05],[139.312,34.1],[139.25,34.1],[139.188,34.1],[139.125,34.1],[139.125,34.15],[139.125,34.2],[139.062,34.2],[139.062,34.25],[139.125,34.25],[139.125,34.3],[139.125,34.35],[139.188,34.35],[139.188,34.3],[139.188,34.25],[139.25,34.25],[139.25,34.3],[139.312,34.3],[139.312,34.35],[139.375,34.35],[139.375,34.4],[139.438,34.4],[139.438,34.45],[139.5,34.45],[139.562,34.45],[139.625,34.45],[139.625,34.5]],[[135.875,34.45],[135.938,34.45],[135.938,34.4],[135.875,34.4],[135.875,34.45]],[[138.062,34.45],[138.125,34.45],[138.125,34.4],[138.062,34.4],[138,34.4],[138,34.35],[137.938,34.35],[137.938,34.3],[138,34.3],[138.062,34.3],[138.062,34.35],[138.062,34.4],[138.062,34.45]],[[138.75,34.45],[138.812,34.45],[138.812,34.4],[138.812,34.35],[138.75,34.35],[138.688,34.35],[138.688,34.3],[138.625,34.3],[138.625,34.25],[138.688,34.25],[138.688,34.3],[138.75,34.3],[138.75,34.35],[138.75,34.4],[138.75,34.45]],[[139.625,34.4],[139.562,34.4],[139.562,34.35],[139.625,34.35],[139.688,34.35],[139.688,34.3],[139.75,34.3],[139.75,34.25],[139.688,34.25],[139.625,34.25],[139.625,34.2],[139.688,34.2],[139.688,34.15],[139.688,34.1],[139.75,34.1],[139.75,34.05],[139.688,34.05],[139.625,34.05],[139.625,34.1],[139.625,34.15],[139.562,34.15],[139.5,34.15],[139.438,34.15],[139.438,34.1],[139.438,34.05],[139.5,34.05],[139.5,34],[139.562,34],[139.562,33.95],[139.562,33.9],[139.5,33.9],[139.5,33.85],[139.5,33.8],[139.562,33.8],[139.562,33.75],[139.625,33.75],[139.625,33.7],[139.688,33.7],[139.75,33.7],[139.812,33.7],[139.812,33.75],[139.812,33.8],[139.875,33.8],[139.875,33.85],[139.875,33.9],[139.875,33.95],[139.875,34],[139.875,34.05],[139.938,34.05],[139.938,34.1],[139.938,34.15],[139.938,34.2],[139.875,34.2],[139.875,34.15],[139.812,34.15],[139.812,34.2],[139.812,34.25],[139.812,34.3],[139.812,34.35],[139.75,34.35],[139.75,34.4],[139.688,34.4],[139.625,34.4]],[[135.625,34.35],[135.688,34.35],[135.688,34.3],[135.625,34.3],[135.625,34.35]],[[135.812,34.35],[135.875,34.35],[135.875,34.3],[135.812,34.3],[135.812,34.35]],[[135.25,34.3],[135.312,34.3],[135.312,34.25],[135.25,34.25],[135.25,34.3]],[[136,34.25],[136.062,34.25],[136.062,34.2],[136.062,34.15],[136.062,34.1],[136.062,34.05],[136,34.05],[136,34],[135.938,34],[135.875,34],[135.875,34.05],[135.875,34.1],[135.875,34.15],[135.938,34.15],[135.938,34.2],[136,34.2],[136,34.25]],[[139.25,34.2],[139.188,34.2],[139.188,34.15],[139.25,34.15],[139.25,34.2]],[[134,34.15],[134.062,34.15],[134.125,34.15],[134.125,34.1],[134.062,34.1],[134,34.1],[134,34.15]],[[135.688,34.15],[135.75,34.15],[135.75,34.1],[135.688,34.1],[135.625,34.1],[135.625,34.05],[135.688,34.05],[135.688,34.1],[135.688,34.15]],[[133.75,34.1],[133.812,34.1],[133.875,34.1],[133.875,34.05],[133.875,34],[133.812,34],[133.75,34],[133.75,33.95],[133.688,33.95],[133.625,33.95],[133.625,34],[133.688,34],[133.688,34.05],[133.75,34.05],[133.75,34.1]],[[134.188,34],[134.25,34],[134.312,34],[134.312,33.95],[134.375,33.95],[134.375,33.9],[134.312,33.9],[134.25,33.9],[134.25,33.95],[134.188,33.95],[134.188,34]],[[134.625,34],[134.688,34],[134.688,33.95],[134.625,33.95],[134.562,33.95],[134.562,33.9],[134.5,33.9],[134.438,33.9],[134.438,33.85],[134.5,33.85],[134.5,33.8],[134.438,33.8],[134.375,33.8],[134.312,33.8],[134.312,33.75],[134.375,33.75],[134.438,33.75],[134.5,33.75],[134.5,33.8],[134.562,33.8],[134.562,33.75],[134.625,33.75],[134.625,33.8],[134.688,33.8],[134.75,33.8],[134.75,33.85],[134.75,33.9],[134.688,33.9],[134.688,33.85],[134.625,33.85],[134.562,33.85],[134.562,33.9],[134.625,33.9],[134.625,33.95],[134.625,34]],[[135.125,33.95],[135.188,33.95],[135.188,33.9],[135.188,33.85],[135.25,33.85],[135.312,33.85],[135.375,33.85],[135.375,33.8],[135.375,33.75],[135.312,33.75],[135.25,33.75],[135.188,33.75],[135.188,33.8],[135.125,33.8],[135.125,33.85],[135.062,33.85],[135,33.85],[135,33.9],[135.062,33.9],[135.125,33.9],[135.125,33.95]],[[135.812,33.95],[135.875,33.95],[135.875,33.9],[135.812,33.9],[135.812,33.95]],[[136.625,33.95],[136.688,33.95],[136.688,33.9],[136.625,33.9],[136.562,33.9],[136.562,33.85],[136.5,33.85],[136.5,33.8],[136.438,33.8],[136.375,33.8],[136.312,33.8],[136.312,33.75],[136.25,33.75],[136.188,33.75],[136.188,33.7],[136.188,33.65],[136.125,33.65],[136.062,33.65],[136.062,33.7],[136,33.7],[136,33.65],[136,33.6],[136,33.55],[135.938,33.55],[135.938,33.5],[136,33.5],[136,33.45],[136,33.4],[135.938,33.4],[135.938,33.35],[136,33.35],[136,33.4],[136.062,33.4],[136.125,33.4],[136.188,33.4],[136.188,33.45],[136.25,33.45],[136.312,33.45],[136.312,33.5],[136.375,33.5],[136.438,33.5],[136.438,33.55],[136.5,33.55],[136.562,33.55],[136.562,33.6],[136.625,33.6],[136.625,33.65],[136.625,33.7],[136.625,33.75],[136.625,33.8],[136.625,33.85],[136.625,33.9],[136.625,33.95]],[[139.625,33.9],[139.688,33.9],[139.688,33.85],[139.625,33.85],[139.625,33.9]],[[135.688,33.8],[135.75,33.8],[135.812,33.8],[135.875,33.8],[135.875,33.75],[135.938,33.75],[135.938,33.7],[135.875,33.7],[135.812,33.7],[135.75,33.7],[135.688,33.7],[135.688,33.65],[135.625,33.65],[135.625,33.6],[135.562,33.6],[135.562,33.55],[135.5,33.55],[135.5,33.6],[135.438,33.6],[135.375,33.6],[135.375,33.65],[135.312,33.65],[135.312,33.7],[135.375,33.7],[135.375,33.75],[135.438,33.75],[135.5,33.75],[135.562,33.75],[135.625,33.75],[135.688,33.75],[135.688,33.8]],[[134.062,33.7],[134.125,33.7],[134.125,33.65],[134.062,33.65],[134.062,33.7]],[[134.25,33.7],[134.312,33.7],[134.312,33.65],[134.375,33.65],[134.375,33.6],[134.375,33.55],[134.375,33.5],[134.312,33.5],[134.312,33.55],[134.25,33.55],[134.25,33.6],[134.25,33.65],[134.25,33.7]],[[135.438,33.7],[135.375,33.7],[135.375,33.65],[135.438,33.65],[135.438,33.7]],[[139.438,33.7],[139.375,33.7],[139.375,33.65],[139.375,33.6],[139.438,33.6],[139.5,33.6],[139.5,33.65],[139.5,33.7],[139.438,33.7]],[[135.562,33.5],[135.625,33.5],[135.625,33.45],[135.562,33.45],[135.562,33.5]],[[140.25,33.5],[140.312,33.5],[140.375,33.5],[140.375,33.45],[140.375,33.4],[140.375,33.35],[140.375,33.3],[140.312,33.3],[140.312,33.25],[140.312,33.2],[140.25,33.2],[140.188,33.2],[140.188,33.25],[140.188,33.3],[140.188,33.35],[140.125,33.35],[140.125,33.3],[140.062,33.3],[140.062,33.25],[140.125,33.25],[140.125,33.2],[140.062,33.2],[140.062,33.15],[140,33.15],[140,33.1],[139.938,33.1],[139.875,33.1],[139.875,33.05],[139.875,33],[139.812,33],[139.812,33.05],[139.812,33.1],[139.75,33.1],[139.688,33.1],[139.625,33.1],[139.625,33.15],[139.688,33.15],[139.688,33.2],[139.75,33.2],[139.75,33.25],[139.75,33.3],[139.812,33.3],[139.812,33.35],[139.812,33.4],[139.875,33.4],[139.938,33.4],[139.938,33.45],[140,33.45],[140.062,33.45],[140.125,33.45],[140.188,33.45],[140.25,33.45],[140.25,33.5]],[[135.75,33.45],[135.812,33.45],[135.812,33.4],[135.75,33.4],[135.75,33.45]],[[134.938,33.4],[135,33.4],[135.062,33.4],[135.125,33.4],[135.188,33.4],[135.25,33.4],[135.312,33.4],[135.312,33.35],[135.25,33.35],[135.25,33.3],[135.188,33.3],[135.188,33.25],[135.188,33.2],[135.188,33.15],[135.125,33.15],[135.125,33.2],[135.125,33.25],[135.125,33.3],[135.062,33.3],[135,33.3],[134.938,33.3],[134.875,33.3],[134.875,33.35],[134.938,33.35],[134.938,33.4]],[[140.25,33.4],[140.188,33.4],[140.188,33.35],[140.25,33.35],[140.25,33.4]],[[135.812,33.35],[135.875,33.35],[135.875,33.3],[135.812,33.3],[135.812,33.35]],[[135.688,33.3],[135.75,33.3],[135.75,33.25],[135.688,33.25],[135.688,33.3]],[[139.875,33.3],[139.812,33.3],[139.812,33.25],[139.812,33.2],[139.812,33.15],[139.875,33.15],[139.875,33.2],[139.938,33.2],[139.938,33.25],[139.875,33.25],[139.875,33.3]],[[135.438,33.25],[135.5,33.25],[135.562,33.25],[135.562,33.2],[135.5,33.2],[135.438,33.2],[135.438,33.25]],[[134.562,33.2],[134.625,33.2],[134.625,33.15],[134.625,33.1],[134.625,33.05],[134.562,33.05],[134.5,33.05],[134.438,33.05],[134.375,33.05],[134.375,33],[134.312,33],[134.312,32.95],[134.25,32.95],[134.25,32.9],[134.312,32.9],[134.312,32.95],[134.375,32.95],[134.375,33],[134.438,33],[134.5,33],[134.5,33.05],[134.5,33.1],[134.5,33.15],[134.562,33.15],[134.562,33.2]],[[131.312,32.85],[131.375,32.85],[131.375,32.8],[131.312,32.8],[131.312,32.85]],[[131.375,32.45],[131.438,32.45],[131.5,32.45],[131.5,32.4],[131.5,32.35],[131.438,32.35],[131.438,32.4],[131.375,32.4],[131.312,32.4],[131.312,32.35],[131.312,32.3],[131.375,32.3],[131.375,32.35],[131.375,32.4],[131.375,32.45]],[[131.5,32.2],[131.562,32.2],[131.562,32.15],[131.5,32.15],[131.5,32.2]],[[131.812,32.2],[131.875,32.2],[131.938,32.2],[132,32.2],[132,32.15],[132.062,32.15],[132.125,32.15],[132.125,32.1],[132.062,32.1],[132,32.1],[131.938,32.1],[131.938,32.15],[131.875,32.15],[131.875,32.1],[131.812,32.1],[131.75,32.1],[131.688,32.1],[131.688,32.05],[131.75,32.05],[131.75,32.1],[131.75,32.15],[131.812,32.15],[131.812,32.2]],[[131.25,32.15],[131.312,32.15],[131.312,32.1],[131.25,32.1],[131.25,32.15]],[[132.062,32],[132.125,32],[132.125,31.95],[132.125,31.9],[132.125,31.85],[132.062,31.85],[132,31.85],[132,31.9],[132,31.95],[132.062,31.95],[132.062,32]],[[131.625,31.9],[131.688,31.9],[131.688,31.85],[131.625,31.85],[131.625,31.9]],[[131.688,31.8],[131.75,31.8],[131.75,31.75],[131.75,31.7],[131.812,31.7],[131.875,31.7],[131.875,31.65],[131.875,31.6],[131.812,31.6],[131.75,31.6],[131.75,31.65],[131.688,31.65],[131.688,31.7],[131.688,31.75],[131.688,31.8]],[[131.938,31.75],[132,31.75],[132.062,31.75],[132.125,31.75],[132.125,31.7],[132.062,31.7],[132,31.7],[131.938,31.7],[131.938,31.75]],[[131,30.85],[131.062,30.85],[131.125,30.85],[131.125,30.8],[131.125,30.75],[131.125,30.7],[131.125,30.65],[131.062,30.65],[131.062,30.6],[131,30.6],[131,30.55],[131.062,30.55],[131.062,30.5],[131,30.5],[131,30.45],[131,30.4],[131,30.35],[130.938,30.35],[130.938,30.3],[130.875,30.3],[130.812,30.3],[130.812,30.35],[130.812,30.4],[130.812,30.45],[130.812,30.5],[130.875,30.5],[130.875,30.55],[130.875,30.6],[130.938,30.6],[130.938,30.65],[130.938,30.7],[130.938,30.75],[131,30.75],[131,30.8],[131,30.85]],[[130.438,30.5],[130.5,30.5],[130.562,30.5],[130.625,30.5],[130.625,30.45],[130.688,30.45],[130.688,30.4],[130.688,30.35],[130.625,30.35],[130.625,30.3],[130.562,30.3],[130.5,30.3],[130.438,30.3],[130.438,30.35],[130.375,30.35],[130.375,30.4],[130.375,30.45],[130.438,30.45],[130.438,30.5]],[[130.562,30.4],[130.5,30.4],[130.5,30.35],[130.562,30.35],[130.562,30.4]],[[129.438,28.45],[129.5,28.45],[129.5,28.4],[129.5,28.35],[129.5,28.3],[129.438,28.3],[129.375,28.3],[129.375,28.35],[129.312,28.35],[129.312,28.4],[129.375,28.4],[129.438,28.4],[129.438,28.45]]]},"properties":{"level":"10<=mm<15"}},{"type":"Feature","geometry":{"type":"Polygon","coordinates":[[[141.312,40.4],[141.375,40.4],[141.375,40.35],[141.438,40.35],[141.438,40.4],[141.5,40.4],[141.5,40.35],[141.438,40.35],[141.438,40.3],[141.438,40.25],[141.438,40.2],[141.438,40.15],[141.438,40.1],[141.438,40.05],[141.375,40.05],[141.312,40.05],[141.25,40.05],[141.25,40],[141.188,40],[141.188,40.05],[141.125,40.05],[141.125,40.1],[141.062,40.1],[141.062,40.05],[141,40.05],[140.938,40.05],[140.875,40.05],[140.875,40.1],[140.812,40.1],[140.812,40.05],[140.812,40],[140.875,40],[140.875,39.95],[140.812,39.95],[140.812,39.9],[140.75,39.9],[140.75,39.85],[140.812,39.85],[140.812,39.9],[140.875,39.9],[140.875,39.85],[140.938,39.85],[140.938,39.8],[140.875,39.8],[140.875,39.75],[140.875,39.7],[140.938,39.7],[140.938,39.75],[141,39.75],[141,39.8],[141,39.85],[141,39.9],[141.062,39.9],[141.062,39.95],[141.062,40],[141.125,40],[141.125,39.95],[141.125,39.9],[141.188,39.9],[141.25,39.9],[141.312,39.9],[141.375,39.9],[141.375,39.95],[141.312,39.95],[141.25,39.95],[141.25,40],[141.312,40],[141.375,40],[141.375,40.05],[141.375,40.1],[141.312,40.1],[141.312,40.15],[141.375,40.15],[141.375,40.2],[141.375,40.25],[141.375,40.3],[141.312,40.3],[141.25,40.3],[141.188,40.3],[141.188,40.35],[141.25,40.35],[141.312,40.35],[141.312,40.4]],[[141.562,40.35],[141.625,40.35],[141.625,40.3],[141.625,40.25],[141.625,40.2],[141.625,40.15],[141.562,40.15],[141.5,40.15],[141.5,40.2],[141.562,40.2],[141.562,40.25],[141.562,40.3],[141.562,40.35]],[[141.812,40.3],[141.875,40.3],[141.875,40.25],[141.812,40.25],[141.812,40.3]],[[140.875,40.25],[140.938,40.25],[140.938,40.2],[140.875,40.2],[140.875,40.25]],[[141.125,40.15],[141.188,40.15],[141.25,40.15],[141.25,40.1],[141.188,40.1],[141.125,40.1],[141.125,40.15]],[[141.5,40.1],[141.562,40.1],[141.625,40.1],[141.625,40.05],[141.562,40.05],[141.562,40],[141.562,39.95],[141.625,39.95],[141.625,39.9],[141.562,39.9],[141.562,39.85],[141.5,39.85],[141.5,39.9],[141.438,39.9],[141.375,39.9],[141.375,39.85],[141.375,39.8],[141.375,39.75],[141.375,39.7],[141.375,39.65],[141.375,39.6],[141.375,39.55],[141.438,39.55],[141.438,39.5],[141.5,39.5],[141.5,39.45],[141.5,39.4],[141.438,39.4],[141.438,39.35],[141.375,39.35],[141.375,39.3],[141.438,39.3],[141.438,39.25],[141.375,39.25],[141.375,39.2],[141.438,39.2],[141.5,39.2],[141.5,39.25],[141.562,39.25],[141.562,39.3],[141.562,39.35],[141.562,39.4],[141.625,39.4],[141.625,39.45],[141.625,39.5],[141.625,39.55],[141.562,39.55],[141.5,39.55],[141.5,39.6],[141.438,39.6],[141.438,39.65],[141.438,39.7],[141.438,39.75],[141.438,39.8],[141.438,39.85],[141.438,39.9],[141.438,39.95],[141.5,39.95],[141.5,40],[141.5,40.05],[141.5,40.1]],[[141.812,40.1],[141.875,40.1],[141.875,40.05],[141.812,40.05],[141.812,40.1]],[[141.875,39.9],[141.938,39.9],[142,39.9],[142,39.85],[142,39.8],[142.062,39.8],[142.062,39.75],[142.062,39.7],[142.062,39.65],[142.125,39.65],[142.125,39.6],[142.062,39.6],[142,39.6],[142,39.55],[141.938,39.55],[141.875,39.55],[141.875,39.5],[141.812,39.5],[141.812,39.45],[141.812,39.4],[141.75,39.4],[141.688,39.4],[141.688,39.35],[141.688,39.3],[141.75,39.3],[141.75,39.35],[141.75,39.4],[141.75,39.45],[141.688,39.45],[141.688,39.5],[141.75,39.5],[141.75,39.55],[141.75,39.6],[141.812,39.6],[141.812,39.65],[141.875,39.65],[141.875,39.7],[141.875,39.75],[141.875,39.8],[141.875,39.85],[141.875,39.9]],[[141.062,39.8],[141.125,39.8],[141.188,39.8],[141.188,39.75],[141.125,39.75],[141.125,39.7],[141.062,39.7],[141,39.7],[141,39.65],[141,39.6],[141.062,39.6],[141.062,39.55],[141.062,39.5],[141,39.5],[140.938,39.5],[140.875,39.5],[140.812,39.5],[140.812,39.55],[140.75,39.55],[140.688,39.55],[140.688,39.5],[140.688,39.45],[140.688,39.4],[140.688,39.35],[140.75,39.35],[140.75,39.3],[140.688,39.3],[140.688,39.25],[140.75,39.25],[140.812,39.25],[140.812,39.3],[140.875,39.3],[140.938,39.3],[140.938,39.35],[141,39.35],[141,39.4],[141.062,39.4],[141.125,39.4],[141.125,39.35],[141.125,39.3],[141.125,39.25],[141.188,39.25],[141.188,39.3],[141.25,39.3],[141.25,39.35],[141.25,39.4],[141.188,39.4],[141.188,39.45],[141.188,39.5],[141.25,39.5],[141.25,39.45],[141.312,39.45],[141.312,39.5],[141.312,39.55],[141.25,39.55],[141.25,39.6],[141.188,39.6],[141.125,39.6],[141.125,39.65],[141.062,39.65],[141.062,39.7],[141.062,39.75],[141.062,39.8]],[[140.75,39.75],[140.812,39.75],[140.812,39.7],[140.75,39.7],[140.75,39.75]],[[141.125,39.7],[141.188,39.7],[141.188,39.65],[141.125,39.65],[141.125,39.7]],[[142.062,39.5],[142.125,39.5],[142.125,39.45],[142.188,39.45],[142.188,39.4],[142.25,39.4],[142.312,39.4],[142.312,39.35],[142.375,39.35],[142.375,39.3],[142.375,39.25],[142.375,39.2],[142.375,39.15],[142.375,39.1],[142.375,39.05],[142.375,39],[142.375,38.95],[142.375,38.9],[142.375,38.85],[142.375,38.8],[142.375,38.75],[142.375,38.7],[142.312,38.7],[142.25,38.7],[142.188,38.7],[142.125,38.7],[142.125,38.65],[142.062,38.65],[142.062,38.7],[142,38.7],[141.938,38.7],[141.875,38.7],[141.875,38.75],[141.875,38.8],[141.875,38.85],[141.812,38.85],[141.812,38.8],[141.75,38.8],[141.688,38.8],[141.688,38.85],[141.75,38.85],[141.75,38.9],[141.812,38.9],[141.812,38.95],[141.875,38.95],[141.938,38.95],[141.938,38.9],[141.938,38.85],[142,38.85],[142,38.9],[142.062,38.9],[142.062,38.95],[142.062,39],[142.125,39],[142.125,39.05],[142.125,39.1],[142.125,39.15],[142.062,39.15],[142,39.15],[141.938,39.15],[141.938,39.2],[142,39.2],[142,39.25],[142,39.3],[142,39.35],[142,39.4],[142.062,39.4],[142.062,39.45],[142.062,39.5]],[[140.812,39.45],[140.75,39.45],[140.75,39.4],[140.812,39.4],[140.812,39.45]],[[141.188,39.25],[141.25,39.25],[141.25,39.2],[141.25,39.15],[141.25,39.1],[141.188,39.1],[141.125,39.1],[141.062,39.1],[141.062,39.15],[141.125,39.15],[141.125,39.2],[141.188,39.2],[141.188,39.25]],[[141.688,39.25],[141.75,39.25],[141.75,39.2],[141.688,39.2],[141.625,39.2],[141.625,39.15],[141.688,39.15],[141.688,39.2],[141.688,39.25]],[[141.438,39.15],[141.5,39.15],[141.5,39.1],[141.562,39.1],[141.562,39.05],[141.5,39.05],[141.438,39.05],[141.438,39],[141.438,38.95],[141.375,38.95],[141.375,38.9],[141.375,38.85],[141.312,38.85],[141.25,38.85],[141.25,38.8],[141.188,38.8],[141.188,38.85],[141.188,38.9],[141.125,38.9],[141.125,38.95],[141.062,38.95],[141.062,39],[141.125,39],[141.125,39.05],[141.188,39.05],[141.25,39.05],[141.25,39.1],[141.312,39.1],[141.312,39.05],[141.25,39.05],[141.25,39],[141.188,39],[141.188,38.95],[141.25,38.95],[141.312,38.95],[141.312,39],[141.375,39],[141.375,39.05],[141.375,39.1],[141.438,39.1],[141.438,39.15]],[[141.875,39.1],[141.938,39.1],[141.938,39.05],[141.875,39.05],[141.875,39.1]],[[140.25,39],[140.312,39],[140.375,39],[140.438,39],[140.5,39],[140.5,38.95],[140.5,38.9],[140.5,38.85],[140.562,38.85],[140.562,38.8],[140.562,38.75],[140.562,38.7],[140.5,38.7],[140.5,38.75],[140.438,38.75],[140.375,38.75],[140.375,38.7],[140.312,38.7],[140.312,38.65],[140.25,38.65],[140.25,38.6],[140.188,38.6],[140.188,38.55],[140.125,38.55],[140.062,38.55],[140.062,38.6],[140.062,38.65],[140,38.65],[140,38.7],[140.062,38.7],[140.062,38.75],[140.125,38.75],[140.188,38.75],[140.188,38.8],[140.25,38.8],[140.25,38.85],[140.25,38.9],[140.25,38.95],[140.25,39]],[[139.688,38.5],[139.75,38.5],[139.75,38.45],[139.75,38.4],[139.688,38.4],[139.688,38.45],[139.688,38.5]],[[139.625,38.35],[139.688,38.35],[139.75,38.35],[139.75,38.3],[139.75,38.25],[139.688,38.25],[139.688,38.2],[139.688,38.15],[139.625,38.15],[139.625,38.1],[139.625,38.05],[139.625,38],[139.625,37.95],[139.625,37.9],[139.625,37.85],[139.562,37.85],[139.5,37.85],[139.438,37.85],[139.438,37.9],[139.5,37.9],[139.5,37.95],[139.438,37.95],[139.438,38],[139.438,38.05],[139.5,38.05],[139.5,38.1],[139.5,38.15],[139.5,38.2],[139.5,38.25],[139.438,38.25],[139.438,38.2],[139.375,38.2],[139.375,38.15],[139.438,38.15],[139.438,38.1],[139.375,38.1],[139.312,38.1],[139.312,38.15],[139.25,38.15],[139.25,38.1],[139.25,38.05],[139.312,38.05],[139.312,38],[139.25,38],[139.25,37.95],[139.188,37.95],[139.188,37.9],[139.125,37.9],[139.125,37.85],[139.062,37.85],[139.062,37.8],[139,37.8],[139,37.75],[138.938,37.75],[138.875,37.75],[138.812,37.75],[138.75,37.75],[138.75,37.7],[138.75,37.65],[138.75,37.6],[138.688,37.6],[138.688,37.55],[138.625,37.55],[138.625,37.5],[138.625,37.45],[138.625,37.4],[138.562,37.4],[138.562,37.35],[138.562,37.3],[138.5,37.3],[138.5,37.25],[138.5,37.2],[138.5,37.15],[138.5,37.1],[138.5,37.05],[138.438,37.05],[138.375,37.05],[138.375,37],[138.438,37],[138.438,36.95],[138.5,36.95],[138.5,36.9],[138.562,36.9],[138.562,36.85],[138.562,36.8],[138.562,36.75],[138.625,36.75],[138.688,36.75],[138.688,36.8],[138.75,36.8],[138.75,36.75],[138.812,36.75],[138.875,36.75],[138.875,36.7],[138.938,36.7],[139,36.7],[139,36.65],[139,36.6],[138.938,36.6],[138.938,36.65],[138.875,36.65],[138.812,36.65],[138.75,36.65],[138.688,36.65],[138.688,36.6],[138.625,36.6],[138.625,36.55],[138.625,36.5],[138.562,36.5],[138.562,36.45],[138.5,36.45],[138.5,36.4],[138.438,36.4],[138.375,36.4],[138.375,36.45],[138.375,36.5],[138.312,36.5],[138.25,36.5],[138.188,36.5],[138.188,36.55],[138.25,36.55],[138.25,36.6],[138.25,36.65],[138.25,36.7],[138.188,36.7],[138.188,36.65],[138.125,36.65],[138.062,36.65],[138,36.65],[138,36.6],[138,36.55],[138.062,36.55],[138.062,36.5],[138.125,36.5],[138.125,36.45],[138.125,36.4],[138.125,36.35],[138.062,36.35],[138.062,36.4],[138,36.4],[137.938,36.4],[137.938,36.35],[137.875,36.35],[137.812,36.35],[137.75,36.35],[137.688,36.35],[137.688,36.3],[137.625,36.3],[137.625,36.35],[137.562,36.35],[137.562,36.4],[137.562,36.45],[137.5,36.45],[137.438,36.45],[137.438,36.5],[137.375,36.5],[137.375,36.45],[137.312,36.45],[137.312,36.5],[137.25,36.5],[137.188,36.5],[137.188,36.45],[137.125,36.45],[137.125,36.5],[137.062,36.5],[137.062,36.55],[137,36.55],[137,36.5],[136.938,36.5],[136.938,36.45],[137,36.45],[137,36.4],[136.938,36.4],[136.875,36.4],[136.812,36.4],[136.812,36.35],[136.812,36.3],[136.875,36.3],[136.875,36.25],[136.875,36.2],[136.812,36.2],[136.812,36.15],[136.812,36.1],[136.812,36.05],[136.875,36.05],[136.938,36.05],[137,36.05],[137,36.1],[137.062,36.1],[137.125,36.1],[137.125,36.15],[137.188,36.15],[137.25,36.15],[137.25,36.2],[137.312,36.2],[137.312,36.15],[137.375,36.15],[137.375,36.1],[137.438,36.1],[137.438,36.05],[137.438,36],[137.5,36],[137.5,35.95],[137.5,35.9],[137.5,35.85],[137.5,35.8],[137.562,35.8],[137.562,35.85],[137.562,35.9],[137.625,35.9],[137.625,35.95],[137.688,35.95],[137.688,35.9],[137.75,35.9],[137.812,35.9],[137.812,35.85],[137.75,35.85],[137.75,35.8],[137.812,35.8],[137.812,35.75],[137.75,35.75],[137.75,35.7],[137.688,35.7],[137.625,35.7],[137.625,35.65],[137.562,35.65],[137.5,35.65],[137.438,35.65],[137.375,35.65],[137.312,35.65],[137.312,35.7],[137.312,35.75],[137.312,35.8],[137.312,35.85],[137.25,35.85],[137.25,35.8],[137.188,35.8],[137.188,35.75],[137.125,35.75],[137.125,35.7],[137.062,35.7],[137.062,35.75],[137,35.75],[137,35.7],[136.938,35.7],[136.875,35.7],[136.875,35.65],[136.812,35.65],[136.812,35.6],[136.875,35.6],[136.875,35.55],[136.875,35.5],[136.812,35.5],[136.812,35.45],[136.812,35.4],[136.875,35.4],[136.938,35.4],[136.938,35.35],[137,35.35],[137,35.3],[136.938,35.3],[136.938,35.25],[136.938,35.2],[137,35.2],[137,35.15],[137,35.1],[137.062,35.1],[137.062,35.15],[137.062,35.2],[137.125,35.2],[137.125,35.15],[137.188,35.15],[137.188,35.1],[137.25,35.1],[137.25,35.15],[137.312,35.15],[137.312,35.1],[137.375,35.1],[137.375,35.15],[137.438,35.15],[137.438,35.2],[137.5,35.2],[137.5,35.25],[137.562,35.25],[137.625,35.25],[137.625,35.2],[137.625,35.15],[137.688,35.15],[137.688,35.1],[137.688,35.05],[137.75,35.05],[137.75,35.1],[137.812,35.1],[137.812,35.15],[137.75,35.15],[137.75,35.2],[137.812,35.2],[137.812,35.25],[137.875,35.25],[137.875,35.3],[137.812,35.3],[137.75,35.3],[137.75,35.35],[137.812,35.35],[137.875,35.35],[137.938,35.35],[137.938,35.4],[138,35.4],[138,35.45],[138.062,35.45],[138.062,35.5],[138.062,35.55],[138,35.55],[137.938,35.55],[137.938,35.6],[138,35.6],[138.062,35.6],[138.062,35.55],[138.125,35.55],[138.188,35.55],[138.188,35.6],[138.25,35.6],[138.25,35.65],[138.188,35.65],[138.188,35.7],[138.188,35.75],[138.125,35.75],[138.125,35.8],[138.125,35.85],[138.125,35.9],[138.062,35.9],[138,35.9],[137.938,35.9],[137.938,35.85],[137.875,35.85],[137.875,35.8],[137.938,35.8],[137.938,35.75],[138,35.75],[138.062,35.75],[138.062,35.8],[138.062,35.85],[138.062,35.9],[138.062,35.95],[138.062,36],[138,36],[138,36.05],[138,36.1],[138.062,36.1],[138.062,36.05],[138.125,36.05],[138.188,36.05],[138.188,36],[138.25,36],[138.25,35.95],[138.312,35.95],[138.312,35.9],[138.312,35.85],[138.312,35.8],[138.375,35.8],[138.375,35.75],[138.438,35.75],[138.5,35.75],[138.562,35.75],[138.562,35.7],[138.625,35.7],[138.688,35.7],[138.688,35.65],[138.75,35.65],[138.812,35.65],[138.812,35.7],[138.812,35.75],[138.812,35.8],[138.812,35.85],[138.75,35.85],[138.75,35.9],[138.688,35.9],[138.688,35.95],[138.688,36],[138.625,36],[138.625,36.05],[138.688,36.05],[138.75,36.05],[138.812,36.05],[138.812,36.1],[138.875,36.1],[138.938,36.1],[138.938,36.15],[139,36.15],[139.062,36.15],[139.062,36.2],[139.062,36.25],[139,36.25],[139,36.3],[138.938,36.3],[138.875,36.3],[138.812,36.3],[138.75,36.3],[138.688,36.3],[138.688,36.25],[138.625,36.25],[138.625,36.2],[138.625,36.15],[138.625,36.1],[138.562,36.1],[138.5,36.1],[138.438,36.1],[138.375,36.1],[138.375,36.15],[138.312,36.15],[138.312,36.2],[138.25,36.2],[138.188,36.2],[138.125,36.2],[138.062,36.2],[138.062,36.15],[138,36.15],[137.938,36.15],[137.875,36.15],[137.812,36.15],[137.75,36.15],[137.75,36.1],[137.688,36.1],[137.688,36.15],[137.625,36.15],[137.625,36.2],[137.625,36.25],[137.562,36.25],[137.562,36.2],[137.562,36.15],[137.5,36.15],[137.5,36.1],[137.562,36.1],[137.562,36.05],[137.562,36],[137.625,36],[137.688,36],[137.75,36],[137.75,36.05],[137.812,36.05],[137.812,36],[137.875,36],[137.938,36],[137.938,36.05],[137.875,36.05],[137.875,36.1],[137.812,36.1],[137.812,36.15],[137.812,36.2],[137.75,36.2],[137.75,36.25],[137.75,36.3],[137.812,36.3],[137.812,36.35],[137.812,36.4],[137.875,36.4],[137.875,36.45],[137.875,36.5],[137.812,36.5],[137.75,36.5],[137.75,36.55],[137.812,36.55],[137.812,36.6],[137.75,36.6],[137.688,36.6],[137.625,36.6],[137.625,36.55],[137.562,36.55],[137.562,36.5],[137.625,36.5],[137.625,36.55],[137.688,36.55],[137.688,36.6],[137.688,36.65],[137.75,36.65],[137.75,36.7],[137.812,36.7],[137.812,36.75],[137.812,36.8],[137.812,36.85],[137.812,36.9],[137.812,36.95],[137.875,36.95],[137.938,36.95],[138,36.95],[138,37],[138,37.05],[138.062,37.05],[138.062,37],[138.125,37],[138.125,36.95],[138.188,36.95],[138.188,36.9],[138.25,36.9],[138.312,36.9],[138.312,36.85],[138.375,36.85],[138.375,36.8],[138.375,36.75],[138.438,36.75],[138.5,36.75],[138.5,36.7],[138.5,36.65],[138.438,36.65],[138.438,36.6],[138.375,36.6],[138.375,36.55],[138.312,36.55],[138.312,36.5],[138.312,36.45],[138.312,36.4],[138.312,36.35],[138.312,36.3],[138.375,36.3],[138.375,36.25],[138.438,36.25],[138.438,36.3],[138.5,36.3],[138.562,36.3],[138.625,36.3],[138.625,36.35],[138.625,36.4],[138.625,36.45],[138.625,36.5],[138.688,36.5],[138.75,36.5],[138.812,36.5],[138.875,36.5],[138.938,36.5],[138.938,36.45],[139,36.45],[139.062,36.45],[139.062,36.4],[139.062,36.35],[139.125,36.35],[139.125,36.3],[139.188,36.3],[139.25,36.3],[139.25,36.25],[139.312,36.25],[139.375,36.25],[139.438,36.25],[139.438,36.3],[139.375,36.3],[139.375,36.35],[139.312,36.35],[139.312,36.4],[139.375,36.4],[139.375,36.45],[139.375,36.5],[139.312,36.5],[139.312,36.55],[139.25,36.55],[139.25,36.6],[139.25,36.65],[139.25,36.7],[139.25,36.75],[139.188,36.75],[139.188,36.8],[139.125,36.8],[139.125,36.85],[139.125,36.9],[139.125,36.95],[139.062,36.95],[139.062,37],[139,37],[138.938,37],[138.938,36.95],[138.938,36.9],[138.875,36.9],[138.812,36.9],[138.75,36.9],[138.688,36.9],[138.688,36.95],[138.625,36.95],[138.625,37],[138.562,37],[138.562,37.05],[138.625,37.05],[138.625,37],[138.688,37],[138.688,36.95],[138.75,36.95],[138.75,37],[138.75,37.05],[138.812,37.05],[138.812,37.1],[138.75,37.1],[138.688,37.1],[138.688,37.15],[138.75,37.15],[138.75,37.2],[138.75,37.25],[138.688,37.25],[138.688,37.3],[138.75,37.3],[138.75,37.25],[138.812,37.25],[138.875,37.25],[138.875,37.3],[138.938,37.3],[138.938,37.35],[139,37.35],[139,37.4],[139,37.45],[139,37.5],[139.062,37.5],[139.062,37.55],[139.062,37.6],[139.125,37.6],[139.125,37.65],[139.062,37.65],[139.062,37.7],[139.062,37.75],[139.125,37.75],[139.125,37.7],[139.188,37.7],[139.25,37.7],[139.25,37.65],[139.25,37.6],[139.25,37.55],[139.312,37.55],[139.375,37.55],[139.438,37.55],[139.5,37.55],[139.562,37.55],[139.562,37.6],[139.5,37.6],[139.438,37.6],[139.438,37.65],[139.5,37.65],[139.562,37.65],[139.562,37.7],[139.562,37.75],[139.562,37.8],[139.562,37.85],[139.562,37.9],[139.562,37.95],[139.5,37.95],[139.5,38],[139.562,38],[139.562,38.05],[139.562,38.1],[139.562,38.15],[139.562,38.2],[139.562,38.25],[139.625,38.25],[139.625,38.3],[139.625,38.35]],[[139.125,38.05],[139.188,38.05],[139.188,38],[139.125,38],[139.125,38.05]],[[139.375,38],[139.312,38],[139.312,37.95],[139.25,37.95],[139.25,37.9],[139.312,37.9],[139.312,37.95],[139.375,37.95],[139.375,38]],[[139.625,37.85],[139.688,37.85],[139.688,37.8],[139.625,37.8],[139.625,37.85]],[[139,37.7],[138.938,37.7],[138.938,37.65],[139,37.65],[139,37.7]],[[139.375,37.7],[139.312,37.7],[139.312,37.65],[139.375,37.65],[139.375,37.7]],[[138.875,37.65],[138.812,37.65],[138.812,37.6],[138.812,37.55],[138.75,37.55],[138.75,37.5],[138.688,37.5],[138.688,37.45],[138.75,37.45],[138.812,37.45],[138.812,37.5],[138.812,37.55],[138.875,37.55],[138.938,37.55],[139,37.55],[139,37.6],[138.938,37.6],[138.875,37.6],[138.875,37.65]],[[137,37.5],[137.062,37.5],[137.062,37.45],[137.125,37.45],[137.125,37.4],[137.125,37.35],[137.062,37.35],[137.062,37.3],[137.125,37.3],[137.125,37.25],[137.125,37.2],[137.062,37.2],[137.062,37.25],[137,37.25],[137,37.3],[137,37.35],[137,37.4],[136.938,37.4],[136.938,37.45],[137,37.45],[137,37.5]],[[138.875,37.45],[138.812,37.45],[138.812,37.4],[138.875,37.4],[138.938,37.4],[138.938,37.45],[138.875,37.45]],[[138.438,37.4],[138.5,37.4],[138.5,37.35],[138.438,37.35],[138.438,37.4]],[[138.312,37.3],[138.375,37.3],[138.375,37.25],[138.375,37.2],[138.312,37.2],[138.25,37.2],[138.25,37.25],[138.312,37.25],[138.312,37.3]],[[138.625,37.2],[138.562,37.2],[138.562,37.15],[138.625,37.15],[138.625,37.2]],[[138.812,37.2],[138.875,37.2],[138.875,37.15],[138.875,37.1],[138.812,37.1],[138.812,37.15],[138.812,37.2]],[[137.938,37.15],[138,37.15],[138.062,37.15],[138.062,37.1],[138,37.1],[137.938,37.1],[137.875,37.1],[137.875,37.05],[137.938,37.05],[137.938,37.1],[137.938,37.15]],[[137,37],[137.062,37],[137.062,36.95],[137.062,36.9],[137.062,36.85],[137,36.85],[136.938,36.85],[136.938,36.9],[136.938,36.95],[137,36.95],[137,37]],[[137.5,37],[137.562,37],[137.625,37],[137.688,37],[137.688,36.95],[137.75,36.95],[137.75,36.9],[137.75,36.85],[137.75,36.8],[137.75,36.75],[137.688,36.75],[137.688,36.8],[137.625,36.8],[137.625,36.85],[137.562,36.85],[137.562,36.9],[137.5,36.9],[137.5,36.95],[137.5,37]],[[137.938,36.9],[137.875,36.9],[137.875,36.85],[137.875,36.8],[137.875,36.75],[137.938,36.75],[137.938,36.8],[138,36.8],[138,36.75],[138,36.7],[138.062,36.7],[138.125,36.7],[138.125,36.75],[138.125,36.8],[138.125,36.85],[138.062,36.85],[138,36.85],[138,36.9],[137.938,36.9]],[[137.312,36.75],[137.375,36.75],[137.375,36.7],[137.312,36.7],[137.312,36.75]],[[137,36.7],[137.062,36.7],[137.062,36.65],[137.062,36.6],[137,36.6],[137,36.65],[137,36.7]],[[137.875,36.7],[137.812,36.7],[137.812,36.65],[137.812,36.6],[137.875,36.6],[137.875,36.65],[137.875,36.7]],[[136.688,36.5],[136.75,36.5],[136.812,36.5],[136.812,36.45],[136.75,36.45],[136.75,36.4],[136.75,36.35],[136.688,36.35],[136.625,36.35],[136.625,36.3],[136.562,36.3],[136.562,36.35],[136.562,36.4],[136.625,36.4],[136.625,36.45],[136.688,36.45],[136.688,36.5]],[[138,36.5],[137.938,36.5],[137.938,36.45],[138,36.45],[138,36.5]],[[136.188,36.3],[136.25,36.3],[136.312,36.3],[136.312,36.25],[136.312,36.2],[136.312,36.15],[136.312,36.1],[136.312,36.05],[136.312,36],[136.25,36],[136.188,36],[136.188,35.95],[136.188,35.9],[136.188,35.85],[136.188,35.8],[136.188,35.75],[136.125,35.75],[136.125,35.8],[136.062,35.8],[136.062,35.75],[136.062,35.7],[136.125,35.7],[136.125,35.65],[136.188,35.65],[136.188,35.7],[136.188,35.75],[136.25,35.75],[136.312,35.75],[136.312,35.7],[136.25,35.7],[136.25,35.65],[136.188,35.65],[136.188,35.6],[136.188,35.55],[136.125,35.55],[136.062,35.55],[136.062,35.5],[136,35.5],[136,35.45],[135.938,35.45],[135.875,35.45],[135.875,35.5],[135.812,35.5],[135.75,35.5],[135.688,35.5],[135.625,35.5],[135.625,35.55],[135.688,35.55],[135.688,35.6],[135.75,35.6],[135.75,35.55],[135.812,35.55],[135.812,35.6],[135.812,35.65],[135.875,35.65],[135.938,35.65],[136,35.65],[136,35.7],[136,35.75],[136,35.8],[136,35.85],[136.062,35.85],[136.062,35.9],[136.062,35.95],[136.125,35.95],[136.125,36],[136.125,36.05],[136.062,36.05],[136.062,36.1],[136.062,36.15],[136.062,36.2],[136.062,36.25],[136.125,36.25],[136.188,36.25],[136.188,36.3]],[[139.438,36.25],[139.5,36.25],[139.562,36.25],[139.562,36.2],[139.5,36.2],[139.438,36.2],[139.438,36.25]],[[138.25,36.15],[138.188,36.15],[138.188,36.1],[138.25,36.1],[138.25,36.15]],[[139.688,36.05],[139.75,36.05],[139.75,36],[139.688,36],[139.688,36.05]],[[136.562,36],[136.625,36],[136.688,36],[136.688,35.95],[136.75,35.95],[136.75,35.9],[136.812,35.9],[136.812,35.85],[136.75,35.85],[136.688,35.85],[136.688,35.8],[136.625,35.8],[136.562,35.8],[136.5,35.8],[136.438,35.8],[136.375,35.8],[136.375,35.85],[136.438,35.85],[136.438,35.9],[136.5,35.9],[136.5,35.95],[136.562,35.95],[136.562,36]],[[138.5,35.95],[138.438,35.95],[138.438,35.9],[138.5,35.9],[138.562,35.9],[138.625,35.9],[138.625,35.95],[138.562,35.95],[138.5,35.95]],[[138.875,35.9],[138.938,35.9],[138.938,35.85],[138.875,35.85],[138.875,35.9]],[[139,35.8],[139.062,35.8],[139.062,35.75],[139,35.75],[139,35.8]],[[137.812,35.7],[137.75,35.7],[137.75,35.65],[137.812,35.65],[137.812,35.6],[137.875,35.6],[137.875,35.65],[137.875,35.7],[137.812,35.7]],[[133.062,35.65],[133.125,35.65],[133.125,35.6],[133.188,35.6],[133.188,35.55],[133.25,35.55],[133.25,35.5],[133.312,35.5],[133.375,35.5],[133.438,35.5],[133.5,35.5],[133.562,35.5],[133.625,35.5],[133.688,35.5],[133.75,35.5],[133.812,35.5],[133.812,35.55],[133.875,35.55],[133.875,35.5],[133.812,35.5],[133.812,35.45],[133.875,35.45],[133.875,35.5],[133.938,35.5],[133.938,35.55],[134,35.55],[134.062,35.55],[134.062,35.5],[134.125,35.5],[134.188,35.5],[134.188,35.45],[134.25,35.45],[134.312,35.45],[134.312,35.5],[134.312,35.55],[134.312,35.6],[134.375,35.6],[134.375,35.55],[134.375,35.5],[134.375,35.45],[134.438,35.45],[134.438,35.4],[134.438,35.35],[134.5,35.35],[134.5,35.3],[134.438,35.3],[134.375,35.3],[134.375,35.35],[134.312,35.35],[134.25,35.35],[134.188,35.35],[134.188,35.3],[134.188,35.25],[134.188,35.2],[134.125,35.2],[134.125,35.25],[134.062,35.25],[134.062,35.3],[134,35.3],[133.938,35.3],[133.875,35.3],[133.812,35.3],[133.812,35.25],[133.75,35.25],[133.75,35.3],[133.688,35.3],[133.688,35.35],[133.75,35.35],[133.75,35.4],[133.75,35.45],[133.688,35.45],[133.625,35.45],[133.562,35.45],[133.5,35.45],[133.438,35.45],[133.375,35.45],[133.312,35.45],[133.25,35.45],[133.25,35.4],[133.188,35.4],[133.188,35.45],[133.125,35.45],[133.062,35.45],[133.062,35.5],[133.062,35.55],[133.062,35.6],[133.062,35.65]],[[132.812,35.55],[132.875,35.55],[132.938,35.55],[132.938,35.5],[132.875,35.5],[132.875,35.45],[132.812,35.45],[132.812,35.4],[132.812,35.35],[132.875,35.35],[132.938,35.35],[133,35.35],[133,35.3],[133.062,35.3],[133.062,35.35],[133.125,35.35],[133.188,35.35],[133.25,35.35],[133.312,35.35],[133.375,35.35],[133.438,35.35],[133.5,35.35],[133.562,35.35],[133.625,35.35],[133.625,35.3],[133.562,35.3],[133.562,35.25],[133.562,35.2],[133.5,35.2],[133.438,35.2],[133.438,35.15],[133.375,35.15],[133.375,35.1],[133.312,35.1],[133.312,35.15],[133.25,35.15],[133.25,35.1],[133.188,35.1],[133.125,35.1],[133.062,35.1],[133,35.1],[132.938,35.1],[132.938,35.05],[132.938,35],[132.938,34.95],[132.875,34.95],[132.812,34.95],[132.812,34.9],[132.75,34.9],[132.688,34.9],[132.625,34.9],[132.625,34.85],[132.562,34.85],[132.562,34.8],[132.5,34.8],[132.438,34.8],[132.438,34.85],[132.375,34.85],[132.312,34.85],[132.312,34.9],[132.25,34.9],[132.25,34.85],[132.188,34.85],[132.125,34.85],[132.125,34.8],[132.125,34.75],[132.125,34.7],[132.125,34.65],[132.125,34.6],[132.125,34.55],[132.125,34.5],[132.188,34.5],[132.25,34.5],[132.25,34.45],[132.312,34.45],[132.375,34.45],[132.375,34.4],[132.438,34.4],[132.438,34.35],[132.438,34.3],[132.5,34.3],[132.5,34.25],[132.5,34.2],[132.562,34.2],[132.562,34.15],[132.562,34.1],[132.625,34.1],[132.625,34.15],[132.688,34.15],[132.75,34.15],[132.75,34.2],[132.688,34.2],[132.688,34.25],[132.688,34.3],[132.688,34.35],[132.688,34.4],[132.688,34.45],[132.688,34.5],[132.688,34.55],[132.688,34.6],[132.688,34.65],[132.75,34.65],[132.75,34.7],[132.812,34.7],[132.875,34.7],[132.938,34.7],[133,34.7],[133.062,34.7],[133.125,34.7],[133.125,34.65],[133.125,34.6],[133.125,34.55],[133.062,34.55],[133.062,34.5],[133,34.5],[132.938,34.5],[132.938,34.45],[132.938,34.4],[132.938,34.35],[132.875,34.35],[132.875,34.3],[132.875,34.25],[132.875,34.2],[132.812,34.2],[132.812,34.15],[132.75,34.15],[132.75,34.1],[132.812,34.1],[132.812,34.15],[132.875,34.15],[132.875,34.2],[132.938,34.2],[132.938,34.25],[133,34.25],[133,34.3],[133.062,34.3],[133.125,34.3],[133.188,34.3],[133.188,34.35],[133.25,34.35],[133.312,34.35],[133.375,34.35],[133.438,34.35],[133.438,34.4],[133.438,34.45],[133.438,34.5],[133.438,34.55],[133.5,34.55],[133.562,34.55],[133.625,34.55],[133.625,34.6],[133.625,34.65],[133.625,34.7],[133.625,34.75],[133.562,34.75],[133.562,34.7],[133.562,34.65],[133.5,34.65],[133.5,34.7],[133.438,34.7],[133.375,34.7],[133.375,34.75],[133.375,34.8],[133.375,34.85],[133.312,34.85],[133.312,34.8],[133.312,34.75],[133.25,34.75],[133.188,34.75],[133.125,34.75],[133.125,34.8],[133.188,34.8],[133.188,34.85],[133.25,34.85],[133.25,34.9],[133.312,34.9],[133.312,34.95],[133.375,34.95],[133.375,35],[133.375,35.05],[133.312,35.05],[133.25,35.05],[133.188,35.05],[133.188,35.1],[133.188,35.15],[133.125,35.15],[133.062,35.15],[133,35.15],[132.938,35.15],[132.875,35.15],[132.812,35.15],[132.75,35.15],[132.688,35.15],[132.688,35.1],[132.625,35.1],[132.625,35.15],[132.562,35.15],[132.562,35.2],[132.562,35.25],[132.562,35.3],[132.625,35.3],[132.625,35.35],[132.625,35.4],[132.688,35.4],[132.688,35.45],[132.75,35.45],[132.75,35.5],[132.812,35.5],[132.812,35.55]],[[135.438,35.55],[135.5,35.55],[135.5,35.5],[135.5,35.45],[135.562,35.45],[135.562,35.4],[135.625,35.4],[135.625,35.35],[135.625,35.3],[135.562,35.3],[135.5,35.3],[135.438,35.3],[135.375,35.3],[135.375,35.35],[135.312,35.35],[135.25,35.35],[135.25,35.3],[135.188,35.3],[135.188,35.35],[135.125,35.35],[135.125,35.3],[135.062,35.3],[135,35.3],[135,35.35],[135.062,35.35],[135.062,35.4],[135.062,35.45],[135.062,35.5],[135.125,35.5],[135.188,35.5],[135.25,35.5],[135.312,35.5],[135.375,35.5],[135.438,35.5],[135.438,35.55]],[[137.688,35.55],[137.625,35.55],[137.625,35.5],[137.625,35.45],[137.625,35.4],[137.688,35.4],[137.688,35.45],[137.688,35.5],[137.75,35.5],[137.75,35.55],[137.688,35.55]],[[139.812,35.55],[139.875,35.55],[139.875,35.5],[139.812,35.5],[139.812,35.55]],[[133.938,35.45],[133.875,35.45],[133.875,35.4],[133.938,35.4],[133.938,35.35],[134,35.35],[134.062,35.35],[134.062,35.4],[134.062,35.45],[134,35.45],[133.938,35.45]],[[138.188,35.45],[138.25,35.45],[138.25,35.4],[138.188,35.4],[138.188,35.45]],[[138,35.4],[138.062,35.4],[138.125,35.4],[138.125,35.35],[138.062,35.35],[138,35.35],[138,35.4]],[[132.688,35.3],[132.625,35.3],[132.625,35.25],[132.688,35.25],[132.688,35.3]],[[133.312,35.3],[133.25,35.3],[133.25,35.25],[133.312,35.25],[133.375,35.25],[133.438,35.25],[133.438,35.3],[133.375,35.3],[133.312,35.3]],[[135.688,35.3],[135.75,35.3],[135.812,35.3],[135.812,35.25],[135.75,35.25],[135.688,35.25],[135.688,35.3]],[[137.938,35.3],[138,35.3],[138,35.25],[138,35.2],[138.062,35.2],[138.062,35.25],[138.125,35.25],[138.188,35.25],[138.188,35.3],[138.25,35.3],[138.312,35.3],[138.312,35.25],[138.375,35.25],[138.375,35.2],[138.312,35.2],[138.312,35.15],[138.375,35.15],[138.375,35.1],[138.438,35.1],[138.5,35.1],[138.5,35.05],[138.438,35.05],[138.375,35.05],[138.375,35],[138.312,35],[138.312,35.05],[138.25,35.05],[138.188,35.05],[138.125,35.05],[138.125,35],[138.062,35],[138.062,34.95],[138.125,34.95],[138.125,35],[138.188,35],[138.188,34.95],[138.125,34.95],[138.125,34.9],[138.062,34.9],[138,34.9],[137.938,34.9],[137.875,34.9],[137.875,34.95],[137.875,35],[137.875,35.05],[137.875,35.1],[137.875,35.15],[137.875,35.2],[137.938,35.2],[137.938,35.25],[137.938,35.3]],[[134.25,35.25],[134.312,35.25],[134.375,35.25],[134.375,35.2],[134.312,35.2],[134.25,35.2],[134.25,35.25]],[[137.375,35.25],[137.312,35.25],[137.312,35.2],[137.375,35.2],[137.375,35.25]],[[138.25,35.15],[138.188,35.15],[138.188,35.1],[138.25,35.1],[138.25,35.15]],[[134.062,35.1],[134.125,35.1],[134.125,35.05],[134.062,35.05],[134.062,35.1]],[[134.25,35.1],[134.312,35.1],[134.312,35.05],[134.25,35.05],[134.25,35.1]],[[135.5,35.1],[135.562,35.1],[135.625,35.1],[135.625,35.05],[135.688,35.05],[135.688,35],[135.75,35],[135.75,35.05],[135.812,35.05],[135.875,35.05],[135.875,35],[135.875,34.95],[135.938,34.95],[136,34.95],[136,34.9],[136.062,34.9],[136.062,34.85],[136,34.85],[136,34.8],[136,34.75],[136.062,34.75],[136.062,34.8],[136.062,34.85],[136.125,34.85],[136.188,34.85],[136.188,34.8],[136.188,34.75],[136.188,34.7],[136.125,34.7],[136.125,34.65],[136.062,34.65],[136.062,34.7],[136,34.7],[135.938,34.7],[135.938,34.65],[135.938,34.6],[135.938,34.55],[135.875,34.55],[135.812,34.55],[135.812,34.6],[135.812,34.65],[135.75,34.65],[135.688,34.65],[135.688,34.6],[135.688,34.55],[135.688,34.5],[135.688,34.45],[135.688,34.4],[135.75,34.4],[135.75,34.35],[135.688,34.35],[135.688,34.3],[135.75,34.3],[135.75,34.35],[135.812,34.35],[135.875,34.35],[135.875,34.3],[135.812,34.3],[135.812,34.25],[135.875,34.25],[135.875,34.3],[135.938,34.3],[135.938,34.35],[136,34.35],[136,34.4],[136.062,34.4],[136.125,34.4],[136.125,34.45],[136.062,34.45],[136.062,34.5],[136.062,34.55],[136,34.55],[136,34.5],[135.938,34.5],[135.938,34.45],[135.938,34.4],[135.875,34.4],[135.875,34.45],[135.812,34.45],[135.75,34.45],[135.75,34.5],[135.812,34.5],[135.875,34.5],[135.875,34.55],[135.875,34.6],[135.875,34.65],[135.875,34.7],[135.812,34.7],[135.812,34.75],[135.812,34.8],[135.812,34.85],[135.812,34.9],[135.75,34.9],[135.75,34.95],[135.688,34.95],[135.625,34.95],[135.625,35],[135.562,35],[135.562,34.95],[135.5,34.95],[135.5,35],[135.5,35.05],[135.5,35.1]],[[136.625,35.1],[136.688,35.1],[136.688,35.05],[136.75,35.05],[136.75,35],[136.75,34.95],[136.812,34.95],[136.812,34.9],[136.75,34.9],[136.75,34.85],[136.75,34.8],[136.812,34.8],[136.812,34.75],[136.812,34.7],[136.875,34.7],[136.938,34.7],[136.938,34.75],[136.875,34.75],[136.875,34.8],[136.875,34.85],[136.875,34.9],[136.875,34.95],[136.938,34.95],[136.938,35],[137,35],[137.062,35],[137.062,34.95],[137.125,34.95],[137.188,34.95],[137.188,35],[137.25,35],[137.312,35],[137.312,34.95],[137.25,34.95],[137.25,34.9],[137.188,34.9],[137.188,34.85],[137.125,34.85],[137.125,34.8],[137.062,34.8],[137.062,34.75],[137,34.75],[136.938,34.75],[136.938,34.8],[137,34.8],[137,34.75],[137,34.7],[136.938,34.7],[136.938,34.65],[136.875,34.65],[136.812,34.65],[136.75,34.65],[136.75,34.6],[136.688,34.6],[136.625,34.6],[136.625,34.55],[136.562,34.55],[136.5,34.55],[136.438,34.55],[136.375,34.55],[136.312,34.55],[136.25,34.55],[136.25,34.6],[136.25,34.65],[136.312,34.65],[136.312,34.7],[136.312,34.75],[136.375,34.75],[136.375,34.8],[136.312,34.8],[136.312,34.85],[136.375,34.85],[136.375,34.9],[136.375,34.95],[136.375,35],[136.312,35],[136.312,35.05],[136.375,35.05],[136.438,35.05],[136.5,35.05],[136.562,35.05],[136.625,35.05],[136.625,35.1]],[[132.438,35],[132.5,35],[132.5,34.95],[132.438,34.95],[132.438,35]],[[136.188,34.95],[136.25,34.95],[136.312,34.95],[136.312,34.9],[136.25,34.9],[136.188,34.9],[136.188,34.95]],[[137.625,34.9],[137.688,34.9],[137.75,34.9],[137.75,34.85],[137.812,34.85],[137.875,34.85],[137.875,34.8],[137.875,34.75],[137.938,34.75],[138,34.75],[138,34.7],[138,34.65],[138,34.6],[138.062,34.6],[138.125,34.6],[138.188,34.6],[138.188,34.55],[138.25,34.55],[138.25,34.5],[138.188,34.5],[138.188,34.45],[138.125,34.45],[138.062,34.45],[138.062,34.4],[138,34.4],[138,34.35],[137.938,34.35],[137.938,34.3],[137.875,34.3],[137.812,34.3],[137.75,34.3],[137.688,34.3],[137.625,34.3],[137.562,34.3],[137.5,34.3],[137.438,34.3],[137.438,34.35],[137.375,34.35],[137.375,34.4],[137.375,34.45],[137.375,34.5],[137.438,34.5],[137.438,34.55],[137.438,34.6],[137.5,34.6],[137.562,34.6],[137.562,34.65],[137.625,34.65],[137.688,34.65],[137.688,34.7],[137.75,34.7],[137.812,34.7],[137.812,34.75],[137.812,34.8],[137.75,34.8],[137.688,34.8],[137.625,34.8],[137.625,34.85],[137.625,34.9]],[[134.125,34.85],[134.188,34.85],[134.25,34.85],[134.25,34.8],[134.25,34.75],[134.25,34.7],[134.188,34.7],[134.125,34.7],[134.125,34.65],[134.125,34.6],[134.062,34.6],[134.062,34.55],[134.062,34.5],[134,34.5],[134,34.55],[133.938,34.55],[133.875,34.55],[133.875,34.6],[133.875,34.65],[133.938,34.65],[133.938,34.7],[134,34.7],[134,34.75],[134.062,34.75],[134.062,34.8],[134.125,34.8],[134.125,34.85]],[[137.25,34.85],[137.312,34.85],[137.312,34.8],[137.25,34.8],[137.25,34.85]],[[138.188,34.75],[138.25,34.75],[138.312,34.75],[138.312,34.7],[138.312,34.65],[138.25,34.65],[138.188,34.65],[138.188,34.7],[138.188,34.75]],[[136.625,34.7],[136.562,34.7],[136.562,34.65],[136.625,34.65],[136.625,34.7]],[[134.188,34.6],[134.25,34.6],[134.25,34.55],[134.188,34.55],[134.188,34.6]],[[136.125,34.55],[136.188,34.55],[136.188,34.5],[136.188,34.45],[136.125,34.45],[136.125,34.5],[136.125,34.55]],[[131.938,34.5],[132,34.5],[132.062,34.5],[132.062,34.45],[132.062,34.4],[132.062,34.35],[132,34.35],[132,34.3],[131.938,34.3],[131.938,34.35],[131.938,34.4],[131.938,34.45],[131.938,34.5]],[[130.625,34.45],[130.688,34.45],[130.688,34.4],[130.625,34.4],[130.625,34.45]],[[133.812,34.45],[133.875,34.45],[133.875,34.4],[133.812,34.4],[133.812,34.45]],[[138.812,34.45],[138.875,34.45],[138.938,34.45],[139,34.45],[139.062,34.45],[139.125,34.45],[139.188,34.45],[139.188,34.4],[139.188,34.35],[139.125,34.35],[139.125,34.3],[139.125,34.25],[139.062,34.25],[139.062,34.2],[139.062,34.15],[139.125,34.15],[139.125,34.1],[139.188,34.1],[139.25,34.1],[139.312,34.1],[139.312,34.05],[139.312,34],[139.312,33.95],[139.312,33.9],[139.312,33.85],[139.25,33.85],[139.25,33.8],[139.188,33.8],[139.125,33.8],[139.125,33.75],[139.062,33.75],[139.062,33.7],[139,33.7],[138.938,33.7],[138.875,33.7],[138.875,33.75],[138.875,33.8],[138.875,33.85],[138.875,33.9],[138.812,33.9],[138.75,33.9],[138.688,33.9],[138.625,33.9],[138.625,33.95],[138.625,34],[138.625,34.05],[138.625,34.1],[138.625,34.15],[138.625,34.2],[138.625,34.25],[138.688,34.25],[138.688,34.3],[138.75,34.3],[138.75,34.35],[138.812,34.35],[138.812,34.4],[138.812,34.45]],[[139.562,34.4],[139.625,34.4],[139.688,34.4],[139.75,34.4],[139.75,34.35],[139.812,34.35],[139.812,34.3],[139.812,34.25],[139.812,34.2],[139.812,34.15],[139.75,34.15],[139.75,34.1],[139.688,34.1],[139.688,34.15],[139.688,34.2],[139.688,34.25],[139.75,34.25],[139.75,34.3],[139.688,34.3],[139.688,34.35],[139.625,34.35],[139.562,34.35],[139.562,34.4]],[[133.438,34.35],[133.5,34.35],[133.562,34.35],[133.625,34.35],[133.625,34.3],[133.562,34.3],[133.562,34.25],[133.5,34.25],[133.5,34.3],[133.438,34.3],[133.438,34.35]],[[135.438,34.35],[135.5,34.35],[135.5,34.3],[135.438,34.3],[135.438,34.35]],[[135.562,34.35],[135.625,34.35],[135.625,34.3],[135.562,34.3],[135.562,34.35]],[[136,34.35],[136.062,34.35],[136.062,34.3],[136.062,34.25],[136,34.25],[135.938,34.25],[135.938,34.2],[135.875,34.2],[135.875,34.15],[135.812,34.15],[135.75,34.15],[135.75,34.1],[135.688,34.1],[135.625,34.1],[135.625,34.15],[135.688,34.15],[135.688,34.1],[135.688,34.05],[135.625,34.05],[135.562,34.05],[135.562,34],[135.5,34],[135.5,33.95],[135.438,33.95],[135.438,33.9],[135.375,33.9],[135.375,33.95],[135.312,33.95],[135.312,34],[135.25,34],[135.25,34.05],[135.312,34.05],[135.312,34.1],[135.375,34.1],[135.375,34.15],[135.312,34.15],[135.312,34.2],[135.375,34.2],[135.375,34.25],[135.312,34.25],[135.25,34.25],[135.25,34.2],[135.25,34.15],[135.25,34.1],[135.188,34.1],[135.188,34.05],[135.125,34.05],[135.125,34],[135.062,34],[135.062,33.95],[135,33.95],[135,33.9],[135.062,33.9],[135.125,33.9],[135.125,33.95],[135.188,33.95],[135.188,33.9],[135.188,33.85],[135.25,33.85],[135.312,33.85],[135.375,33.85],[135.375,33.8],[135.375,33.75],[135.438,33.75],[135.5,33.75],[135.562,33.75],[135.625,33.75],[135.688,33.75],[135.688,33.8],[135.75,33.8],[135.812,33.8],[135.812,33.85],[135.812,33.9],[135.75,33.9],[135.688,33.9],[135.625,33.9],[135.625,33.95],[135.688,33.95],[135.688,34],[135.688,34.05],[135.75,34.05],[135.812,34.05],[135.812,34.1],[135.875,34.1],[135.875,34.15],[135.938,34.15],[135.938,34.2],[136,34.2],[136,34.25],[136,34.3],[136,34.35]],[[137,34.35],[137.062,34.35],[137.125,34.35],[137.188,34.35],[137.188,34.3],[137.125,34.3],[137.125,34.25],[137.188,34.25],[137.188,34.2],[137.25,34.2],[137.312,34.2],[137.312,34.25],[137.375,34.25],[137.375,34.2],[137.375,34.15],[137.375,34.1],[137.375,34.05],[137.375,34],[137.375,33.95],[137.375,33.9],[137.312,33.9],[137.25,33.9],[137.188,33.9],[137.125,33.9],[137.062,33.9],[137,33.9],[136.938,33.9],[136.875,33.9],[136.812,33.9],[136.75,33.9],[136.688,33.9],[136.688,33.95],[136.625,33.95],[136.625,33.9],[136.562,33.9],[136.562,33.85],[136.5,33.85],[136.5,33.8],[136.438,33.8],[136.375,33.8],[136.312,33.8],[136.312,33.75],[136.25,33.75],[136.188,33.75],[136.188,33.7],[136.188,33.65],[136.125,33.65],[136.062,33.65],[136.062,33.7],[136.062,33.75],[136.062,33.8],[136.125,33.8],[136.188,33.8],[136.188,33.85],[136.25,33.85],[136.25,33.9],[136.312,33.9],[136.312,33.95],[136.312,34],[136.312,34.05],[136.312,34.1],[136.375,34.1],[136.375,34.05],[136.438,34.05],[136.5,34.05],[136.5,34],[136.562,34],[136.562,34.05],[136.625,34.05],[136.688,34.05],[136.688,34.1],[136.75,34.1],[136.812,34.1],[136.812,34.05],[136.875,34.05],[136.875,34.1],[136.938,34.1],[137,34.1],[137,34.15],[137.062,34.15],[137.062,34.2],[137.062,34.25],[137,34.25],[137,34.3],[137,34.35]],[[134.188,34.2],[134.25,34.2],[134.312,34.2],[134.312,34.15],[134.25,34.15],[134.188,34.15],[134.125,34.15],[134.125,34.1],[134.188,34.1],[134.188,34.15],[134.188,34.2]],[[134.625,34.2],[134.688,34.2],[134.688,34.15],[134.625,34.15],[134.625,34.2]],[[136.625,34.2],[136.688,34.2],[136.75,34.2],[136.75,34.15],[136.688,34.15],[136.625,34.15],[136.625,34.2]],[[133.875,34.15],[133.938,34.15],[133.938,34.1],[134,34.1],[134.062,34.1],[134.062,34.05],[134,34.05],[133.938,34.05],[133.938,34],[133.875,34],[133.812,34],[133.75,34],[133.75,33.95],[133.688,33.95],[133.625,33.95],[133.625,33.9],[133.562,33.9],[133.5,33.9],[133.5,33.85],[133.562,33.85],[133.625,33.85],[133.688,33.85],[133.75,33.85],[133.75,33.9],[133.75,33.95],[133.812,33.95],[133.875,33.95],[133.875,34],[133.875,34.05],[133.875,34.1],[133.875,34.15]],[[130.188,34.05],[130.25,34.05],[130.25,34],[130.188,34],[130.188,34.05]],[[134.25,34.05],[134.312,34.05],[134.375,34.05],[134.375,34],[134.375,33.95],[134.312,33.95],[134.312,34],[134.25,34],[134.25,34.05]],[[134.625,34.05],[134.688,34.05],[134.688,34],[134.625,34],[134.562,34],[134.562,33.95],[134.5,33.95],[134.5,33.9],[134.562,33.9],[134.562,33.95],[134.625,33.95],[134.625,34],[134.625,34.05]],[[134.125,34],[134.188,34],[134.188,33.95],[134.25,33.95],[134.25,33.9],[134.188,33.9],[134.125,33.9],[134.125,33.95],[134.125,34]],[[134.688,34],[134.75,34],[134.75,33.95],[134.75,33.9],[134.688,33.9],[134.688,33.85],[134.625,33.85],[134.562,33.85],[134.562,33.9],[134.625,33.9],[134.625,33.95],[134.688,33.95],[134.688,34]],[[134.375,33.9],[134.438,33.9],[134.438,33.85],[134.5,33.85],[134.5,33.8],[134.438,33.8],[134.375,33.8],[134.375,33.85],[134.375,33.9]],[[140,33.9],[140.062,33.9],[140.125,33.9],[140.125,33.85],[140.125,33.8],[140.125,33.75],[140.125,33.7],[140.125,33.65],[140.125,33.6],[140.125,33.55],[140.125,33.5],[140.188,33.5],[140.25,33.5],[140.25,33.45],[140.188,33.45],[140.125,33.45],[140.062,33.45],[140,33.45],[139.938,33.45],[139.938,33.4],[139.875,33.4],[139.812,33.4],[139.812,33.35],[139.812,33.3],[139.75,33.3],[139.75,33.25],[139.75,33.2],[139.688,33.2],[139.688,33.15],[139.625,33.15],[139.625,33.1],[139.562,33.1],[139.562,33.15],[139.5,33.15],[139.5,33.2],[139.438,33.2],[139.438,33.15],[139.438,33.1],[139.375,33.1],[139.375,33.15],[139.375,33.2],[139.375,33.25],[139.375,33.3],[139.375,33.35],[139.438,33.35],[139.5,33.35],[139.562,33.35],[139.625,33.35],[139.625,33.4],[139.625,33.45],[139.625,33.5],[139.688,33.5],[139.688,33.55],[139.688,33.6],[139.75,33.6],[139.812,33.6],[139.875,33.6],[139.875,33.65],[139.875,33.7],[139.938,33.7],[139.938,33.75],[139.938,33.8],[140,33.8],[140,33.85],[140,33.9]],[[133.125,33.8],[133.188,33.8],[133.188,33.75],[133.125,33.75],[133.125,33.8]],[[134.5,33.8],[134.562,33.8],[134.562,33.75],[134.625,33.75],[134.625,33.8],[134.688,33.8],[134.688,33.75],[134.625,33.75],[134.625,33.7],[134.562,33.7],[134.5,33.7],[134.438,33.7],[134.375,33.7],[134.375,33.65],[134.312,33.65],[134.312,33.7],[134.25,33.7],[134.25,33.65],[134.25,33.6],[134.25,33.55],[134.25,33.5],[134.25,33.45],[134.188,33.45],[134.125,33.45],[134.125,33.5],[134.062,33.5],[134,33.5],[133.938,33.5],[133.938,33.55],[133.938,33.6],[134,33.6],[134,33.65],[134.062,33.65],[134.125,33.65],[134.125,33.7],[134.062,33.7],[134.062,33.75],[134.125,33.75],[134.125,33.7],[134.188,33.7],[134.188,33.75],[134.25,33.75],[134.312,33.75],[134.375,33.75],[134.438,33.75],[134.5,33.75],[134.5,33.8]],[[135.062,33.75],[135.125,33.75],[135.188,33.75],[135.188,33.7],[135.188,33.65],[135.125,33.65],[135.125,33.6],[135.062,33.6],[135.062,33.55],[135.125,33.55],[135.125,33.6],[135.188,33.6],[135.25,33.6],[135.25,33.65],[135.312,33.65],[135.375,33.65],[135.375,33.7],[135.438,33.7],[135.438,33.65],[135.375,33.65],[135.375,33.6],[135.375,33.55],[135.438,33.55],[135.438,33.5],[135.438,33.45],[135.438,33.4],[135.438,33.35],[135.375,33.35],[135.375,33.3],[135.312,33.3],[135.312,33.25],[135.375,33.25],[135.438,33.25],[135.438,33.2],[135.375,33.2],[135.312,33.2],[135.25,33.2],[135.188,33.2],[135.188,33.25],[135.188,33.3],[135.25,33.3],[135.25,33.35],[135.312,33.35],[135.312,33.4],[135.25,33.4],[135.188,33.4],[135.125,33.4],[135.062,33.4],[135,33.4],[134.938,33.4],[134.938,33.35],[134.875,33.35],[134.875,33.3],[134.812,33.3],[134.75,33.3],[134.688,33.3],[134.625,33.3],[134.625,33.25],[134.625,33.2],[134.562,33.2],[134.562,33.15],[134.5,33.15],[134.5,33.1],[134.5,33.05],[134.438,33.05],[134.375,33.05],[134.312,33.05],[134.312,33],[134.25,33],[134.188,33],[134.188,32.95],[134.125,32.95],[134.125,32.9],[134.188,32.9],[134.25,32.9],[134.25,32.95],[134.312,32.95],[134.312,33],[134.375,33],[134.375,33.05],[134.375,33.1],[134.375,33.15],[134.438,33.15],[134.438,33.2],[134.438,33.25],[134.5,33.25],[134.5,33.3],[134.562,33.3],[134.562,33.35],[134.562,33.4],[134.625,33.4],[134.625,33.45],[134.688,33.45],[134.75,33.45],[134.75,33.5],[134.812,33.5],[134.812,33.55],[134.812,33.6],[134.812,33.65],[134.875,33.65],[134.875,33.7],[134.938,33.7],[135,33.7],[135,33.65],[135.062,33.65],[135.062,33.7],[135.062,33.75]],[[139.375,33.7],[139.438,33.7],[139.5,33.7],[139.5,33.65],[139.5,33.6],[139.438,33.6],[139.375,33.6],[139.375,33.65],[139.375,33.7]],[[134.5,33.65],[134.562,33.65],[134.562,33.6],[134.5,33.6],[134.5,33.65]],[[135.188,33.55],[135.125,33.55],[135.125,33.5],[135.188,33.5],[135.25,33.5],[135.25,33.55],[135.188,33.55]],[[133,33.5],[133.062,33.5],[133.125,33.5],[133.125,33.45],[133.062,33.45],[133,33.45],[133,33.5]],[[135.875,33.5],[135.938,33.5],[136,33.5],[136,33.45],[136,33.4],[135.938,33.4],[135.938,33.35],[135.875,33.35],[135.812,33.35],[135.812,33.3],[135.75,33.3],[135.688,33.3],[135.625,33.3],[135.562,33.3],[135.562,33.25],[135.625,33.25],[135.688,33.25],[135.688,33.3],[135.688,33.35],[135.688,33.4],[135.688,33.45],[135.75,33.45],[135.75,33.4],[135.812,33.4],[135.875,33.4],[135.875,33.45],[135.875,33.5]],[[134,33.4],[134.062,33.4],[134.062,33.35],[134,33.35],[134,33.4]],[[140.188,33.4],[140.25,33.4],[140.25,33.35],[140.188,33.35],[140.125,33.35],[140.125,33.3],[140.062,33.3],[140.062,33.25],[140.125,33.25],[140.125,33.2],[140.062,33.2],[140.062,33.15],[140,33.15],[140,33.1],[139.938,33.1],[139.875,33.1],[139.875,33.05],[139.875,33],[139.938,33],[139.938,32.95],[140,32.95],[140,32.9],[140,32.85],[140.062,32.85],[140.062,32.9],[140.125,32.9],[140.188,32.9],[140.188,32.95],[140.188,33],[140.25,33],[140.312,33],[140.312,33.05],[140.312,33.1],[140.375,33.1],[140.375,33.15],[140.375,33.2],[140.375,33.25],[140.375,33.3],[140.312,33.3],[140.312,33.25],[140.312,33.2],[140.25,33.2],[140.188,33.2],[140.188,33.25],[140.188,33.3],[140.188,33.35],[140.188,33.4]],[[134.125,33.35],[134.188,33.35],[134.25,33.35],[134.25,33.3],[134.188,33.3],[134.188,33.25],[134.188,33.2],[134.125,33.2],[134.125,33.25],[134.062,33.25],[134.062,33.3],[134.125,33.3],[134.125,33.35]],[[131.125,33.25],[131.188,33.25],[131.188,33.2],[131.188,33.15],[131.125,33.15],[131.125,33.2],[131.125,33.25]],[[131.25,33.25],[131.312,33.25],[131.312,33.2],[131.375,33.2],[131.375,33.15],[131.312,33.15],[131.25,33.15],[131.188,33.15],[131.188,33.1],[131.25,33.1],[131.25,33.15],[131.25,33.2],[131.25,33.25]],[[131.438,33.15],[131.5,33.15],[131.562,33.15],[131.625,33.15],[131.625,33.1],[131.688,33.1],[131.688,33.05],[131.625,33.05],[131.625,33],[131.688,33],[131.75,33],[131.75,32.95],[131.688,32.95],[131.688,32.9],[131.625,32.9],[131.625,32.85],[131.688,32.85],[131.688,32.8],[131.625,32.8],[131.562,32.8],[131.562,32.75],[131.5,32.75],[131.5,32.8],[131.438,32.8],[131.375,32.8],[131.375,32.85],[131.312,32.85],[131.312,32.8],[131.25,32.8],[131.25,32.85],[131.188,32.85],[131.188,32.9],[131.25,32.9],[131.25,32.95],[131.312,32.95],[131.375,32.95],[131.375,33],[131.375,33.05],[131.375,33.1],[131.438,33.1],[131.438,33.15]],[[133,33.15],[133.062,33.15],[133.125,33.15],[133.188,33.15],[133.188,33.1],[133.125,33.1],[133.062,33.1],[133,33.1],[133,33.15]],[[130.938,33.1],[131,33.1],[131,33.05],[130.938,33.05],[130.938,33.1]],[[139.625,33.1],[139.688,33.1],[139.75,33.1],[139.75,33.05],[139.812,33.05],[139.812,33],[139.812,32.95],[139.75,32.95],[139.75,33],[139.688,33],[139.625,33],[139.625,33.05],[139.625,33.1]],[[131.5,33.05],[131.438,33.05],[131.438,33],[131.5,33],[131.5,33.05]],[[133,33.05],[133.062,33.05],[133.125,33.05],[133.125,33],[133.062,33],[133.062,32.95],[133.062,32.9],[133,32.9],[133,32.95],[133,33],[133,33.05]],[[131.125,32.65],[131.188,32.65],[131.188,32.6],[131.188,32.55],[131.125,32.55],[131.125,32.6],[131.125,32.65]],[[131.375,32.6],[131.438,32.6],[131.438,32.55],[131.375,32.55],[131.375,32.6]],[[131.438,32.5],[131.5,32.5],[131.5,32.45],[131.438,32.45],[131.438,32.5]],[[130.375,32.35],[130.438,32.35],[130.438,32.3],[130.375,32.3],[130.375,32.35]],[[131.5,32.35],[131.562,32.35],[131.625,32.35],[131.625,32.3],[131.562,32.3],[131.5,32.3],[131.5,32.35]],[[131.5,32.25],[131.562,32.25],[131.625,32.25],[131.688,32.25],[131.75,32.25],[131.75,32.2],[131.688,32.2],[131.625,32.2],[131.625,32.15],[131.562,32.15],[131.562,32.2],[131.5,32.2],[131.5,32.25]],[[131.812,32.25],[131.875,32.25],[131.938,32.25],[132,32.25],[132.062,32.25],[132.125,32.25],[132.125,32.2],[132.125,32.15],[132.062,32.15],[132,32.15],[132,32.2],[131.938,32.2],[131.875,32.2],[131.812,32.2],[131.75,32.2],[131.75,32.15],[131.812,32.15],[131.812,32.2],[131.812,32.25]],[[130.625,32.15],[130.688,32.15],[130.75,32.15],[130.75,32.1],[130.75,32.05],[130.812,32.05],[130.812,32],[130.812,31.95],[130.875,31.95],[130.938,31.95],[130.938,31.9],[131,31.9],[131,31.85],[130.938,31.85],[130.938,31.8],[131,31.8],[131,31.75],[131.062,31.75],[131.062,31.7],[131.125,31.7],[131.188,31.7],[131.25,31.7],[131.25,31.75],[131.188,31.75],[131.125,31.75],[131.125,31.8],[131.125,31.85],[131.062,31.85],[131.062,31.9],[131.062,31.95],[131.125,31.95],[131.125,32],[131.188,32],[131.188,31.95],[131.25,31.95],[131.25,31.9],[131.312,31.9],[131.312,31.85],[131.375,31.85],[131.375,31.9],[131.438,31.9],[131.438,31.95],[131.438,32],[131.375,32],[131.375,32.05],[131.312,32.05],[131.312,32.1],[131.375,32.1],[131.375,32.05],[131.438,32.05],[131.438,32],[131.5,32],[131.5,32.05],[131.562,32.05],[131.562,32.1],[131.625,32.1],[131.688,32.1],[131.688,32.05],[131.625,32.05],[131.625,32],[131.625,31.95],[131.625,31.9],[131.625,31.85],[131.688,31.85],[131.688,31.8],[131.688,31.75],[131.688,31.7],[131.688,31.65],[131.625,31.65],[131.625,31.7],[131.625,31.75],[131.562,31.75],[131.562,31.8],[131.562,31.85],[131.562,31.9],[131.5,31.9],[131.5,31.85],[131.438,31.85],[131.375,31.85],[131.375,31.8],[131.438,31.8],[131.5,31.8],[131.5,31.75],[131.5,31.7],[131.438,31.7],[131.438,31.75],[131.375,31.75],[131.375,31.7],[131.312,31.7],[131.312,31.65],[131.25,31.65],[131.188,31.65],[131.188,31.6],[131.125,31.6],[131.062,31.6],[131.062,31.65],[131,31.65],[131,31.7],[130.938,31.7],[130.938,31.65],[130.938,31.6],[130.938,31.55],[130.938,31.5],[131,31.5],[131,31.45],[131,31.4],[131.062,31.4],[131.062,31.35],[131.062,31.3],[131.062,31.25],[131.062,31.2],[131,31.2],[130.938,31.2],[130.938,31.25],[130.875,31.25],[130.875,31.3],[130.812,31.3],[130.75,31.3],[130.75,31.35],[130.75,31.4],[130.688,31.4],[130.688,31.45],[130.688,31.5],[130.625,31.5],[130.625,31.55],[130.562,31.55],[130.562,31.5],[130.562,31.45],[130.562,31.4],[130.562,31.35],[130.625,31.35],[130.625,31.3],[130.688,31.3],[130.688,31.25],[130.688,31.2],[130.625,31.2],[130.562,31.2],[130.5,31.2],[130.438,31.2],[130.438,31.25],[130.375,31.25],[130.375,31.3],[130.375,31.35],[130.312,31.35],[130.312,31.4],[130.312,31.45],[130.375,31.45],[130.375,31.5],[130.375,31.55],[130.375,31.6],[130.375,31.65],[130.375,31.7],[130.438,31.7],[130.438,31.75],[130.5,31.75],[130.5,31.8],[130.562,31.8],[130.625,31.8],[130.688,31.8],[130.75,31.8],[130.75,31.85],[130.75,31.9],[130.75,31.95],[130.688,31.95],[130.688,31.9],[130.625,31.9],[130.625,31.95],[130.562,31.95],[130.562,32],[130.562,32.05],[130.625,32.05],[130.625,32.1],[130.625,32.15]],[[131.188,31.9],[131.125,31.9],[131.125,31.85],[131.188,31.85],[131.188,31.9]],[[130.688,31.7],[130.625,31.7],[130.625,31.65],[130.688,31.65],[130.75,31.65],[130.75,31.7],[130.688,31.7]],[[129.688,31.65],[129.75,31.65],[129.75,31.6],[129.688,31.6],[129.688,31.65]],[[131.688,31.65],[131.75,31.65],[131.75,31.6],[131.812,31.6],[131.875,31.6],[131.875,31.55],[131.875,31.5],[131.875,31.45],[131.812,31.45],[131.812,31.4],[131.75,31.4],[131.688,31.4],[131.688,31.45],[131.688,31.5],[131.688,31.55],[131.688,31.6],[131.688,31.65]],[[131.5,30.95],[131.562,30.95],[131.625,30.95],[131.625,30.9],[131.562,30.9],[131.562,30.85],[131.5,30.85],[131.5,30.8],[131.5,30.75],[131.438,30.75],[131.438,30.8],[131.438,30.85],[131.438,30.9],[131.5,30.9],[131.5,30.95]],[[130.25,30.85],[130.312,30.85],[130.375,30.85],[130.438,30.85],[130.5,30.85],[130.5,30.8],[130.438,30.8],[130.375,30.8],[130.375,30.75],[130.312,30.75],[130.25,30.75],[130.25,30.8],[130.25,30.85]],[[130.812,30.8],[130.875,30.8],[130.875,30.75],[130.875,30.7],[130.812,30.7],[130.812,30.75],[130.812,30.8]],[[130.562,30.55],[130.625,30.55],[130.688,30.55],[130.688,30.5],[130.688,30.45],[130.625,30.45],[130.625,30.5],[130.562,30.5],[130.562,30.55]],[[130.25,30.5],[130.312,30.5],[130.312,30.45],[130.312,30.4],[130.25,30.4],[130.25,30.45],[130.25,30.5]],[[130.375,30.35],[130.438,30.35],[130.438,30.3],[130.5,30.3],[130.562,30.3],[130.625,30.3],[130.625,30.35],[130.688,30.35],[130.688,30.3],[130.688,30.25],[130.625,30.25],[130.625,30.2],[130.562,30.2],[130.5,30.2],[130.438,30.2],[130.375,30.2],[130.375,30.25],[130.375,30.3],[130.375,30.35]],[[130,28.6],[130.062,28.6],[130.125,28.6],[130.125,28.55],[130.062,28.55],[130,28.55],[130,28.6]],[[129.25,28.35],[129.312,28.35],[129.375,28.35],[129.375,28.3],[129.438,28.3],[129.438,28.25],[129.375,28.25],[129.312,28.25],[129.312,28.2],[129.25,28.2],[129.25,28.25],[129.188,28.25],[129.188,28.3],[129.25,28.3],[129.25,28.35]],[[130.125,28.3],[130.188,28.3],[130.188,28.25],[130.188,28.2],[130.188,28.15],[130.188,28.1],[130.125,28.1],[130.062,28.1],[130,28.1],[130,28.15],[130.062,28.15],[130.062,28.2],[130.125,28.2],[130.125,28.25],[130.125,28.3]],[[130,28.05],[130.062,28.05],[130.062,28],[130.062,27.95],[130.062,27.9],[130,27.9],[129.938,27.9],[129.875,27.9],[129.875,27.95],[129.938,27.95],[129.938,28],[130,28],[130,28.05]],[[128.875,27.9],[128.938,27.9],[129,27.9],[129,27.85],[129,27.8],[128.938,27.8],[128.938,27.85],[128.875,27.85],[128.875,27.9]],[[129.562,27.75],[129.625,27.75],[129.625,27.7],[129.562,27.7],[129.562,27.75]],[[142.188,27.15],[142.25,27.15],[142.25,27.1],[142.25,27.05],[142.188,27.05],[142.188,27.1],[142.188,27.15]],[[142.125,26.75],[142.188,26.75],[142.188,26.7],[142.125,26.7],[142.125,26.75]],[[131.25,26],[131.312,26],[131.375,26],[131.375,25.95],[131.375,25.9],[131.312,25.9],[131.312,25.85],[131.312,25.8],[131.25,25.8],[131.188,25.8],[131.188,25.85],[131.188,25.9],[131.25,25.9],[131.25,25.95],[131.25,26]]]},"properties":{"level":"5<=mm<10"}},{"type":"Feature","geometry":{"type":"Polygon","coordinates":[[[141.562,40.45],[141.625,40.45],[141.688,40.45],[141.688,40.4],[141.75,40.4],[141.812,40.4],[141.812,40.35],[141.812,40.3],[141.75,40.3],[141.688,40.3],[141.625,40.3],[141.625,40.35],[141.562,40.35],[141.5,40.35],[141.438,40.35],[141.438,40.3],[141.438,40.25],[141.438,40.2],[141.438,40.15],[141.438,40.1],[141.438,40.05],[141.375,40.05],[141.375,40],[141.375,39.95],[141.375,39.9],[141.312,39.9],[141.25,39.9],[141.188,39.9],[141.125,39.9],[141.125,39.95],[141.125,40],[141.062,40],[141.062,39.95],[141.062,39.9],[141,39.9],[141,39.85],[141,39.8],[141,39.75],[141.062,39.75],[141.062,39.8],[141.125,39.8],[141.188,39.8],[141.188,39.75],[141.125,39.75],[141.125,39.7],[141.062,39.7],[141.062,39.65],[141.125,39.65],[141.125,39.7],[141.188,39.7],[141.188,39.65],[141.188,39.6],[141.25,39.6],[141.25,39.65],[141.25,39.7],[141.25,39.75],[141.25,39.8],[141.312,39.8],[141.312,39.75],[141.312,39.7],[141.312,39.65],[141.312,39.6],[141.25,39.6],[141.25,39.55],[141.312,39.55],[141.312,39.5],[141.312,39.45],[141.25,39.45],[141.25,39.5],[141.188,39.5],[141.188,39.45],[141.188,39.4],[141.25,39.4],[141.25,39.35],[141.25,39.3],[141.25,39.25],[141.25,39.2],[141.25,39.15],[141.25,39.1],[141.188,39.1],[141.188,39.05],[141.25,39.05],[141.25,39.1],[141.312,39.1],[141.312,39.05],[141.25,39.05],[141.25,39],[141.188,39],[141.188,38.95],[141.25,38.95],[141.312,38.95],[141.312,39],[141.375,39],[141.375,39.05],[141.375,39.1],[141.438,39.1],[141.438,39.15],[141.375,39.15],[141.375,39.2],[141.375,39.25],[141.438,39.25],[141.438,39.3],[141.375,39.3],[141.375,39.35],[141.438,39.35],[141.438,39.4],[141.5,39.4],[141.5,39.45],[141.5,39.5],[141.438,39.5],[141.438,39.55],[141.375,39.55],[141.375,39.6],[141.375,39.65],[141.375,39.7],[141.375,39.75],[141.375,39.8],[141.375,39.85],[141.375,39.9],[141.438,39.9],[141.438,39.95],[141.5,39.95],[141.5,40],[141.5,40.05],[141.5,40.1],[141.562,40.1],[141.625,40.1],[141.625,40.15],[141.562,40.15],[141.5,40.15],[141.5,40.2],[141.562,40.2],[141.562,40.25],[141.562,40.3],[141.562,40.35],[141.562,40.4],[141.562,40.45]],[[141.875,40.15],[141.938,40.15],[141.938,40.1],[141.875,40.1],[141.875,40.15]],[[141.625,40],[141.688,40],[141.75,40],[141.75,39.95],[141.812,39.95],[141.875,39.95],[141.938,39.95],[142,39.95],[142.062,39.95],[142.125,39.95],[142.125,39.9],[142.188,39.9],[142.188,39.85],[142.25,39.85],[142.25,39.8],[142.312,39.8],[142.312,39.75],[142.375,39.75],[142.375,39.7],[142.375,39.65],[142.375,39.6],[142.375,39.55],[142.375,39.5],[142.375,39.45],[142.375,39.4],[142.375,39.35],[142.312,39.35],[142.312,39.4],[142.25,39.4],[142.188,39.4],[142.188,39.45],[142.125,39.45],[142.125,39.5],[142.125,39.55],[142.125,39.6],[142.125,39.65],[142.062,39.65],[142.062,39.7],[142.062,39.75],[142.062,39.8],[142,39.8],[142,39.85],[142,39.9],[141.938,39.9],[141.875,39.9],[141.875,39.85],[141.875,39.8],[141.875,39.75],[141.875,39.7],[141.875,39.65],[141.812,39.65],[141.812,39.6],[141.75,39.6],[141.75,39.55],[141.75,39.5],[141.688,39.5],[141.625,39.5],[141.625,39.55],[141.562,39.55],[141.5,39.55],[141.5,39.6],[141.438,39.6],[141.438,39.65],[141.438,39.7],[141.438,39.75],[141.5,39.75],[141.5,39.8],[141.562,39.8],[141.562,39.85],[141.562,39.9],[141.625,39.9],[141.625,39.95],[141.625,40]],[[140.5,39.75],[140.562,39.75],[140.562,39.7],[140.5,39.7],[140.5,39.75]],[[139.375,39.7],[139.438,39.7],[139.5,39.7],[139.5,39.65],[139.5,39.6],[139.562,39.6],[139.562,39.55],[139.562,39.5],[139.562,39.45],[139.562,39.4],[139.562,39.35],[139.5,39.35],[139.5,39.3],[139.5,39.25],[139.5,39.2],[139.5,39.15],[139.5,39.1],[139.5,39.05],[139.5,39],[139.562,39],[139.562,38.95],[139.562,38.9],[139.5,38.9],[139.5,38.85],[139.5,38.8],[139.5,38.75],[139.5,38.7],[139.438,38.7],[139.438,38.65],[139.438,38.6],[139.375,38.6],[139.312,38.6],[139.25,38.6],[139.25,38.55],[139.25,38.5],[139.188,38.5],[139.188,38.45],[139.25,38.45],[139.312,38.45],[139.312,38.4],[139.25,38.4],[139.188,38.4],[139.188,38.35],[139.125,38.35],[139.125,38.3],[139.188,38.3],[139.25,38.3],[139.25,38.35],[139.312,38.35],[139.312,38.4],[139.375,38.4],[139.438,38.4],[139.438,38.45],[139.5,38.45],[139.5,38.5],[139.562,38.5],[139.562,38.55],[139.562,38.6],[139.562,38.65],[139.625,38.65],[139.625,38.7],[139.688,38.7],[139.688,38.75],[139.75,38.75],[139.812,38.75],[139.812,38.8],[139.812,38.85],[139.812,38.9],[139.812,38.95],[139.812,39],[139.812,39.05],[139.812,39.1],[139.812,39.15],[139.875,39.15],[139.875,39.2],[139.875,39.25],[139.875,39.3],[139.938,39.3],[139.938,39.35],[140,39.35],[140.062,39.35],[140.125,39.35],[140.125,39.4],[140.188,39.4],[140.188,39.45],[140.188,39.5],[140.125,39.5],[140.125,39.55],[140.188,39.55],[140.25,39.55],[140.312,39.55],[140.312,39.5],[140.312,39.45],[140.312,39.4],[140.25,39.4],[140.25,39.35],[140.312,39.35],[140.375,39.35],[140.375,39.3],[140.375,39.25],[140.312,39.25],[140.312,39.2],[140.312,39.15],[140.312,39.1],[140.312,39.05],[140.375,39.05],[140.375,39],[140.312,39],[140.25,39],[140.25,38.95],[140.25,38.9],[140.25,38.85],[140.25,38.8],[140.188,38.8],[140.188,38.75],[140.125,38.75],[140.062,38.75],[140.062,38.7],[140,38.7],[140,38.65],[140.062,38.65],[140.062,38.6],[140.062,38.55],[140,38.55],[139.938,38.55],[139.938,38.5],[139.875,38.5],[139.875,38.45],[139.875,38.4],[139.875,38.35],[139.875,38.3],[139.875,38.25],[139.812,38.25],[139.75,38.25],[139.75,38.3],[139.75,38.35],[139.688,38.35],[139.625,38.35],[139.625,38.3],[139.625,38.25],[139.562,38.25],[139.562,38.2],[139.562,38.15],[139.562,38.1],[139.562,38.05],[139.562,38],[139.5,38],[139.5,37.95],[139.438,37.95],[139.438,38],[139.438,38.05],[139.5,38.05],[139.5,38.1],[139.5,38.15],[139.5,38.2],[139.5,38.25],[139.438,38.25],[139.438,38.2],[139.375,38.2],[139.375,38.15],[139.375,38.1],[139.312,38.1],[139.312,38.15],[139.25,38.15],[139.25,38.1],[139.25,38.05],[139.312,38.05],[139.312,38],[139.25,38],[139.25,37.95],[139.188,37.95],[139.188,37.9],[139.125,37.9],[139.125,37.85],[139.062,37.85],[139.062,37.8],[139,37.8],[139,37.75],[138.938,37.75],[138.875,37.75],[138.812,37.75],[138.75,37.75],[138.75,37.7],[138.75,37.65],[138.75,37.6],[138.688,37.6],[138.688,37.55],[138.625,37.55],[138.625,37.5],[138.625,37.45],[138.625,37.4],[138.562,37.4],[138.562,37.35],[138.562,37.3],[138.5,37.3],[138.5,37.25],[138.5,37.2],[138.5,37.15],[138.5,37.1],[138.5,37.05],[138.438,37.05],[138.375,37.05],[138.375,37],[138.438,37],[138.438,36.95],[138.5,36.95],[138.5,36.9],[138.562,36.9],[138.562,36.85],[138.562,36.8],[138.562,36.75],[138.5,36.75],[138.438,36.75],[138.375,36.75],[138.375,36.8],[138.375,36.85],[138.312,36.85],[138.312,36.9],[138.25,36.9],[138.188,36.9],[138.188,36.95],[138.125,36.95],[138.125,37],[138.062,37],[138.062,37.05],[138,37.05],[138,37],[138,36.95],[137.938,36.95],[137.875,36.95],[137.812,36.95],[137.812,36.9],[137.812,36.85],[137.812,36.8],[137.75,36.8],[137.75,36.85],[137.75,36.9],[137.75,36.95],[137.75,37],[137.688,37],[137.688,37.05],[137.75,37.05],[137.75,37],[137.812,37],[137.812,37.05],[137.812,37.1],[137.875,37.1],[137.875,37.05],[137.938,37.05],[137.938,37.1],[138,37.1],[138.062,37.1],[138.062,37.15],[138,37.15],[138,37.2],[138.062,37.2],[138.125,37.2],[138.188,37.2],[138.25,37.2],[138.312,37.2],[138.375,37.2],[138.375,37.25],[138.375,37.3],[138.375,37.35],[138.438,37.35],[138.5,37.35],[138.5,37.4],[138.438,37.4],[138.375,37.4],[138.375,37.45],[138.375,37.5],[138.375,37.55],[138.375,37.6],[138.438,37.6],[138.5,37.6],[138.562,37.6],[138.562,37.65],[138.625,37.65],[138.625,37.7],[138.625,37.75],[138.562,37.75],[138.562,37.8],[138.5,37.8],[138.5,37.75],[138.438,37.75],[138.438,37.8],[138.375,37.8],[138.312,37.8],[138.25,37.8],[138.188,37.8],[138.188,37.85],[138.25,37.85],[138.25,37.9],[138.25,37.95],[138.188,37.95],[138.188,38],[138.188,38.05],[138.25,38.05],[138.25,38.1],[138.312,38.1],[138.312,38.15],[138.312,38.2],[138.375,38.2],[138.375,38.25],[138.312,38.25],[138.312,38.3],[138.312,38.35],[138.375,38.35],[138.375,38.4],[138.375,38.45],[138.375,38.5],[138.375,38.55],[138.438,38.55],[138.438,38.6],[138.5,38.6],[138.5,38.65],[138.5,38.7],[138.562,38.7],[138.625,38.7],[138.688,38.7],[138.75,38.7],[138.812,38.7],[138.875,38.7],[138.875,38.75],[138.875,38.8],[138.875,38.85],[138.875,38.9],[138.938,38.9],[139,38.9],[139.062,38.9],[139.125,38.9],[139.125,38.95],[139.125,39],[139.125,39.05],[139.125,39.1],[139.188,39.1],[139.25,39.1],[139.312,39.1],[139.375,39.1],[139.375,39.15],[139.375,39.2],[139.375,39.25],[139.375,39.3],[139.375,39.35],[139.375,39.4],[139.375,39.45],[139.375,39.5],[139.375,39.55],[139.375,39.6],[139.375,39.65],[139.375,39.7]],[[140.688,39.6],[140.75,39.6],[140.75,39.55],[140.688,39.55],[140.688,39.6]],[[140.625,39.5],[140.688,39.5],[140.688,39.45],[140.688,39.4],[140.688,39.35],[140.625,39.35],[140.562,39.35],[140.5,39.35],[140.438,39.35],[140.438,39.3],[140.5,39.3],[140.5,39.35],[140.5,39.4],[140.562,39.4],[140.625,39.4],[140.625,39.45],[140.625,39.5]],[[140.5,39.3],[140.562,39.3],[140.625,39.3],[140.688,39.3],[140.688,39.25],[140.75,39.25],[140.75,39.2],[140.688,39.2],[140.625,39.2],[140.562,39.2],[140.5,39.2],[140.5,39.25],[140.5,39.3]],[[141.438,39.2],[141.5,39.2],[141.562,39.2],[141.625,39.2],[141.625,39.15],[141.625,39.1],[141.562,39.1],[141.5,39.1],[141.5,39.15],[141.438,39.15],[141.438,39.2]],[[140.688,39.1],[140.75,39.1],[140.75,39.05],[140.75,39],[140.688,39],[140.688,38.95],[140.625,38.95],[140.625,39],[140.625,39.05],[140.688,39.05],[140.688,39.1]],[[139.75,38.5],[139.688,38.5],[139.688,38.45],[139.688,38.4],[139.75,38.4],[139.75,38.45],[139.75,38.5]],[[138.438,38.3],[138.375,38.3],[138.375,38.25],[138.438,38.25],[138.438,38.3]],[[137.688,38.2],[137.75,38.2],[137.812,38.2],[137.812,38.15],[137.812,38.1],[137.812,38.05],[137.812,38],[137.75,38],[137.688,38],[137.688,38.05],[137.688,38.1],[137.688,38.15],[137.688,38.2]],[[139.188,38.05],[139.125,38.05],[139.125,38],[139.188,38],[139.188,38.05]],[[139.5,37.95],[139.562,37.95],[139.562,37.9],[139.562,37.85],[139.5,37.85],[139.438,37.85],[139.438,37.9],[139.5,37.9],[139.5,37.95]],[[137.688,37.9],[137.75,37.9],[137.75,37.85],[137.812,37.85],[137.812,37.8],[137.812,37.75],[137.812,37.7],[137.75,37.7],[137.688,37.7],[137.625,37.7],[137.625,37.75],[137.625,37.8],[137.625,37.85],[137.688,37.85],[137.688,37.9]],[[138.688,37.9],[138.625,37.9],[138.625,37.85],[138.688,37.85],[138.688,37.9]],[[139.562,37.85],[139.625,37.85],[139.625,37.8],[139.625,37.75],[139.625,37.7],[139.562,37.7],[139.562,37.75],[139.562,37.8],[139.562,37.85]],[[139.188,37.7],[139.25,37.7],[139.25,37.65],[139.25,37.6],[139.25,37.55],[139.312,37.55],[139.375,37.55],[139.375,37.5],[139.312,37.5],[139.25,37.5],[139.25,37.45],[139.188,37.45],[139.188,37.4],[139.188,37.35],[139.188,37.3],[139.125,37.3],[139.125,37.25],[139.062,37.25],[139.062,37.2],[139.125,37.2],[139.188,37.2],[139.188,37.15],[139.188,37.1],[139.188,37.05],[139.125,37.05],[139.125,37.1],[139.062,37.1],[139.062,37.05],[139.062,37],[139,37],[138.938,37],[138.938,36.95],[138.938,36.9],[138.875,36.9],[138.812,36.9],[138.75,36.9],[138.688,36.9],[138.688,36.95],[138.625,36.95],[138.625,37],[138.688,37],[138.688,36.95],[138.75,36.95],[138.75,37],[138.75,37.05],[138.812,37.05],[138.812,37.1],[138.875,37.1],[138.875,37.15],[138.875,37.2],[138.938,37.2],[138.938,37.25],[138.938,37.3],[138.938,37.35],[139,37.35],[139,37.4],[139,37.45],[139,37.5],[139.062,37.5],[139.062,37.55],[139.062,37.6],[139.125,37.6],[139.188,37.6],[139.188,37.65],[139.188,37.7]],[[138.812,37.65],[138.875,37.65],[138.875,37.6],[138.875,37.55],[138.812,37.55],[138.75,37.55],[138.75,37.5],[138.75,37.45],[138.812,37.45],[138.812,37.5],[138.812,37.55],[138.812,37.6],[138.812,37.65]],[[136.875,37.45],[136.938,37.45],[136.938,37.4],[137,37.4],[137,37.35],[137,37.3],[137,37.25],[137.062,37.25],[137.062,37.2],[137.062,37.15],[137.062,37.1],[137.062,37.05],[137,37.05],[137,37.1],[136.938,37.1],[136.938,37.15],[136.875,37.15],[136.875,37.2],[136.812,37.2],[136.812,37.25],[136.812,37.3],[136.875,37.3],[136.875,37.35],[136.875,37.4],[136.875,37.45]],[[137.75,37.35],[137.812,37.35],[137.875,37.35],[137.875,37.3],[137.938,37.3],[137.938,37.25],[137.875,37.25],[137.812,37.25],[137.75,37.25],[137.75,37.3],[137.75,37.35]],[[138.688,37.3],[138.75,37.3],[138.75,37.25],[138.688,37.25],[138.688,37.3]],[[139.188,37.05],[139.25,37.05],[139.25,37],[139.188,37],[139.188,37.05]],[[137.438,37],[137.5,37],[137.5,36.95],[137.5,36.9],[137.562,36.9],[137.562,36.85],[137.625,36.85],[137.625,36.8],[137.562,36.8],[137.562,36.75],[137.5,36.75],[137.438,36.75],[137.438,36.8],[137.375,36.8],[137.312,36.8],[137.25,36.8],[137.188,36.8],[137.125,36.8],[137.062,36.8],[137,36.8],[136.938,36.8],[136.875,36.8],[136.875,36.85],[136.938,36.85],[137,36.85],[137.062,36.85],[137.062,36.8],[137.062,36.75],[137.062,36.7],[137.062,36.65],[137.062,36.6],[137,36.6],[137,36.65],[137,36.7],[136.938,36.7],[136.938,36.75],[136.875,36.75],[136.875,36.7],[136.812,36.7],[136.812,36.65],[136.875,36.65],[136.875,36.6],[136.812,36.6],[136.75,36.6],[136.75,36.55],[136.688,36.55],[136.688,36.5],[136.75,36.5],[136.812,36.5],[136.812,36.45],[136.812,36.4],[136.875,36.4],[136.938,36.4],[137,36.4],[137,36.45],[136.938,36.45],[136.938,36.5],[137,36.5],[137,36.55],[137.062,36.55],[137.062,36.5],[137.125,36.5],[137.125,36.55],[137.188,36.55],[137.25,36.55],[137.312,36.55],[137.375,36.55],[137.375,36.6],[137.438,36.6],[137.438,36.65],[137.438,36.7],[137.375,36.7],[137.312,36.7],[137.312,36.75],[137.375,36.75],[137.375,36.8],[137.375,36.85],[137.375,36.9],[137.375,36.95],[137.438,36.95],[137.438,37]],[[136.75,36.95],[136.812,36.95],[136.812,36.9],[136.75,36.9],[136.75,36.95]],[[137.625,36.8],[137.688,36.8],[137.688,36.75],[137.75,36.75],[137.75,36.7],[137.75,36.65],[137.688,36.65],[137.688,36.6],[137.625,36.6],[137.625,36.55],[137.562,36.55],[137.562,36.5],[137.625,36.5],[137.625,36.45],[137.562,36.45],[137.5,36.45],[137.438,36.45],[137.438,36.5],[137.375,36.5],[137.312,36.5],[137.312,36.45],[137.375,36.45],[137.375,36.5],[137.375,36.55],[137.438,36.55],[137.438,36.6],[137.5,36.6],[137.5,36.65],[137.562,36.65],[137.562,36.7],[137.625,36.7],[137.625,36.75],[137.625,36.8]],[[137.812,36.7],[137.875,36.7],[137.875,36.65],[137.875,36.6],[137.812,36.6],[137.812,36.65],[137.812,36.7]],[[138.188,36.7],[138.25,36.7],[138.25,36.65],[138.25,36.6],[138.25,36.55],[138.188,36.55],[138.188,36.5],[138.25,36.5],[138.312,36.5],[138.312,36.45],[138.312,36.4],[138.312,36.35],[138.312,36.3],[138.375,36.3],[138.375,36.25],[138.438,36.25],[138.438,36.3],[138.5,36.3],[138.562,36.3],[138.562,36.25],[138.562,36.2],[138.562,36.15],[138.562,36.1],[138.5,36.1],[138.438,36.1],[138.375,36.1],[138.375,36.15],[138.312,36.15],[138.312,36.2],[138.25,36.2],[138.188,36.2],[138.125,36.2],[138.062,36.2],[138.062,36.15],[138,36.15],[137.938,36.15],[137.875,36.15],[137.812,36.15],[137.812,36.2],[137.75,36.2],[137.75,36.25],[137.75,36.3],[137.812,36.3],[137.812,36.35],[137.875,36.35],[137.938,36.35],[137.938,36.4],[138,36.4],[138.062,36.4],[138.062,36.35],[138.125,36.35],[138.125,36.4],[138.125,36.45],[138.125,36.5],[138.062,36.5],[138.062,36.55],[138,36.55],[138,36.6],[138,36.65],[138.062,36.65],[138.125,36.65],[138.188,36.65],[138.188,36.7]],[[137.125,36.5],[137.188,36.5],[137.188,36.45],[137.125,36.45],[137.125,36.5]],[[133.188,36.35],[133.25,36.35],[133.312,36.35],[133.375,36.35],[133.375,36.3],[133.438,36.3],[133.438,36.25],[133.438,36.2],[133.375,36.2],[133.375,36.15],[133.312,36.15],[133.25,36.15],[133.188,36.15],[133.125,36.15],[133.062,36.15],[133,36.15],[132.938,36.15],[132.938,36.1],[132.938,36.05],[132.938,36],[133,36],[133,35.95],[133.062,35.95],[133.125,35.95],[133.125,36],[133.125,36.05],[133.188,36.05],[133.188,36.1],[133.188,36.15],[133.188,36.2],[133.125,36.2],[133.125,36.25],[133.125,36.3],[133.188,36.3],[133.188,36.35]],[[136.062,36.3],[136.125,36.3],[136.188,36.3],[136.188,36.25],[136.125,36.25],[136.062,36.25],[136.062,36.3]],[[137.25,36.2],[137.312,36.2],[137.312,36.15],[137.375,36.15],[137.375,36.1],[137.438,36.1],[137.438,36.05],[137.438,36],[137.375,36],[137.312,36],[137.25,36],[137.25,36.05],[137.188,36.05],[137.125,36.05],[137.125,36],[137.062,36],[137,36],[136.938,36],[136.938,36.05],[137,36.05],[137,36.1],[137.062,36.1],[137.125,36.1],[137.125,36.15],[137.188,36.15],[137.25,36.15],[137.25,36.2]],[[136,36.15],[136.062,36.15],[136.062,36.1],[136.062,36.05],[136.125,36.05],[136.125,36],[136.125,35.95],[136.062,35.95],[136.062,35.9],[136.062,35.85],[136,35.85],[135.938,35.85],[135.938,35.9],[135.938,35.95],[135.938,36],[135.938,36.05],[136,36.05],[136,36.1],[136,36.15]],[[137.438,36],[137.5,36],[137.5,35.95],[137.438,35.95],[137.438,36]],[[137.625,35.95],[137.688,35.95],[137.688,35.9],[137.75,35.9],[137.812,35.9],[137.812,35.85],[137.75,35.85],[137.75,35.8],[137.812,35.8],[137.812,35.75],[137.75,35.75],[137.75,35.7],[137.688,35.7],[137.625,35.7],[137.625,35.65],[137.562,35.65],[137.562,35.7],[137.5,35.7],[137.5,35.75],[137.5,35.8],[137.438,35.8],[137.375,35.8],[137.375,35.85],[137.438,35.85],[137.5,35.85],[137.5,35.8],[137.562,35.8],[137.562,35.85],[137.562,35.9],[137.625,35.9],[137.625,35.95]],[[138.062,35.95],[138.125,35.95],[138.125,35.9],[138.062,35.9],[138,35.9],[137.938,35.9],[137.938,35.85],[137.875,35.85],[137.875,35.8],[137.938,35.8],[137.938,35.75],[138,35.75],[138.062,35.75],[138.062,35.8],[138.062,35.85],[138.062,35.9],[138.062,35.95]],[[135.125,35.8],[135.188,35.8],[135.25,35.8],[135.312,35.8],[135.312,35.75],[135.312,35.7],[135.312,35.65],[135.312,35.6],[135.375,35.6],[135.438,35.6],[135.438,35.65],[135.5,35.65],[135.5,35.6],[135.438,35.6],[135.438,35.55],[135.438,35.5],[135.375,35.5],[135.312,35.5],[135.25,35.5],[135.188,35.5],[135.125,35.5],[135.062,35.5],[135.062,35.55],[135,35.55],[134.938,35.55],[134.938,35.6],[134.875,35.6],[134.875,35.65],[134.875,35.7],[134.938,35.7],[135,35.7],[135,35.75],[135.062,35.75],[135.125,35.75],[135.125,35.8]],[[135.938,35.8],[136,35.8],[136,35.75],[136,35.7],[136,35.65],[135.938,35.65],[135.938,35.7],[135.938,35.75],[135.938,35.8]],[[133.188,35.6],[133.25,35.6],[133.312,35.6],[133.375,35.6],[133.375,35.55],[133.312,35.55],[133.312,35.5],[133.25,35.5],[133.25,35.55],[133.188,35.55],[133.188,35.6]],[[134.188,35.6],[134.25,35.6],[134.312,35.6],[134.312,35.55],[134.312,35.5],[134.312,35.45],[134.25,35.45],[134.188,35.45],[134.188,35.5],[134.125,35.5],[134.062,35.5],[134.062,35.55],[134.125,35.55],[134.188,35.55],[134.188,35.6]],[[135.75,35.6],[135.812,35.6],[135.812,35.55],[135.75,35.55],[135.75,35.6]],[[137.938,35.6],[138,35.6],[138.062,35.6],[138.062,35.55],[138,35.55],[137.938,35.55],[137.938,35.6]],[[133.438,35.55],[133.5,35.55],[133.562,35.55],[133.625,35.55],[133.688,35.55],[133.75,35.55],[133.812,35.55],[133.812,35.5],[133.75,35.5],[133.688,35.5],[133.625,35.5],[133.562,35.5],[133.5,35.5],[133.438,35.5],[133.438,35.55]],[[133.875,35.55],[133.938,35.55],[133.938,35.5],[133.875,35.5],[133.875,35.55]],[[138.062,35.55],[138.125,35.55],[138.125,35.5],[138.125,35.45],[138.125,35.4],[138.062,35.4],[138,35.4],[137.938,35.4],[137.938,35.35],[137.875,35.35],[137.812,35.35],[137.75,35.35],[137.75,35.3],[137.812,35.3],[137.875,35.3],[137.938,35.3],[138,35.3],[138,35.35],[138,35.4],[138,35.45],[138.062,35.45],[138.062,35.5],[138.062,35.55]],[[132.625,35.5],[132.688,35.5],[132.75,35.5],[132.75,35.45],[132.688,35.45],[132.688,35.4],[132.625,35.4],[132.562,35.4],[132.562,35.45],[132.625,35.45],[132.625,35.5]],[[136,35.5],[136.062,35.5],[136.062,35.45],[136,35.45],[136,35.5]],[[136.312,35.45],[136.375,35.45],[136.375,35.4],[136.375,35.35],[136.375,35.3],[136.375,35.25],[136.375,35.2],[136.375,35.15],[136.438,35.15],[136.438,35.1],[136.375,35.1],[136.375,35.05],[136.312,35.05],[136.312,35.1],[136.312,35.15],[136.25,35.15],[136.188,35.15],[136.188,35.2],[136.188,35.25],[136.188,35.3],[136.25,35.3],[136.25,35.35],[136.188,35.35],[136.188,35.4],[136.25,35.4],[136.312,35.4],[136.312,35.45]],[[133.688,35.4],[133.75,35.4],[133.75,35.35],[133.688,35.35],[133.625,35.35],[133.625,35.3],[133.625,35.25],[133.625,35.2],[133.625,35.15],[133.688,35.15],[133.688,35.1],[133.75,35.1],[133.75,35.15],[133.812,35.15],[133.875,35.15],[133.875,35.1],[133.875,35.05],[133.875,35],[133.875,34.95],[133.875,34.9],[133.875,34.85],[133.938,34.85],[133.938,34.8],[133.875,34.8],[133.875,34.75],[133.812,34.75],[133.812,34.8],[133.75,34.8],[133.688,34.8],[133.688,34.85],[133.75,34.85],[133.75,34.9],[133.688,34.9],[133.625,34.9],[133.562,34.9],[133.5,34.9],[133.438,34.9],[133.375,34.9],[133.375,34.85],[133.438,34.85],[133.438,34.8],[133.375,34.8],[133.375,34.75],[133.375,34.7],[133.438,34.7],[133.5,34.7],[133.5,34.65],[133.562,34.65],[133.562,34.7],[133.562,34.75],[133.625,34.75],[133.625,34.7],[133.625,34.65],[133.625,34.6],[133.625,34.55],[133.562,34.55],[133.5,34.55],[133.5,34.5],[133.5,34.45],[133.5,34.4],[133.5,34.35],[133.562,34.35],[133.625,34.35],[133.625,34.4],[133.562,34.4],[133.562,34.45],[133.625,34.45],[133.625,34.5],[133.688,34.5],[133.75,34.5],[133.75,34.55],[133.812,34.55],[133.812,34.5],[133.812,34.45],[133.875,34.45],[133.938,34.45],[134,34.45],[134,34.5],[134,34.55],[133.938,34.55],[133.875,34.55],[133.875,34.6],[133.875,34.65],[133.938,34.65],[133.938,34.7],[134,34.7],[134,34.75],[134.062,34.75],[134.062,34.8],[134.125,34.8],[134.125,34.85],[134.188,34.85],[134.25,34.85],[134.25,34.9],[134.25,34.95],[134.25,35],[134.25,35.05],[134.25,35.1],[134.312,35.1],[134.312,35.15],[134.375,35.15],[134.375,35.2],[134.312,35.2],[134.25,35.2],[134.25,35.25],[134.312,35.25],[134.375,35.25],[134.438,35.25],[134.438,35.3],[134.375,35.3],[134.375,35.35],[134.312,35.35],[134.25,35.35],[134.188,35.35],[134.188,35.3],[134.188,35.25],[134.188,35.2],[134.125,35.2],[134.125,35.25],[134.062,35.25],[134.062,35.3],[134,35.3],[133.938,35.3],[133.875,35.3],[133.812,35.3],[133.812,35.25],[133.75,35.25],[133.75,35.3],[133.688,35.3],[133.688,35.35],[133.688,35.4]],[[136.062,35.4],[136.125,35.4],[136.125,35.35],[136.062,35.35],[136.062,35.4]],[[135.125,35.35],[135.188,35.35],[135.188,35.3],[135.125,35.3],[135.125,35.35]],[[135.25,35.35],[135.312,35.35],[135.375,35.35],[135.375,35.3],[135.438,35.3],[135.5,35.3],[135.562,35.3],[135.625,35.3],[135.625,35.35],[135.688,35.35],[135.75,35.35],[135.812,35.35],[135.875,35.35],[135.875,35.3],[135.812,35.3],[135.75,35.3],[135.688,35.3],[135.688,35.25],[135.75,35.25],[135.812,35.25],[135.812,35.2],[135.812,35.15],[135.812,35.1],[135.812,35.05],[135.75,35.05],[135.75,35],[135.688,35],[135.688,35.05],[135.625,35.05],[135.625,35.1],[135.562,35.1],[135.5,35.1],[135.5,35.05],[135.438,35.05],[135.438,35.1],[135.438,35.15],[135.375,35.15],[135.312,35.15],[135.312,35.2],[135.25,35.2],[135.25,35.25],[135.188,35.25],[135.188,35.3],[135.25,35.3],[135.25,35.35]],[[135.938,35.35],[136,35.35],[136,35.3],[135.938,35.3],[135.938,35.35]],[[132.5,35.3],[132.562,35.3],[132.562,35.25],[132.562,35.2],[132.562,35.15],[132.625,35.15],[132.625,35.1],[132.688,35.1],[132.688,35.15],[132.75,35.15],[132.812,35.15],[132.875,35.15],[132.938,35.15],[133,35.15],[133.062,35.15],[133.125,35.15],[133.188,35.15],[133.188,35.1],[133.125,35.1],[133.062,35.1],[133,35.1],[132.938,35.1],[132.938,35.05],[132.938,35],[132.938,34.95],[132.875,34.95],[132.812,34.95],[132.812,34.9],[132.75,34.9],[132.688,34.9],[132.625,34.9],[132.562,34.9],[132.5,34.9],[132.438,34.9],[132.375,34.9],[132.375,34.85],[132.312,34.85],[132.312,34.9],[132.25,34.9],[132.25,34.85],[132.188,34.85],[132.125,34.85],[132.125,34.8],[132.125,34.75],[132.125,34.7],[132.125,34.65],[132.125,34.6],[132.125,34.55],[132.125,34.5],[132.188,34.5],[132.25,34.5],[132.25,34.45],[132.312,34.45],[132.375,34.45],[132.375,34.4],[132.438,34.4],[132.438,34.35],[132.438,34.3],[132.5,34.3],[132.5,34.25],[132.5,34.2],[132.562,34.2],[132.562,34.15],[132.562,34.1],[132.625,34.1],[132.625,34.05],[132.562,34.05],[132.562,34],[132.5,34],[132.438,34],[132.438,33.95],[132.375,33.95],[132.312,33.95],[132.312,33.9],[132.312,33.85],[132.25,33.85],[132.188,33.85],[132.125,33.85],[132.125,33.8],[132.125,33.75],[132.125,33.7],[132.188,33.7],[132.188,33.75],[132.25,33.75],[132.312,33.75],[132.312,33.8],[132.375,33.8],[132.438,33.8],[132.438,33.85],[132.375,33.85],[132.375,33.9],[132.438,33.9],[132.5,33.9],[132.5,33.95],[132.5,34],[132.5,34.05],[132.438,34.05],[132.438,34.1],[132.375,34.1],[132.375,34.15],[132.312,34.15],[132.25,34.15],[132.25,34.2],[132.25,34.25],[132.188,34.25],[132.188,34.2],[132.125,34.2],[132.125,34.25],[132.125,34.3],[132.062,34.3],[132.062,34.35],[132.062,34.4],[132.062,34.45],[132.062,34.5],[132,34.5],[132,34.55],[132.062,34.55],[132.062,34.6],[132.062,34.65],[132.062,34.7],[132,34.7],[132,34.75],[132,34.8],[132.062,34.8],[132.062,34.85],[132.062,34.9],[132.062,34.95],[132.125,34.95],[132.188,34.95],[132.25,34.95],[132.25,35],[132.312,35],[132.312,35.05],[132.25,35.05],[132.25,35.1],[132.312,35.1],[132.375,35.1],[132.375,35.15],[132.375,35.2],[132.438,35.2],[132.438,35.25],[132.5,35.25],[132.5,35.3]],[[132.625,35.3],[132.688,35.3],[132.688,35.25],[132.625,35.25],[132.625,35.3]],[[133.438,35.2],[133.5,35.2],[133.5,35.15],[133.438,35.15],[133.375,35.15],[133.375,35.1],[133.312,35.1],[133.25,35.1],[133.25,35.15],[133.312,35.15],[133.312,35.1],[133.312,35.05],[133.375,35.05],[133.375,35.1],[133.438,35.1],[133.438,35.15],[133.438,35.2]],[[134.125,35.1],[134.062,35.1],[134.062,35.05],[134.125,35.05],[134.125,35.1]],[[132.5,35],[132.438,35],[132.438,34.95],[132.5,34.95],[132.5,35]],[[136.312,35],[136.375,35],[136.375,34.95],[136.312,34.95],[136.312,35]],[[134.125,34.95],[134.062,34.95],[134.062,34.9],[134,34.9],[134,34.85],[134.062,34.85],[134.062,34.9],[134.125,34.9],[134.125,34.95]],[[135.688,34.95],[135.75,34.95],[135.75,34.9],[135.812,34.9],[135.812,34.85],[135.812,34.8],[135.812,34.75],[135.812,34.7],[135.875,34.7],[135.875,34.65],[135.875,34.6],[135.875,34.55],[135.812,34.55],[135.812,34.6],[135.812,34.65],[135.75,34.65],[135.688,34.65],[135.688,34.7],[135.75,34.7],[135.75,34.75],[135.75,34.8],[135.75,34.85],[135.688,34.85],[135.688,34.9],[135.688,34.95]],[[136,34.95],[136.062,34.95],[136.125,34.95],[136.188,34.95],[136.188,34.9],[136.125,34.9],[136.062,34.9],[136,34.9],[136,34.95]],[[132.438,34.85],[132.5,34.85],[132.562,34.85],[132.562,34.8],[132.5,34.8],[132.438,34.8],[132.438,34.85]],[[131.125,34.8],[131.188,34.8],[131.188,34.75],[131.125,34.75],[131.125,34.8]],[[134.25,34.8],[134.312,34.8],[134.312,34.75],[134.312,34.7],[134.375,34.7],[134.375,34.65],[134.312,34.65],[134.25,34.65],[134.25,34.6],[134.188,34.6],[134.188,34.55],[134.125,34.55],[134.062,34.55],[134.062,34.6],[134.125,34.6],[134.125,34.65],[134.125,34.7],[134.188,34.7],[134.25,34.7],[134.25,34.75],[134.25,34.8]],[[136.938,34.8],[137,34.8],[137,34.75],[136.938,34.75],[136.938,34.8]],[[137.062,34.75],[137.125,34.75],[137.188,34.75],[137.188,34.7],[137.125,34.7],[137.062,34.7],[137.062,34.75]],[[131.25,34.7],[131.312,34.7],[131.375,34.7],[131.375,34.65],[131.312,34.65],[131.25,34.65],[131.188,34.65],[131.125,34.65],[131.125,34.6],[131.125,34.55],[131.062,34.55],[131.062,34.5],[131,34.5],[130.938,34.5],[130.875,34.5],[130.875,34.55],[130.812,34.55],[130.812,34.5],[130.75,34.5],[130.75,34.55],[130.688,34.55],[130.625,34.55],[130.562,34.55],[130.5,34.55],[130.5,34.5],[130.438,34.5],[130.375,34.5],[130.375,34.45],[130.375,34.4],[130.312,34.4],[130.312,34.35],[130.25,34.35],[130.25,34.3],[130.188,34.3],[130.188,34.25],[130.125,34.25],[130.125,34.2],[130.125,34.15],[130.125,34.1],[130.062,34.1],[130,34.1],[130,34.05],[129.938,34.05],[129.938,34],[129.938,33.95],[129.875,33.95],[129.875,33.9],[129.812,33.9],[129.75,33.9],[129.75,33.85],[129.812,33.85],[129.812,33.8],[129.812,33.75],[129.812,33.7],[129.75,33.7],[129.75,33.75],[129.75,33.8],[129.688,33.8],[129.625,33.8],[129.625,33.75],[129.562,33.75],[129.562,33.7],[129.562,33.65],[129.5,33.65],[129.438,33.65],[129.438,33.6],[129.438,33.55],[129.375,33.55],[129.312,33.55],[129.312,33.5],[129.312,33.45],[129.25,33.45],[129.25,33.4],[129.188,33.4],[129.188,33.35],[129.188,33.3],[129.188,33.25],[129.25,33.25],[129.25,33.3],[129.312,33.3],[129.375,33.3],[129.438,33.3],[129.5,33.3],[129.5,33.35],[129.562,33.35],[129.562,33.4],[129.625,33.4],[129.625,33.45],[129.625,33.5],[129.625,33.55],[129.688,33.55],[129.75,33.55],[129.812,33.55],[129.875,33.55],[129.875,33.6],[129.938,33.6],[129.938,33.65],[129.875,33.65],[129.812,33.65],[129.75,33.65],[129.75,33.6],[129.812,33.6],[129.812,33.65],[129.812,33.7],[129.875,33.7],[129.938,33.7],[129.938,33.75],[130,33.75],[130,33.8],[130.062,33.8],[130.125,33.8],[130.125,33.85],[130.188,33.85],[130.188,33.9],[130.25,33.9],[130.312,33.9],[130.312,33.95],[130.312,34],[130.375,34],[130.375,34.05],[130.438,34.05],[130.5,34.05],[130.5,34.1],[130.562,34.1],[130.562,34.15],[130.625,34.15],[130.625,34.2],[130.688,34.2],[130.688,34.25],[130.75,34.25],[130.75,34.3],[130.812,34.3],[130.812,34.25],[130.875,34.25],[130.938,34.25],[130.938,34.3],[131,34.3],[131.062,34.3],[131.062,34.35],[131.125,34.35],[131.125,34.4],[131.188,34.4],[131.25,34.4],[131.312,34.4],[131.312,34.45],[131.312,34.5],[131.312,34.55],[131.25,34.55],[131.188,34.55],[131.188,34.5],[131.125,34.5],[131.062,34.5],[131.062,34.45],[131.125,34.45],[131.188,34.45],[131.25,34.45],[131.25,34.5],[131.25,34.55],[131.25,34.6],[131.25,34.65],[131.25,34.7]],[[136.75,34.65],[136.812,34.65],[136.875,34.65],[136.938,34.65],[137,34.65],[137,34.6],[136.938,34.6],[136.938,34.55],[136.875,34.55],[136.812,34.55],[136.75,34.55],[136.75,34.6],[136.75,34.65]],[[137.375,34.65],[137.438,34.65],[137.5,34.65],[137.562,34.65],[137.562,34.6],[137.5,34.6],[137.438,34.6],[137.438,34.55],[137.438,34.5],[137.375,34.5],[137.375,34.45],[137.375,34.4],[137.375,34.35],[137.438,34.35],[137.438,34.3],[137.375,34.3],[137.375,34.25],[137.312,34.25],[137.312,34.2],[137.25,34.2],[137.188,34.2],[137.188,34.25],[137.125,34.25],[137.125,34.3],[137.188,34.3],[137.188,34.35],[137.125,34.35],[137.062,34.35],[137,34.35],[137,34.3],[137,34.25],[137.062,34.25],[137.062,34.2],[137.062,34.15],[137,34.15],[137,34.1],[136.938,34.1],[136.875,34.1],[136.875,34.05],[136.812,34.05],[136.812,34.1],[136.75,34.1],[136.688,34.1],[136.688,34.05],[136.625,34.05],[136.562,34.05],[136.562,34],[136.5,34],[136.5,34.05],[136.438,34.05],[136.375,34.05],[136.375,34.1],[136.375,34.15],[136.438,34.15],[136.438,34.2],[136.5,34.2],[136.562,34.2],[136.562,34.25],[136.625,34.25],[136.688,34.25],[136.75,34.25],[136.812,34.25],[136.812,34.2],[136.875,34.2],[136.875,34.25],[136.938,34.25],[136.938,34.3],[136.938,34.35],[136.938,34.4],[136.938,34.45],[136.938,34.5],[137,34.5],[137,34.55],[137.062,34.55],[137.125,34.55],[137.188,34.55],[137.188,34.6],[137.25,34.6],[137.312,34.6],[137.375,34.6],[137.375,34.65]],[[129.375,34.6],[129.438,34.6],[129.438,34.55],[129.5,34.55],[129.5,34.5],[129.438,34.5],[129.375,34.5],[129.312,34.5],[129.312,34.45],[129.312,34.4],[129.375,34.4],[129.375,34.45],[129.375,34.5],[129.375,34.55],[129.375,34.6]],[[131.625,34.6],[131.688,34.6],[131.688,34.55],[131.625,34.55],[131.625,34.6]],[[131.688,34.5],[131.75,34.5],[131.812,34.5],[131.875,34.5],[131.938,34.5],[131.938,34.45],[131.938,34.4],[131.938,34.35],[131.938,34.3],[131.875,34.3],[131.812,34.3],[131.812,34.35],[131.812,34.4],[131.75,34.4],[131.688,34.4],[131.688,34.45],[131.688,34.5]],[[135.125,34.5],[135.188,34.5],[135.188,34.45],[135.188,34.4],[135.188,34.35],[135.125,34.35],[135.062,34.35],[135.062,34.3],[135.062,34.25],[135.062,34.2],[135.125,34.2],[135.125,34.15],[135.062,34.15],[135.062,34.1],[135.062,34.05],[135.125,34.05],[135.125,34],[135.062,34],[135.062,33.95],[135,33.95],[135,33.9],[135,33.85],[135.062,33.85],[135.125,33.85],[135.125,33.8],[135.188,33.8],[135.188,33.75],[135.125,33.75],[135.062,33.75],[135.062,33.7],[135.062,33.65],[135,33.65],[135,33.7],[134.938,33.7],[134.875,33.7],[134.875,33.65],[134.812,33.65],[134.812,33.6],[134.812,33.55],[134.812,33.5],[134.75,33.5],[134.75,33.45],[134.688,33.45],[134.625,33.45],[134.625,33.4],[134.562,33.4],[134.562,33.35],[134.562,33.3],[134.5,33.3],[134.5,33.25],[134.438,33.25],[134.438,33.2],[134.438,33.15],[134.375,33.15],[134.375,33.1],[134.375,33.05],[134.312,33.05],[134.312,33],[134.25,33],[134.188,33],[134.188,32.95],[134.125,32.95],[134.125,32.9],[134.062,32.9],[134,32.9],[134,32.95],[134.062,32.95],[134.062,33],[134.062,33.05],[134.125,33.05],[134.125,33.1],[134.188,33.1],[134.188,33.15],[134.25,33.15],[134.25,33.2],[134.312,33.2],[134.312,33.25],[134.375,33.25],[134.375,33.3],[134.375,33.35],[134.438,33.35],[134.438,33.4],[134.375,33.4],[134.312,33.4],[134.312,33.45],[134.25,33.45],[134.188,33.45],[134.125,33.45],[134.125,33.5],[134.062,33.5],[134,33.5],[133.938,33.5],[133.938,33.55],[133.938,33.6],[133.875,33.6],[133.875,33.55],[133.875,33.5],[133.875,33.45],[133.875,33.4],[133.875,33.35],[133.812,33.35],[133.812,33.3],[133.75,33.3],[133.75,33.25],[133.688,33.25],[133.625,33.25],[133.625,33.3],[133.688,33.3],[133.688,33.25],[133.688,33.2],[133.625,33.2],[133.625,33.15],[133.562,33.15],[133.562,33.1],[133.562,33.05],[133.5,33.05],[133.5,33],[133.5,32.95],[133.438,32.95],[133.438,32.9],[133.5,32.9],[133.562,32.9],[133.625,32.9],[133.688,32.9],[133.688,32.95],[133.75,32.95],[133.812,32.95],[133.875,32.95],[133.875,33],[133.938,33],[133.938,33.05],[133.938,33.1],[134,33.1],[134,33.15],[134,33.2],[134.062,33.2],[134.062,33.25],[134.062,33.3],[134.125,33.3],[134.125,33.35],[134.188,33.35],[134.25,33.35],[134.25,33.4],[134.25,33.45],[134.25,33.5],[134.25,33.55],[134.312,33.55],[134.312,33.5],[134.375,33.5],[134.375,33.55],[134.375,33.6],[134.375,33.65],[134.375,33.7],[134.438,33.7],[134.5,33.7],[134.562,33.7],[134.625,33.7],[134.625,33.75],[134.688,33.75],[134.688,33.8],[134.75,33.8],[134.75,33.85],[134.75,33.9],[134.75,33.95],[134.75,34],[134.688,34],[134.688,34.05],[134.625,34.05],[134.625,34],[134.562,34],[134.562,33.95],[134.5,33.95],[134.5,33.9],[134.438,33.9],[134.375,33.9],[134.312,33.9],[134.25,33.9],[134.188,33.9],[134.125,33.9],[134.125,33.95],[134.125,34],[134.062,34],[134.062,33.95],[134.062,33.9],[134,33.9],[133.938,33.9],[133.875,33.9],[133.812,33.9],[133.812,33.85],[133.812,33.8],[133.75,33.8],[133.688,33.8],[133.688,33.85],[133.75,33.85],[133.75,33.9],[133.75,33.95],[133.812,33.95],[133.875,33.95],[133.875,34],[133.938,34],[133.938,34.05],[134,34.05],[134,34],[134,33.95],[133.938,33.95],[133.875,33.95],[133.875,33.9],[133.875,33.85],[133.875,33.8],[133.875,33.75],[133.938,33.75],[133.938,33.8],[134,33.8],[134,33.75],[134,33.7],[133.938,33.7],[133.938,33.65],[133.938,33.6],[134,33.6],[134,33.65],[134.062,33.65],[134.062,33.7],[134.062,33.75],[134.062,33.8],[134.125,33.8],[134.188,33.8],[134.188,33.75],[134.125,33.75],[134.125,33.7],[134.188,33.7],[134.188,33.75],[134.25,33.75],[134.312,33.75],[134.312,33.8],[134.375,33.8],[134.375,33.85],[134.375,33.9],[134.375,33.95],[134.375,34],[134.375,34.05],[134.312,34.05],[134.25,34.05],[134.25,34],[134.188,34],[134.125,34],[134.125,34.05],[134.062,34.05],[134.062,34.1],[134.125,34.1],[134.188,34.1],[134.188,34.15],[134.25,34.15],[134.312,34.15],[134.312,34.2],[134.375,34.2],[134.438,34.2],[134.438,34.25],[134.5,34.25],[134.562,34.25],[134.562,34.3],[134.625,34.3],[134.625,34.25],[134.625,34.2],[134.625,34.15],[134.688,34.15],[134.75,34.15],[134.812,34.15],[134.875,34.15],[134.875,34.2],[134.938,34.2],[134.938,34.25],[135,34.25],[135,34.3],[135,34.35],[134.938,34.35],[134.938,34.4],[135,34.4],[135.062,34.4],[135.062,34.45],[135.125,34.45],[135.125,34.5]],[[135.25,34.5],[135.312,34.5],[135.312,34.45],[135.25,34.45],[135.25,34.5]],[[135.75,34.5],[135.812,34.5],[135.875,34.5],[135.938,34.5],[135.938,34.45],[135.875,34.45],[135.812,34.45],[135.75,34.45],[135.75,34.5]],[[130.688,34.45],[130.625,34.45],[130.625,34.4],[130.688,34.4],[130.688,34.45]],[[129.375,34.4],[129.438,34.4],[129.438,34.35],[129.438,34.3],[129.375,34.3],[129.312,34.3],[129.312,34.35],[129.375,34.35],[129.375,34.4]],[[136,34.4],[136.062,34.4],[136.062,34.35],[136,34.35],[135.938,34.35],[135.938,34.3],[135.938,34.25],[135.875,34.25],[135.812,34.25],[135.812,34.3],[135.812,34.35],[135.75,34.35],[135.75,34.3],[135.688,34.3],[135.625,34.3],[135.562,34.3],[135.5,34.3],[135.5,34.25],[135.438,34.25],[135.438,34.2],[135.375,34.2],[135.375,34.15],[135.375,34.1],[135.312,34.1],[135.312,34.05],[135.25,34.05],[135.25,34],[135.312,34],[135.312,33.95],[135.375,33.95],[135.375,33.9],[135.438,33.9],[135.438,33.95],[135.5,33.95],[135.5,34],[135.562,34],[135.562,34.05],[135.562,34.1],[135.625,34.1],[135.625,34.15],[135.688,34.15],[135.75,34.15],[135.812,34.15],[135.875,34.15],[135.875,34.2],[135.938,34.2],[135.938,34.25],[136,34.25],[136,34.3],[136,34.35],[136,34.4]],[[134.125,34.35],[134.188,34.35],[134.25,34.35],[134.312,34.35],[134.312,34.3],[134.25,34.3],[134.25,34.25],[134.188,34.25],[134.188,34.2],[134.125,34.2],[134.125,34.15],[134.062,34.15],[134,34.15],[134,34.1],[133.938,34.1],[133.938,34.15],[133.875,34.15],[133.875,34.1],[133.812,34.1],[133.75,34.1],[133.75,34.05],[133.688,34.05],[133.688,34],[133.625,34],[133.625,34.05],[133.625,34.1],[133.688,34.1],[133.688,34.15],[133.688,34.2],[133.75,34.2],[133.812,34.2],[133.812,34.25],[133.875,34.25],[133.938,34.25],[134,34.25],[134.062,34.25],[134.062,34.3],[134.125,34.3],[134.125,34.35]],[[129.25,34.2],[129.312,34.2],[129.312,34.15],[129.25,34.15],[129.25,34.2]],[[136.688,34.2],[136.625,34.2],[136.625,34.15],[136.688,34.15],[136.75,34.15],[136.75,34.2],[136.688,34.2]],[[129.188,34.1],[129.25,34.1],[129.25,34.05],[129.188,34.05],[129.188,34.1]],[[134.562,34.1],[134.5,34.1],[134.5,34.05],[134.562,34.05],[134.562,34.1]],[[135.812,34.1],[135.875,34.1],[135.875,34.05],[135.875,34],[135.875,33.95],[135.812,33.95],[135.812,33.9],[135.75,33.9],[135.688,33.9],[135.625,33.9],[135.625,33.95],[135.688,33.95],[135.688,34],[135.688,34.05],[135.75,34.05],[135.812,34.05],[135.812,34.1]],[[130.25,34.05],[130.188,34.05],[130.188,34],[130.25,34],[130.25,34.05]],[[132.812,34.05],[132.875,34.05],[132.875,34],[132.938,34],[133,34],[133.062,34],[133.125,34],[133.125,33.95],[133.125,33.9],[133.188,33.9],[133.25,33.9],[133.25,33.95],[133.312,33.95],[133.312,34],[133.312,34.05],[133.375,34.05],[133.375,34],[133.438,34],[133.5,34],[133.5,33.95],[133.562,33.95],[133.625,33.95],[133.625,33.9],[133.562,33.9],[133.5,33.9],[133.5,33.85],[133.562,33.85],[133.562,33.8],[133.5,33.8],[133.438,33.8],[133.375,33.8],[133.312,33.8],[133.25,33.8],[133.25,33.85],[133.312,33.85],[133.312,33.8],[133.312,33.75],[133.25,33.75],[133.188,33.75],[133.188,33.8],[133.125,33.8],[133.125,33.75],[133.125,33.7],[133.125,33.65],[133.062,33.65],[133.062,33.6],[133,33.6],[133,33.65],[132.938,33.65],[132.938,33.7],[132.938,33.75],[132.938,33.8],[132.875,33.8],[132.875,33.85],[132.875,33.9],[132.812,33.9],[132.812,33.95],[132.812,34],[132.812,34.05]],[[136.25,33.95],[136.312,33.95],[136.312,33.9],[136.25,33.9],[136.188,33.9],[136.188,33.85],[136.125,33.85],[136.125,33.8],[136.188,33.8],[136.188,33.85],[136.25,33.85],[136.25,33.9],[136.25,33.95]],[[129.688,33.75],[129.625,33.75],[129.625,33.7],[129.688,33.7],[129.688,33.75]],[[135.188,33.75],[135.25,33.75],[135.312,33.75],[135.312,33.7],[135.312,33.65],[135.25,33.65],[135.25,33.6],[135.188,33.6],[135.125,33.6],[135.062,33.6],[135.062,33.55],[135.125,33.55],[135.125,33.6],[135.125,33.65],[135.188,33.65],[135.188,33.7],[135.188,33.75]],[[131.062,33.7],[131.125,33.7],[131.125,33.65],[131.125,33.6],[131.125,33.55],[131.125,33.5],[131.062,33.5],[131,33.5],[131,33.45],[130.938,33.45],[130.938,33.5],[130.875,33.5],[130.875,33.55],[130.875,33.6],[130.938,33.6],[131,33.6],[131,33.65],[131.062,33.65],[131.062,33.7]],[[131.625,33.65],[131.688,33.65],[131.75,33.65],[131.75,33.6],[131.75,33.55],[131.75,33.5],[131.75,33.45],[131.688,33.45],[131.688,33.4],[131.75,33.4],[131.75,33.35],[131.812,33.35],[131.812,33.3],[131.75,33.3],[131.75,33.25],[131.75,33.2],[131.75,33.15],[131.688,33.15],[131.688,33.1],[131.625,33.1],[131.625,33.15],[131.562,33.15],[131.5,33.15],[131.438,33.15],[131.438,33.1],[131.375,33.1],[131.375,33.05],[131.375,33],[131.375,32.95],[131.312,32.95],[131.25,32.95],[131.25,32.9],[131.188,32.9],[131.188,32.85],[131.125,32.85],[131.062,32.85],[131.062,32.9],[131,32.9],[131,32.95],[131.062,32.95],[131.125,32.95],[131.188,32.95],[131.188,33],[131.188,33.05],[131.125,33.05],[131.125,33.1],[131.125,33.15],[131.188,33.15],[131.188,33.2],[131.25,33.2],[131.25,33.15],[131.188,33.15],[131.188,33.1],[131.25,33.1],[131.25,33.15],[131.312,33.15],[131.375,33.15],[131.375,33.2],[131.375,33.25],[131.312,33.25],[131.25,33.25],[131.25,33.3],[131.25,33.35],[131.188,33.35],[131.125,33.35],[131.062,33.35],[131.062,33.4],[131.062,33.45],[131.125,33.45],[131.125,33.5],[131.188,33.5],[131.25,33.5],[131.25,33.55],[131.312,33.55],[131.312,33.5],[131.375,33.5],[131.375,33.45],[131.375,33.4],[131.438,33.4],[131.5,33.4],[131.562,33.4],[131.625,33.4],[131.625,33.45],[131.562,33.45],[131.5,33.45],[131.5,33.5],[131.562,33.5],[131.562,33.55],[131.562,33.6],[131.625,33.6],[131.625,33.65]],[[134.562,33.65],[134.5,33.65],[134.5,33.6],[134.562,33.6],[134.562,33.65]],[[132.062,33.6],[132.125,33.6],[132.125,33.55],[132.125,33.5],[132.062,33.5],[132.062,33.45],[132,33.45],[132,33.4],[131.938,33.4],[131.938,33.45],[131.875,33.45],[131.875,33.5],[131.875,33.55],[131.938,33.55],[132,33.55],[132.062,33.55],[132.062,33.6]],[[132.312,33.55],[132.375,33.55],[132.375,33.5],[132.312,33.5],[132.312,33.55]],[[133.062,33.55],[133.125,33.55],[133.125,33.5],[133.062,33.5],[133.062,33.55]],[[135.125,33.55],[135.188,33.55],[135.25,33.55],[135.25,33.5],[135.188,33.5],[135.125,33.5],[135.125,33.55]],[[132.938,33.5],[133,33.5],[133,33.45],[133.062,33.45],[133.125,33.45],[133.125,33.5],[133.188,33.5],[133.25,33.5],[133.25,33.45],[133.25,33.4],[133.25,33.35],[133.312,33.35],[133.312,33.3],[133.312,33.25],[133.375,33.25],[133.438,33.25],[133.438,33.2],[133.375,33.2],[133.312,33.2],[133.25,33.2],[133.25,33.15],[133.25,33.1],[133.188,33.1],[133.125,33.1],[133.062,33.1],[133,33.1],[133,33.15],[133.062,33.15],[133.125,33.15],[133.188,33.15],[133.188,33.1],[133.188,33.05],[133.125,33.05],[133.062,33.05],[133,33.05],[133,33],[133,32.95],[133,32.9],[132.938,32.9],[132.938,32.95],[132.938,33],[132.938,33.05],[132.938,33.1],[132.938,33.15],[132.938,33.2],[133,33.2],[133,33.25],[132.938,33.25],[132.938,33.3],[132.938,33.35],[132.938,33.4],[132.938,33.45],[132.938,33.5]],[[135.438,33.5],[135.5,33.5],[135.562,33.5],[135.562,33.45],[135.625,33.45],[135.688,33.45],[135.688,33.4],[135.688,33.35],[135.688,33.3],[135.625,33.3],[135.562,33.3],[135.562,33.25],[135.5,33.25],[135.438,33.25],[135.375,33.25],[135.312,33.25],[135.312,33.3],[135.375,33.3],[135.375,33.35],[135.438,33.35],[135.438,33.4],[135.438,33.45],[135.438,33.5]],[[132.062,33.45],[132.125,33.45],[132.125,33.4],[132.125,33.35],[132.062,33.35],[132.062,33.3],[132,33.3],[132,33.35],[132,33.4],[132.062,33.4],[132.062,33.45]],[[134.062,33.4],[134,33.4],[134,33.35],[134.062,33.35],[134.062,33.4]],[[134.188,33.3],[134.25,33.3],[134.25,33.25],[134.188,33.25],[134.188,33.3]],[[130.812,33.25],[130.875,33.25],[130.875,33.2],[130.938,33.2],[131,33.2],[131,33.15],[131.062,33.15],[131.062,33.1],[131.062,33.05],[131.062,33],[131,33],[131,33.05],[131,33.1],[130.938,33.1],[130.938,33.15],[130.875,33.15],[130.812,33.15],[130.75,33.15],[130.75,33.2],[130.812,33.2],[130.812,33.25]],[[139.438,33.2],[139.5,33.2],[139.5,33.15],[139.562,33.15],[139.562,33.1],[139.625,33.1],[139.625,33.05],[139.625,33],[139.688,33],[139.75,33],[139.75,32.95],[139.812,32.95],[139.812,33],[139.875,33],[139.938,33],[139.938,32.95],[140,32.95],[140,32.9],[140,32.85],[140.062,32.85],[140.062,32.9],[140.125,32.9],[140.188,32.9],[140.188,32.95],[140.188,33],[140.25,33],[140.312,33],[140.312,33.05],[140.312,33.1],[140.375,33.1],[140.375,33.05],[140.375,33],[140.375,32.95],[140.375,32.9],[140.375,32.85],[140.375,32.8],[140.375,32.75],[140.312,32.75],[140.312,32.7],[140.25,32.7],[140.188,32.7],[140.125,32.7],[140.125,32.65],[140.125,32.6],[140.125,32.55],[140.125,32.5],[140.125,32.45],[140.125,32.4],[140.125,32.35],[140.125,32.3],[140.062,32.3],[140.062,32.25],[140.062,32.2],[140.062,32.15],[140,32.15],[140,32.1],[139.938,32.1],[139.875,32.1],[139.875,32.15],[139.875,32.2],[139.875,32.25],[139.812,32.25],[139.75,32.25],[139.75,32.3],[139.688,32.3],[139.625,32.3],[139.562,32.3],[139.5,32.3],[139.5,32.35],[139.438,32.35],[139.438,32.4],[139.438,32.45],[139.438,32.5],[139.375,32.5],[139.375,32.55],[139.375,32.6],[139.375,32.65],[139.375,32.7],[139.375,32.75],[139.375,32.8],[139.375,32.85],[139.375,32.9],[139.375,32.95],[139.375,33],[139.375,33.05],[139.375,33.1],[139.438,33.1],[139.438,33.15],[139.438,33.2]],[[128.938,33.15],[129,33.15],[129,33.1],[128.938,33.1],[128.875,33.1],[128.812,33.1],[128.812,33.05],[128.812,33],[128.75,33],[128.688,33],[128.688,32.95],[128.625,32.95],[128.625,32.9],[128.562,32.9],[128.562,32.85],[128.5,32.85],[128.5,32.8],[128.438,32.8],[128.438,32.75],[128.375,32.75],[128.312,32.75],[128.312,32.7],[128.25,32.7],[128.25,32.75],[128.188,32.75],[128.188,32.8],[128.125,32.8],[128.125,32.75],[128.125,32.7],[128.062,32.7],[128,32.7],[127.938,32.7],[127.875,32.7],[127.812,32.7],[127.75,32.7],[127.688,32.7],[127.625,32.7],[127.625,32.65],[127.625,32.6],[127.625,32.55],[127.625,32.5],[127.625,32.45],[127.625,32.4],[127.625,32.35],[127.625,32.3],[127.625,32.25],[127.625,32.2],[127.625,32.15],[127.625,32.1],[127.625,32.05],[127.625,32],[127.625,31.95],[127.625,31.9],[127.688,31.9],[127.75,31.9],[127.75,31.95],[127.812,31.95],[127.812,32],[127.875,32],[127.875,32.05],[127.875,32.1],[127.938,32.1],[127.938,32.15],[127.938,32.2],[128,32.2],[128,32.25],[128,32.3],[128.062,32.3],[128.062,32.35],[128.062,32.4],[128.125,32.4],[128.125,32.45],[128.188,32.45],[128.188,32.5],[128.25,32.5],[128.25,32.55],[128.312,32.55],[128.312,32.6],[128.312,32.65],[128.375,32.65],[128.438,32.65],[128.5,32.65],[128.562,32.65],[128.562,32.6],[128.625,32.6],[128.625,32.65],[128.625,32.7],[128.562,32.7],[128.562,32.75],[128.625,32.75],[128.625,32.8],[128.688,32.8],[128.688,32.75],[128.688,32.7],[128.688,32.65],[128.75,32.65],[128.75,32.7],[128.75,32.75],[128.812,32.75],[128.812,32.8],[128.812,32.85],[128.875,32.85],[128.938,32.85],[128.938,32.9],[128.875,32.9],[128.875,32.95],[128.875,33],[128.938,33],[129,33],[129,33.05],[128.938,33.05],[128.938,33.1],[128.938,33.15]],[[131.688,33.1],[131.75,33.1],[131.75,33.05],[131.688,33.05],[131.625,33.05],[131.625,33],[131.688,33],[131.688,33.05],[131.688,33.1]],[[129.188,33.05],[129.25,33.05],[129.312,33.05],[129.375,33.05],[129.375,33],[129.312,33],[129.25,33],[129.25,32.95],[129.188,32.95],[129.125,32.95],[129.125,32.9],[129.062,32.9],[129.062,32.85],[129,32.85],[129,32.8],[129.062,32.8],[129.125,32.8],[129.125,32.85],[129.125,32.9],[129.188,32.9],[129.188,32.95],[129.188,33],[129.188,33.05]],[[131.438,33.05],[131.5,33.05],[131.5,33],[131.438,33],[131.438,33.05]],[[131.688,32.95],[131.75,32.95],[131.75,32.9],[131.688,32.9],[131.688,32.95]],[[132.438,32.9],[132.5,32.9],[132.5,32.85],[132.5,32.8],[132.438,32.8],[132.438,32.85],[132.438,32.9]],[[130.438,32.8],[130.5,32.8],[130.562,32.8],[130.562,32.75],[130.562,32.7],[130.5,32.7],[130.438,32.7],[130.438,32.75],[130.438,32.8]],[[131.562,32.8],[131.625,32.8],[131.688,32.8],[131.688,32.75],[131.625,32.75],[131.625,32.7],[131.562,32.7],[131.562,32.75],[131.562,32.8]],[[131.125,32.7],[131.188,32.7],[131.25,32.7],[131.25,32.65],[131.25,32.6],[131.188,32.6],[131.188,32.65],[131.125,32.65],[131.125,32.7]],[[131.75,32.6],[131.812,32.6],[131.812,32.55],[131.75,32.55],[131.75,32.6]],[[130.375,32.55],[130.438,32.55],[130.5,32.55],[130.5,32.5],[130.5,32.45],[130.438,32.45],[130.438,32.4],[130.5,32.4],[130.5,32.45],[130.562,32.45],[130.562,32.4],[130.562,32.35],[130.625,32.35],[130.625,32.3],[130.625,32.25],[130.625,32.2],[130.688,32.2],[130.75,32.2],[130.812,32.2],[130.875,32.2],[130.875,32.25],[130.938,32.25],[131,32.25],[131,32.2],[131.062,32.2],[131.062,32.25],[131.062,32.3],[131,32.3],[131,32.35],[131.062,32.35],[131.062,32.4],[131.125,32.4],[131.125,32.35],[131.125,32.3],[131.125,32.25],[131.125,32.2],[131.125,32.15],[131.188,32.15],[131.188,32.1],[131.25,32.1],[131.312,32.1],[131.312,32.15],[131.312,32.2],[131.25,32.2],[131.25,32.25],[131.188,32.25],[131.188,32.3],[131.25,32.3],[131.25,32.25],[131.312,32.25],[131.375,32.25],[131.375,32.3],[131.375,32.35],[131.375,32.4],[131.438,32.4],[131.438,32.35],[131.5,32.35],[131.5,32.4],[131.562,32.4],[131.625,32.4],[131.625,32.35],[131.562,32.35],[131.5,32.35],[131.5,32.3],[131.5,32.25],[131.5,32.2],[131.5,32.15],[131.562,32.15],[131.625,32.15],[131.625,32.2],[131.688,32.2],[131.75,32.2],[131.75,32.25],[131.688,32.25],[131.625,32.25],[131.625,32.3],[131.688,32.3],[131.688,32.35],[131.688,32.4],[131.75,32.4],[131.812,32.4],[131.812,32.35],[131.875,32.35],[131.875,32.3],[131.938,32.3],[132,32.3],[132.062,32.3],[132.125,32.3],[132.125,32.25],[132.062,32.25],[132,32.25],[131.938,32.25],[131.875,32.25],[131.812,32.25],[131.812,32.2],[131.75,32.2],[131.75,32.15],[131.75,32.1],[131.688,32.1],[131.625,32.1],[131.562,32.1],[131.5,32.1],[131.5,32.05],[131.5,32],[131.438,32],[131.375,32],[131.375,32.05],[131.312,32.05],[131.312,32.1],[131.375,32.1],[131.375,32.15],[131.375,32.2],[131.438,32.2],[131.438,32.15],[131.438,32.1],[131.375,32.1],[131.375,32.05],[131.438,32.05],[131.438,32],[131.438,31.95],[131.438,31.9],[131.375,31.9],[131.375,31.85],[131.312,31.85],[131.312,31.9],[131.25,31.9],[131.25,31.95],[131.188,31.95],[131.188,32],[131.125,32],[131.125,31.95],[131.062,31.95],[131.062,31.9],[131.062,31.85],[131.125,31.85],[131.125,31.9],[131.188,31.9],[131.188,31.85],[131.125,31.85],[131.125,31.8],[131.125,31.75],[131.188,31.75],[131.25,31.75],[131.25,31.7],[131.188,31.7],[131.125,31.7],[131.062,31.7],[131.062,31.75],[131,31.75],[131,31.8],[130.938,31.8],[130.938,31.85],[131,31.85],[131,31.9],[130.938,31.9],[130.938,31.95],[130.875,31.95],[130.812,31.95],[130.812,32],[130.812,32.05],[130.75,32.05],[130.75,32.1],[130.75,32.15],[130.688,32.15],[130.625,32.15],[130.625,32.1],[130.625,32.05],[130.562,32.05],[130.562,32],[130.562,31.95],[130.625,31.95],[130.625,31.9],[130.688,31.9],[130.688,31.95],[130.75,31.95],[130.75,31.9],[130.75,31.85],[130.75,31.8],[130.688,31.8],[130.625,31.8],[130.562,31.8],[130.5,31.8],[130.5,31.75],[130.438,31.75],[130.438,31.7],[130.375,31.7],[130.375,31.65],[130.375,31.6],[130.375,31.55],[130.375,31.5],[130.375,31.45],[130.312,31.45],[130.312,31.4],[130.312,31.35],[130.375,31.35],[130.375,31.3],[130.375,31.25],[130.438,31.25],[130.438,31.2],[130.375,31.2],[130.312,31.2],[130.25,31.2],[130.188,31.2],[130.188,31.25],[130.188,31.3],[130.125,31.3],[130.125,31.35],[130.125,31.4],[130.062,31.4],[130.062,31.45],[130.125,31.45],[130.188,31.45],[130.25,31.45],[130.25,31.5],[130.312,31.5],[130.312,31.55],[130.312,31.6],[130.312,31.65],[130.25,31.65],[130.25,31.7],[130.188,31.7],[130.125,31.7],[130.125,31.75],[130.062,31.75],[130.062,31.8],[130.062,31.85],[130.125,31.85],[130.188,31.85],[130.188,31.9],[130.188,31.95],[130.125,31.95],[130.125,32],[130.125,32.05],[130.125,32.1],[130.062,32.1],[130,32.1],[130,32.15],[130.062,32.15],[130.062,32.2],[130.062,32.25],[130.062,32.3],[130.125,32.3],[130.125,32.35],[130.188,32.35],[130.25,32.35],[130.312,32.35],[130.312,32.4],[130.312,32.45],[130.312,32.5],[130.375,32.5],[130.375,32.55]],[[131.25,32.55],[131.312,32.55],[131.312,32.5],[131.375,32.5],[131.375,32.45],[131.312,32.45],[131.312,32.4],[131.312,32.35],[131.25,32.35],[131.188,32.35],[131.188,32.4],[131.188,32.45],[131.25,32.45],[131.25,32.5],[131.25,32.55]],[[130.812,32.4],[130.875,32.4],[130.875,32.35],[130.812,32.35],[130.812,32.4]],[[130.375,32.35],[130.312,32.35],[130.312,32.3],[130.375,32.3],[130.438,32.3],[130.438,32.35],[130.375,32.35]],[[129.812,31.9],[129.875,31.9],[129.938,31.9],[129.938,31.85],[129.938,31.8],[129.875,31.8],[129.875,31.75],[129.812,31.75],[129.812,31.7],[129.75,31.7],[129.75,31.65],[129.688,31.65],[129.688,31.6],[129.625,31.6],[129.625,31.65],[129.625,31.7],[129.688,31.7],[129.688,31.75],[129.75,31.75],[129.75,31.8],[129.812,31.8],[129.812,31.85],[129.812,31.9]],[[131.5,31.9],[131.562,31.9],[131.562,31.85],[131.562,31.8],[131.562,31.75],[131.625,31.75],[131.625,31.7],[131.625,31.65],[131.688,31.65],[131.688,31.6],[131.688,31.55],[131.688,31.5],[131.688,31.45],[131.688,31.4],[131.75,31.4],[131.812,31.4],[131.812,31.45],[131.875,31.45],[131.875,31.4],[131.875,31.35],[131.875,31.3],[131.875,31.25],[131.875,31.2],[131.875,31.15],[131.875,31.1],[131.875,31.05],[131.875,31],[131.875,30.95],[131.875,30.9],[131.812,30.9],[131.75,30.9],[131.688,30.9],[131.625,30.9],[131.562,30.9],[131.562,30.85],[131.5,30.85],[131.5,30.8],[131.5,30.75],[131.438,30.75],[131.438,30.8],[131.438,30.85],[131.438,30.9],[131.5,30.9],[131.5,30.95],[131.562,30.95],[131.625,30.95],[131.625,30.9],[131.625,30.85],[131.625,30.8],[131.625,30.75],[131.625,30.7],[131.625,30.65],[131.625,30.6],[131.625,30.55],[131.625,30.5],[131.625,30.45],[131.625,30.4],[131.625,30.35],[131.562,30.35],[131.562,30.3],[131.5,30.3],[131.438,30.3],[131.375,30.3],[131.375,30.25],[131.375,30.2],[131.375,30.15],[131.375,30.1],[131.375,30.05],[131.312,30.05],[131.312,30],[131.25,30],[131.25,29.95],[131.188,29.95],[131.188,29.9],[131.125,29.9],[131.062,29.9],[131,29.9],[130.938,29.9],[130.875,29.9],[130.812,29.9],[130.75,29.9],[130.688,29.9],[130.625,29.9],[130.562,29.9],[130.562,29.95],[130.625,29.95],[130.625,30],[130.625,30.05],[130.688,30.05],[130.688,30.1],[130.688,30.15],[130.688,30.2],[130.625,30.2],[130.625,30.25],[130.688,30.25],[130.688,30.3],[130.688,30.35],[130.688,30.4],[130.688,30.45],[130.688,30.5],[130.688,30.55],[130.625,30.55],[130.562,30.55],[130.562,30.5],[130.5,30.5],[130.438,30.5],[130.375,30.5],[130.375,30.45],[130.438,30.45],[130.438,30.5],[130.438,30.55],[130.5,30.55],[130.5,30.6],[130.562,30.6],[130.562,30.65],[130.562,30.7],[130.625,30.7],[130.688,30.7],[130.75,30.7],[130.75,30.65],[130.812,30.65],[130.812,30.6],[130.812,30.55],[130.812,30.5],[130.75,30.5],[130.75,30.45],[130.812,30.45],[130.812,30.4],[130.812,30.35],[130.812,30.3],[130.875,30.3],[130.875,30.25],[130.938,30.25],[130.938,30.3],[130.938,30.35],[131,30.35],[131,30.4],[131,30.45],[131,30.5],[131.062,30.5],[131.062,30.55],[131.062,30.6],[131.062,30.65],[131.125,30.65],[131.125,30.7],[131.125,30.75],[131.125,30.8],[131.125,30.85],[131.062,30.85],[131,30.85],[131,30.8],[131,30.75],[130.938,30.75],[130.938,30.7],[130.938,30.65],[130.938,30.6],[130.875,30.6],[130.875,30.65],[130.875,30.7],[130.875,30.75],[130.875,30.8],[130.938,30.8],[130.938,30.85],[130.938,30.9],[131,30.9],[131.062,30.9],[131.125,30.9],[131.188,30.9],[131.25,30.9],[131.25,30.95],[131.312,30.95],[131.312,31],[131.312,31.05],[131.375,31.05],[131.375,31.1],[131.375,31.15],[131.438,31.15],[131.438,31.2],[131.438,31.25],[131.438,31.3],[131.438,31.35],[131.5,31.35],[131.5,31.4],[131.5,31.45],[131.438,31.45],[131.375,31.45],[131.375,31.4],[131.375,31.35],[131.312,31.35],[131.25,31.35],[131.188,31.35],[131.188,31.4],[131.125,31.4],[131.062,31.4],[131,31.4],[131,31.45],[131,31.5],[130.938,31.5],[130.938,31.55],[130.938,31.6],[130.938,31.65],[130.938,31.7],[131,31.7],[131,31.65],[131.062,31.65],[131.062,31.6],[131.125,31.6],[131.188,31.6],[131.188,31.65],[131.25,31.65],[131.312,31.65],[131.312,31.7],[131.375,31.7],[131.375,31.75],[131.438,31.75],[131.438,31.7],[131.5,31.7],[131.5,31.75],[131.5,31.8],[131.438,31.8],[131.375,31.8],[131.375,31.85],[131.438,31.85],[131.5,31.85],[131.5,31.9]],[[131.5,31.6],[131.438,31.6],[131.438,31.55],[131.5,31.55],[131.5,31.6]],[[131.062,31.35],[131.125,31.35],[131.125,31.3],[131.188,31.3],[131.188,31.25],[131.125,31.25],[131.125,31.2],[131.062,31.2],[131,31.2],[130.938,31.2],[130.938,31.25],[130.875,31.25],[130.875,31.3],[130.812,31.3],[130.75,31.3],[130.75,31.25],[130.75,31.2],[130.75,31.15],[130.688,31.15],[130.625,31.15],[130.562,31.15],[130.5,31.15],[130.5,31.2],[130.562,31.2],[130.625,31.2],[130.688,31.2],[130.688,31.15],[130.688,31.1],[130.625,31.1],[130.625,31.05],[130.625,31],[130.625,30.95],[130.688,30.95],[130.688,31],[130.75,31],[130.75,31.05],[130.812,31.05],[130.875,31.05],[130.938,31.05],[130.938,31.1],[131,31.1],[131,31.15],[131.062,31.15],[131.062,31.2],[131.062,31.25],[131.062,31.3],[131.062,31.35]],[[129.875,30.9],[129.938,30.9],[130,30.9],[130,30.85],[130,30.8],[129.938,30.8],[129.875,30.8],[129.875,30.85],[129.875,30.9]],[[130.125,30.5],[130.188,30.5],[130.25,30.5],[130.25,30.45],[130.25,30.4],[130.188,30.4],[130.188,30.45],[130.125,30.45],[130.125,30.5]],[[130.75,30.05],[130.688,30.05],[130.688,30],[130.75,30],[130.75,30.05]],[[130.062,29.8],[130.125,29.8],[130.188,29.8],[130.188,29.75],[130.188,29.7],[130.188,29.65],[130.125,29.65],[130.125,29.6],[130.062,29.6],[130.062,29.55],[130,29.55],[130,29.5],[130,29.45],[129.938,29.45],[129.938,29.4],[129.875,29.4],[129.812,29.4],[129.75,29.4],[129.75,29.35],[129.688,29.35],[129.688,29.3],[129.625,29.3],[129.625,29.25],[129.625,29.2],[129.625,29.15],[129.625,29.1],[129.562,29.1],[129.562,29.05],[129.562,29],[129.562,28.95],[129.5,28.95],[129.5,28.9],[129.438,28.9],[129.438,28.85],[129.438,28.8],[129.375,28.8],[129.375,28.75],[129.375,28.7],[129.438,28.7],[129.438,28.65],[129.438,28.6],[129.375,28.6],[129.375,28.65],[129.312,28.65],[129.312,28.6],[129.312,28.55],[129.312,28.5],[129.375,28.5],[129.375,28.55],[129.438,28.55],[129.438,28.5],[129.375,28.5],[129.375,28.45],[129.312,28.45],[129.312,28.4],[129.25,28.4],[129.25,28.35],[129.312,28.35],[129.312,28.4],[129.375,28.4],[129.438,28.4],[129.438,28.45],[129.5,28.45],[129.5,28.5],[129.562,28.5],[129.625,28.5],[129.625,28.55],[129.688,28.55],[129.75,28.55],[129.75,28.5],[129.75,28.45],[129.75,28.4],[129.688,28.4],[129.688,28.35],[129.625,28.35],[129.625,28.3],[129.562,28.3],[129.562,28.25],[129.562,28.2],[129.562,28.15],[129.562,28.1],[129.5,28.1],[129.438,28.1],[129.375,28.1],[129.375,28.05],[129.375,28],[129.312,28],[129.312,27.95],[129.312,27.9],[129.312,27.85],[129.25,27.85],[129.25,27.8],[129.25,27.75],[129.188,27.75],[129.188,27.7],[129.188,27.65],[129.188,27.6],[129.125,27.6],[129.125,27.55],[129.125,27.5],[129.125,27.45],[129.062,27.45],[129.062,27.4],[129,27.4],[129,27.35],[129,27.3],[129,27.25],[129,27.2],[129,27.15],[129,27.1],[129.062,27.1],[129.125,27.1],[129.125,27.15],[129.125,27.2],[129.125,27.25],[129.125,27.3],[129.188,27.3],[129.25,27.3],[129.312,27.3],[129.375,27.3],[129.375,27.35],[129.375,27.4],[129.375,27.45],[129.375,27.5],[129.375,27.55],[129.375,27.6],[129.375,27.65],[129.375,27.7],[129.438,27.7],[129.5,27.7],[129.562,27.7],[129.562,27.75],[129.625,27.75],[129.625,27.8],[129.625,27.85],[129.625,27.9],[129.688,27.9],[129.75,27.9],[129.812,27.9],[129.875,27.9],[129.875,27.95],[129.938,27.95],[129.938,28],[130,28],[130,28.05],[130.062,28.05],[130.062,28],[130.062,27.95],[130.062,27.9],[130.125,27.9],[130.188,27.9],[130.188,27.95],[130.25,27.95],[130.25,28],[130.188,28],[130.188,28.05],[130.188,28.1],[130.125,28.1],[130.062,28.1],[130,28.1],[130,28.15],[130.062,28.15],[130.062,28.2],[130.125,28.2],[130.125,28.25],[130.125,28.3],[130.188,28.3],[130.188,28.25],[130.188,28.2],[130.188,28.15],[130.188,28.1],[130.25,28.1],[130.25,28.15],[130.312,28.15],[130.375,28.15],[130.375,28.2],[130.375,28.25],[130.375,28.3],[130.375,28.35],[130.375,28.4],[130.375,28.45],[130.375,28.5],[130.375,28.55],[130.375,28.6],[130.375,28.65],[130.375,28.7],[130.312,28.7],[130.25,28.7],[130.188,28.7],[130.125,28.7],[130.125,28.75],[130.125,28.8],[130.125,28.85],[130.062,28.85],[130,28.85],[130,28.8],[129.938,28.8],[129.938,28.85],[129.938,28.9],[129.875,28.9],[129.812,28.9],[129.75,28.9],[129.688,28.9],[129.625,28.9],[129.625,28.95],[129.625,29],[129.625,29.05],[129.625,29.1],[129.688,29.1],[129.75,29.1],[129.812,29.1],[129.875,29.1],[129.875,29.15],[129.875,29.2],[129.875,29.25],[129.875,29.3],[129.812,29.3],[129.812,29.35],[129.812,29.4],[129.812,29.45],[129.812,29.5],[129.875,29.5],[129.875,29.55],[129.938,29.55],[129.938,29.6],[130,29.6],[130,29.65],[130,29.7],[130,29.75],[130.062,29.75],[130.062,29.8]],[[129.312,29.25],[129.375,29.25],[129.375,29.2],[129.312,29.2],[129.312,29.25]],[[129.875,28.8],[129.812,28.8],[129.812,28.75],[129.75,28.75],[129.75,28.7],[129.812,28.7],[129.812,28.75],[129.875,28.75],[129.875,28.8]],[[130.062,28.6],[130,28.6],[130,28.55],[130.062,28.55],[130.125,28.55],[130.125,28.6],[130.062,28.6]],[[130,28.4],[129.938,28.4],[129.938,28.35],[129.875,28.35],[129.875,28.3],[129.875,28.25],[129.938,28.25],[130,28.25],[130,28.3],[130.062,28.3],[130.062,28.35],[130.062,28.4],[130,28.4]],[[129,27.85],[129.062,27.85],[129.062,27.8],[129.062,27.75],[129,27.75],[128.938,27.75],[128.938,27.8],[129,27.8],[129,27.85]],[[142.125,27.7],[142.188,27.7],[142.188,27.65],[142.125,27.65],[142.125,27.7]],[[127.938,27.1],[128,27.1],[128,27.05],[127.938,27.05],[127.938,27.1]],[[128.375,27],[128.438,27],[128.438,26.95],[128.375,26.95],[128.375,27]],[[128.312,26.9],[128.375,26.9],[128.375,26.85],[128.312,26.85],[128.312,26.9]],[[128.625,26.9],[128.688,26.9],[128.75,26.9],[128.75,26.85],[128.75,26.8],[128.75,26.75],[128.812,26.75],[128.812,26.7],[128.812,26.65],[128.812,26.6],[128.812,26.55],[128.875,26.55],[128.875,26.5],[128.875,26.45],[128.875,26.4],[128.875,26.35],[128.875,26.3],[128.812,26.3],[128.75,26.3],[128.688,26.3],[128.625,26.3],[128.625,26.25],[128.625,26.2],[128.562,26.2],[128.562,26.25],[128.5,26.25],[128.5,26.3],[128.5,26.35],[128.5,26.4],[128.5,26.45],[128.5,26.5],[128.5,26.55],[128.5,26.6],[128.5,26.65],[128.438,26.65],[128.438,26.7],[128.375,26.7],[128.375,26.75],[128.438,26.75],[128.5,26.75],[128.562,26.75],[128.562,26.8],[128.625,26.8],[128.625,26.85],[128.625,26.9]],[[128.188,26.75],[128.25,26.75],[128.312,26.75],[128.312,26.7],[128.312,26.65],[128.25,26.65],[128.188,26.65],[128.125,26.65],[128.125,26.7],[128.188,26.7],[128.188,26.75]],[[127.875,26.65],[127.938,26.65],[127.938,26.6],[127.875,26.6],[127.875,26.65]],[[128,26.65],[128.062,26.65],[128.062,26.6],[128,26.6],[128,26.65]],[[126.125,26.6],[126.188,26.6],[126.188,26.55],[126.25,26.55],[126.25,26.5],[126.25,26.45],[126.25,26.4],[126.25,26.35],[126.312,26.35],[126.312,26.3],[126.312,26.25],[126.375,26.25],[126.375,26.2],[126.375,26.15],[126.375,26.1],[126.312,26.1],[126.25,26.1],[126.188,26.1],[126.188,26.15],[126.188,26.2],[126.125,26.2],[126.125,26.25],[126.125,26.3],[126.125,26.35],[126.125,26.4],[126.125,26.45],[126.125,26.5],[126.125,26.55],[126.125,26.6]],[[128.062,26.6],[128.125,26.6],[128.188,26.6],[128.25,26.6],[128.25,26.55],[128.188,26.55],[128.188,26.5],[128.125,26.5],[128.062,26.5],[128.062,26.55],[128.062,26.6]],[[142.375,26.55],[142.438,26.55],[142.438,26.5],[142.375,26.5],[142.375,26.55]],[[142.5,26.55],[142.562,26.55],[142.562,26.5],[142.625,26.5],[142.625,26.45],[142.625,26.4],[142.625,26.35],[142.625,26.3],[142.562,26.3],[142.5,26.3],[142.438,26.3],[142.375,26.3],[142.312,26.3],[142.25,26.3],[142.188,26.3],[142.188,26.35],[142.188,26.4],[142.25,26.4],[142.25,26.45],[142.312,26.45],[142.375,26.45],[142.438,26.45],[142.438,26.5],[142.5,26.5],[142.5,26.55]],[[127.75,26.45],[127.812,26.45],[127.812,26.4],[127.875,26.4],[127.875,26.35],[127.875,26.3],[127.812,26.3],[127.812,26.35],[127.75,26.35],[127.75,26.4],[127.75,26.45]],[[126.75,26.4],[126.812,26.4],[126.812,26.35],[126.75,26.35],[126.75,26.4]],[[126.812,26.3],[126.875,26.3],[126.875,26.25],[126.812,26.25],[126.812,26.3]],[[130.875,26.3],[130.938,26.3],[131,26.3],[131.062,26.3],[131.125,26.3],[131.188,26.3],[131.188,26.25],[131.25,26.25],[131.25,26.2],[131.25,26.15],[131.25,26.1],[131.188,26.1],[131.125,26.1],[131.125,26.05],[131.062,26.05],[131,26.05],[131,26.1],[130.938,26.1],[130.938,26.15],[130.938,26.2],[130.875,26.2],[130.875,26.25],[130.875,26.3]],[[131.438,26.3],[131.5,26.3],[131.562,26.3],[131.625,26.3],[131.688,26.3],[131.75,26.3],[131.75,26.25],[131.688,26.25],[131.688,26.2],[131.625,26.2],[131.562,26.2],[131.5,26.2],[131.5,26.25],[131.438,26.25],[131.438,26.3]],[[127.312,26.25],[127.375,26.25],[127.375,26.2],[127.375,26.15],[127.312,26.15],[127.312,26.2],[127.312,26.25]],[[127.438,26.25],[127.5,26.25],[127.5,26.2],[127.438,26.2],[127.438,26.25]],[[127.688,26.2],[127.75,26.2],[127.75,26.15],[127.75,26.1],[127.688,26.1],[127.688,26.15],[127.688,26.2]],[[126.375,26.1],[126.438,26.1],[126.438,26.05],[126.438,26],[126.438,25.95],[126.375,25.95],[126.375,26],[126.375,26.05],[126.375,26.1]],[[131.5,25.55],[131.562,25.55],[131.625,25.55],[131.625,25.5],[131.562,25.5],[131.5,25.5],[131.5,25.55]]]},"properties":{"level":"1<=mm<5"}},{"type":"Feature","geometry":{"type":"Polygon","coordinates":[[[-45,85],[315,85],[315,-85],[-45,-85]],[[141.438,45.9],[141.375,45.9],[141.375,45.85],[141.375,45.8],[141.375,45.75],[141.375,45.7],[141.312,45.7],[141.25,45.7],[141.188,45.7],[141.125,45.7],[141.062,45.7],[141,45.7],[140.938,45.7],[140.875,45.7],[140.812,45.7],[140.75,45.7],[140.688,45.7],[140.625,45.7],[140.625,45.65],[140.625,45.6],[140.625,45.55],[140.625,45.5],[140.625,45.45],[140.625,45.4],[140.625,45.35],[140.625,45.3],[140.625,45.25],[140.625,45.2],[140.625,45.15],[140.625,45.1],[140.625,45.05],[140.625,45],[140.625,44.95],[140.625,44.9],[140.688,44.9],[140.75,44.9],[140.812,44.9],[140.875,44.9],[140.875,44.85],[140.875,44.8],[140.875,44.75],[140.875,44.7],[140.875,44.65],[140.875,44.6],[140.875,44.55],[140.875,44.5],[140.875,44.45],[140.875,44.4],[140.875,44.35],[140.875,44.3],[140.875,44.25],[140.875,44.2],[140.875,44.15],[140.875,44.1],[140.875,44.05],[140.875,44],[140.875,43.95],[140.875,43.9],[140.875,43.85],[140.875,43.8],[140.875,43.75],[140.875,43.7],[140.812,43.7],[140.75,43.7],[140.688,43.7],[140.625,43.7],[140.562,43.7],[140.5,43.7],[140.438,43.7],[140.375,43.7],[140.312,43.7],[140.25,43.7],[140.188,43.7],[140.125,43.7],[140.062,43.7],[140,43.7],[139.938,43.7],[139.875,43.7],[139.875,43.65],[139.875,43.6],[139.875,43.55],[139.875,43.5],[139.875,43.45],[139.875,43.4],[139.875,43.35],[139.875,43.3],[139.875,43.25],[139.875,43.2],[139.875,43.15],[139.875,43.1],[139.812,43.1],[139.75,43.1],[139.688,43.1],[139.625,43.1],[139.562,43.1],[139.5,43.1],[139.438,43.1],[139.375,43.1],[139.375,43.05],[139.375,43],[139.375,42.95],[139.375,42.9],[139.375,42.85],[139.375,42.8],[139.375,42.75],[139.375,42.7],[139.312,42.7],[139.25,42.7],[139.188,42.7],[139.125,42.7],[139.125,42.65],[139.125,42.6],[139.125,42.55],[139.125,42.5],[139.125,42.45],[139.125,42.4],[139.125,42.35],[139.125,42.3],[139.125,42.25],[139.125,42.2],[139.125,42.15],[139.125,42.1],[139.125,42.05],[139.125,42],[139.125,41.95],[139.125,41.9],[139.062,41.9],[139,41.9],[138.938,41.9],[138.875,41.9],[138.875,41.85],[138.875,41.8],[138.875,41.75],[138.875,41.7],[138.875,41.65],[138.875,41.6],[138.875,41.55],[138.875,41.5],[138.875,41.45],[138.875,41.4],[138.875,41.35],[138.875,41.3],[138.875,41.25],[138.875,41.2],[138.875,41.15],[138.875,41.1],[138.938,41.1],[139,41.1],[139.062,41.1],[139.125,41.1],[139.188,41.1],[139.25,41.1],[139.312,41.1],[139.375,41.1],[139.438,41.1],[139.5,41.1],[139.562,41.1],[139.625,41.1],[139.625,41.05],[139.625,41],[139.625,40.95],[139.625,40.9],[139.562,40.9],[139.5,40.9],[139.438,40.9],[139.375,40.9],[139.375,40.85],[139.375,40.8],[139.375,40.75],[139.375,40.7],[139.375,40.65],[139.375,40.6],[139.375,40.55],[139.375,40.5],[139.375,40.45],[139.375,40.4],[139.375,40.35],[139.375,40.3],[139.375,40.25],[139.375,40.2],[139.375,40.15],[139.375,40.1],[139.375,40.05],[139.375,40],[139.375,39.95],[139.375,39.9],[139.375,39.85],[139.375,39.8],[139.375,39.75],[139.375,39.7],[139.375,39.65],[139.375,39.6],[139.375,39.55],[139.375,39.5],[139.375,39.45],[139.375,39.4],[139.375,39.35],[139.375,39.3],[139.375,39.25],[139.375,39.2],[139.375,39.15],[139.375,39.1],[139.312,39.1],[139.25,39.1],[139.188,39.1],[139.125,39.1],[139.125,39.05],[139.125,39],[139.125,38.95],[139.125,38.9],[139.062,38.9],[139,38.9],[138.938,38.9],[138.875,38.9],[138.875,38.85],[138.875,38.8],[138.875,38.75],[138.875,38.7],[138.812,38.7],[138.75,38.7],[138.688,38.7],[138.625,38.7],[138.562,38.7],[138.5,38.7],[138.438,38.7],[138.375,38.7],[138.312,38.7],[138.25,38.7],[138.188,38.7],[138.125,38.7],[138.062,38.7],[138,38.7],[137.938,38.7],[137.875,38.7],[137.875,38.65],[137.875,38.6],[137.875,38.55],[137.875,38.5],[137.875,38.45],[137.875,38.4],[137.875,38.35],[137.875,38.3],[137.812,38.3],[137.75,38.3],[137.688,38.3],[137.625,38.3],[137.625,38.25],[137.625,38.2],[137.625,38.15],[137.625,38.1],[137.625,38.05],[137.625,38],[137.625,37.95],[137.625,37.9],[137.562,37.9],[137.5,37.9],[137.438,37.9],[137.375,37.9],[137.375,37.95],[137.375,38],[137.375,38.05],[137.375,38.1],[137.375,38.15],[137.375,38.2],[137.375,38.25],[137.375,38.3],[137.312,38.3],[137.25,38.3],[137.188,38.3],[137.125,38.3],[137.062,38.3],[137,38.3],[136.938,38.3],[136.875,38.3],[136.812,38.3],[136.75,38.3],[136.688,38.3],[136.625,38.3],[136.625,38.25],[136.625,38.2],[136.625,38.15],[136.625,38.1],[136.562,38.1],[136.5,38.1],[136.438,38.1],[136.375,38.1],[136.375,38.05],[136.375,38],[136.375,37.95],[136.375,37.9],[136.375,37.85],[136.375,37.8],[136.375,37.75],[136.375,37.7],[136.375,37.65],[136.375,37.6],[136.375,37.55],[136.375,37.5],[136.312,37.5],[136.25,37.5],[136.188,37.5],[136.125,37.5],[136.125,37.45],[136.125,37.4],[136.125,37.35],[136.125,37.3],[136.125,37.25],[136.125,37.2],[136.125,37.15],[136.125,37.1],[136.125,37.05],[136.125,37],[136.125,36.95],[136.125,36.9],[136.125,36.85],[136.125,36.8],[136.125,36.75],[136.125,36.7],[136.062,36.7],[136,36.7],[135.938,36.7],[135.875,36.7],[135.812,36.7],[135.75,36.7],[135.688,36.7],[135.625,36.7],[135.625,36.65],[135.625,36.6],[135.625,36.55],[135.625,36.5],[135.625,36.45],[135.625,36.4],[135.625,36.35],[135.625,36.3],[135.562,36.3],[135.5,36.3],[135.438,36.3],[135.375,36.3],[135.375,36.25],[135.375,36.2],[135.375,36.15],[135.375,36.1],[135.312,36.1],[135.25,36.1],[135.188,36.1],[135.125,36.1],[135.062,36.1],[135,36.1],[134.938,36.1],[134.875,36.1],[134.812,36.1],[134.75,36.1],[134.688,36.1],[134.625,36.1],[134.562,36.1],[134.5,36.1],[134.438,36.1],[134.375,36.1],[134.312,36.1],[134.25,36.1],[134.188,36.1],[134.125,36.1],[134.062,36.1],[134,36.1],[133.938,36.1],[133.875,36.1],[133.875,36.15],[133.875,36.2],[133.875,36.25],[133.875,36.3],[133.875,36.35],[133.875,36.4],[133.875,36.45],[133.875,36.5],[133.875,36.55],[133.875,36.6],[133.875,36.65],[133.875,36.7],[133.812,36.7],[133.75,36.7],[133.688,36.7],[133.625,36.7],[133.562,36.7],[133.5,36.7],[133.438,36.7],[133.375,36.7],[133.312,36.7],[133.25,36.7],[133.188,36.7],[133.125,36.7],[133.062,36.7],[133,36.7],[132.938,36.7],[132.875,36.7],[132.875,36.65],[132.875,36.6],[132.875,36.55],[132.875,36.5],[132.812,36.5],[132.75,36.5],[132.688,36.5],[132.625,36.5],[132.625,36.45],[132.625,36.4],[132.625,36.35],[132.625,36.3],[132.562,36.3],[132.5,36.3],[132.438,36.3],[132.375,36.3],[132.375,36.25],[132.375,36.2],[132.375,36.15],[132.375,36.1],[132.375,36.05],[132.375,36],[132.375,35.95],[132.375,35.9],[132.375,35.85],[132.375,35.8],[132.375,35.75],[132.375,35.7],[132.312,35.7],[132.25,35.7],[132.188,35.7],[132.125,35.7],[132.125,35.65],[132.125,35.6],[132.125,35.55],[132.125,35.5],[132.062,35.5],[132,35.5],[131.938,35.5],[131.875,35.5],[131.875,35.45],[131.875,35.4],[131.875,35.35],[131.875,35.3],[131.812,35.3],[131.75,35.3],[131.688,35.3],[131.625,35.3],[131.625,35.25],[131.625,35.2],[131.625,35.15],[131.625,35.1],[131.562,35.1],[131.5,35.1],[131.438,35.1],[131.375,35.1],[131.375,35.15],[131.375,35.2],[131.375,35.25],[131.375,35.3],[131.312,35.3],[131.25,35.3],[131.188,35.3],[131.125,35.3],[131.062,35.3],[131,35.3],[130.938,35.3],[130.875,35.3],[130.875,35.25],[130.875,35.2],[130.875,35.15],[130.875,35.1],[130.812,35.1],[130.75,35.1],[130.688,35.1],[130.625,35.1],[130.625,35.05],[130.625,35],[130.625,34.95],[130.625,34.9],[130.625,34.85],[130.625,34.8],[130.625,34.75],[130.625,34.7],[130.562,34.7],[130.5,34.7],[130.438,34.7],[130.375,34.7],[130.312,34.7],[130.25,34.7],[130.188,34.7],[130.125,34.7],[130.125,34.75],[130.125,34.8],[130.125,34.85],[130.125,34.9],[130.062,34.9],[130,34.9],[129.938,34.9],[129.875,34.9],[129.875,34.95],[129.875,35],[129.875,35.05],[129.875,35.1],[129.812,35.1],[129.75,35.1],[129.688,35.1],[129.625,35.1],[129.562,35.1],[129.5,35.1],[129.438,35.1],[129.375,35.1],[129.312,35.1],[129.25,35.1],[129.188,35.1],[129.125,35.1],[129.062,35.1],[129,35.1],[128.938,35.1],[128.875,35.1],[128.875,35.05],[128.875,35],[128.875,34.95],[128.875,34.9],[128.875,34.85],[128.875,34.8],[128.875,34.75],[128.875,34.7],[128.812,34.7],[128.75,34.7],[128.688,34.7],[128.625,34.7],[128.625,34.65],[128.625,34.6],[128.625,34.55],[128.625,34.5],[128.625,34.45],[128.625,34.4],[128.625,34.35],[128.625,34.3],[128.625,34.25],[128.625,34.2],[128.625,34.15],[128.625,34.1],[128.625,34.05],[128.625,34],[128.625,33.95],[128.625,33.9],[128.625,33.85],[128.625,33.8],[128.625,33.75],[128.625,33.7],[128.625,33.65],[128.625,33.6],[128.625,33.55],[128.625,33.5],[128.562,33.5],[128.5,33.5],[128.438,33.5],[128.375,33.5],[128.375,33.45],[128.375,33.4],[128.375,33.35],[128.375,33.3],[128.375,33.25],[128.375,33.2],[128.375,33.15],[128.375,33.1],[128.312,33.1],[128.25,33.1],[128.188,33.1],[128.125,33.1],[128.125,33.05],[128.125,33],[128.125,32.95],[128.125,32.9],[128.125,32.85],[128.125,32.8],[128.125,32.75],[128.125,32.7],[128.062,32.7],[128,32.7],[127.938,32.7],[127.875,32.7],[127.812,32.7],[127.75,32.7],[127.688,32.7],[127.625,32.7],[127.625,32.65],[127.625,32.6],[127.625,32.55],[127.625,32.5],[127.625,32.45],[127.625,32.4],[127.625,32.35],[127.625,32.3],[127.625,32.25],[127.625,32.2],[127.625,32.15],[127.625,32.1],[127.625,32.05],[127.625,32],[127.625,31.95],[127.625,31.9],[127.688,31.9],[127.75,31.9],[127.812,31.9],[127.875,31.9],[127.875,31.85],[127.875,31.8],[127.875,31.75],[127.875,31.7],[127.938,31.7],[128,31.7],[128.062,31.7],[128.125,31.7],[128.125,31.65],[128.125,31.6],[128.125,31.55],[128.125,31.5],[128.188,31.5],[128.25,31.5],[128.312,31.5],[128.375,31.5],[128.438,31.5],[128.5,31.5],[128.562,31.5],[128.625,31.5],[128.625,31.55],[128.625,31.6],[128.625,31.65],[128.625,31.7],[128.688,31.7],[128.75,31.7],[128.812,31.7],[128.875,31.7],[128.875,31.75],[128.875,31.8],[128.875,31.85],[128.875,31.9],[128.875,31.95],[128.875,32],[128.875,32.05],[128.875,32.1],[128.938,32.1],[129,32.1],[129.062,32.1],[129.125,32.1],[129.188,32.1],[129.25,32.1],[129.312,32.1],[129.375,32.1],[129.375,32.05],[129.375,32],[129.375,31.95],[129.375,31.9],[129.312,31.9],[129.25,31.9],[129.188,31.9],[129.125,31.9],[129.125,31.85],[129.125,31.8],[129.125,31.75],[129.125,31.7],[129.125,31.65],[129.125,31.6],[129.125,31.55],[129.125,31.5],[129.062,31.5],[129,31.5],[128.938,31.5],[128.875,31.5],[128.875,31.45],[128.875,31.4],[128.875,31.35],[128.875,31.3],[128.875,31.25],[128.875,31.2],[128.875,31.15],[128.875,31.1],[128.875,31.05],[128.875,31],[128.875,30.95],[128.875,30.9],[128.875,30.85],[128.875,30.8],[128.875,30.75],[128.875,30.7],[128.938,30.7],[129,30.7],[129.062,30.7],[129.125,30.7],[129.125,30.65],[129.125,30.6],[129.125,30.55],[129.125,30.5],[129.125,30.45],[129.125,30.4],[129.125,30.35],[129.125,30.3],[129.125,30.25],[129.125,30.2],[129.125,30.15],[129.125,30.1],[129.125,30.05],[129.125,30],[129.125,29.95],[129.125,29.9],[129.125,29.85],[129.125,29.8],[129.125,29.75],[129.125,29.7],[129.125,29.65],[129.125,29.6],[129.125,29.55],[129.125,29.5],[129.062,29.5],[129,29.5],[128.938,29.5],[128.875,29.5],[128.875,29.45],[128.875,29.4],[128.875,29.35],[128.875,29.3],[128.812,29.3],[128.75,29.3],[128.688,29.3],[128.625,29.3],[128.625,29.25],[128.625,29.2],[128.625,29.15],[128.625,29.1],[128.625,29.05],[128.625,29],[128.625,28.95],[128.625,28.9],[128.625,28.85],[128.625,28.8],[128.625,28.75],[128.625,28.7],[128.625,28.65],[128.625,28.6],[128.625,28.55],[128.625,28.5],[128.625,28.45],[128.625,28.4],[128.625,28.35],[128.625,28.3],[128.562,28.3],[128.5,28.3],[128.438,28.3],[128.375,28.3],[128.375,28.25],[128.375,28.2],[128.375,28.15],[128.375,28.1],[128.375,28.05],[128.375,28],[128.375,27.95],[128.375,27.9],[128.375,27.85],[128.375,27.8],[128.375,27.75],[128.375,27.7],[128.312,27.7],[128.25,27.7],[128.188,27.7],[128.125,27.7],[128.125,27.65],[128.125,27.6],[128.125,27.55],[128.125,27.5],[128.062,27.5],[128,27.5],[127.938,27.5],[127.875,27.5],[127.812,27.5],[127.75,27.5],[127.688,27.5],[127.625,27.5],[127.625,27.45],[127.625,27.4],[127.625,27.35],[127.625,27.3],[127.562,27.3],[127.5,27.3],[127.438,27.3],[127.375,27.3],[127.375,27.25],[127.375,27.2],[127.375,27.15],[127.375,27.1],[127.312,27.1],[127.25,27.1],[127.188,27.1],[127.125,27.1],[127.062,27.1],[127,27.1],[126.938,27.1],[126.875,27.1],[126.875,27.05],[126.875,27],[126.875,26.95],[126.875,26.9],[126.812,26.9],[126.75,26.9],[126.688,26.9],[126.625,26.9],[126.562,26.9],[126.5,26.9],[126.438,26.9],[126.375,26.9],[126.375,26.85],[126.375,26.8],[126.375,26.75],[126.375,26.7],[126.312,26.7],[126.25,26.7],[126.188,26.7],[126.125,26.7],[126.125,26.65],[126.125,26.6],[126.125,26.55],[126.125,26.5],[126.125,26.45],[126.125,26.4],[126.125,26.35],[126.125,26.3],[126.125,26.25],[126.125,26.2],[126.125,26.15],[126.125,26.1],[126.188,26.1],[126.25,26.1],[126.312,26.1],[126.375,26.1],[126.375,26.05],[126.375,26],[126.375,25.95],[126.375,25.9],[126.438,25.9],[126.5,25.9],[126.562,25.9],[126.625,25.9],[126.688,25.9],[126.75,25.9],[126.812,25.9],[126.875,25.9],[126.875,25.85],[126.875,25.8],[126.875,25.75],[126.875,25.7],[126.938,25.7],[127,25.7],[127.062,25.7],[127.125,25.7],[127.188,25.7],[127.25,25.7],[127.312,25.7],[127.375,25.7],[127.438,25.7],[127.5,25.7],[127.562,25.7],[127.625,25.7],[127.688,25.7],[127.75,25.7],[127.812,25.7],[127.875,25.7],[127.938,25.7],[128,25.7],[128.062,25.7],[128.125,25.7],[128.188,25.7],[128.25,25.7],[128.312,25.7],[128.375,25.7],[128.375,25.75],[128.375,25.8],[128.375,25.85],[128.375,25.9],[128.375,25.95],[128.375,26],[128.375,26.05],[128.375,26.1],[128.438,26.1],[128.5,26.1],[128.562,26.1],[128.625,26.1],[128.625,26.15],[128.625,26.2],[128.625,26.25],[128.625,26.3],[128.688,26.3],[128.75,26.3],[128.812,26.3],[128.875,26.3],[128.875,26.35],[128.875,26.4],[128.875,26.45],[128.875,26.5],[128.875,26.55],[128.875,26.6],[128.875,26.65],[128.875,26.7],[128.875,26.75],[128.875,26.8],[128.875,26.85],[128.875,26.9],[128.875,26.95],[128.875,27],[128.875,27.05],[128.875,27.1],[128.938,27.1],[129,27.1],[129.062,27.1],[129.125,27.1],[129.125,27.15],[129.125,27.2],[129.125,27.25],[129.125,27.3],[129.188,27.3],[129.25,27.3],[129.312,27.3],[129.375,27.3],[129.375,27.35],[129.375,27.4],[129.375,27.45],[129.375,27.5],[129.375,27.55],[129.375,27.6],[129.375,27.65],[129.375,27.7],[129.438,27.7],[129.5,27.7],[129.562,27.7],[129.625,27.7],[129.625,27.75],[129.625,27.8],[129.625,27.85],[129.625,27.9],[129.688,27.9],[129.75,27.9],[129.812,27.9],[129.875,27.9],[129.938,27.9],[130,27.9],[130.062,27.9],[130.125,27.9],[130.188,27.9],[130.25,27.9],[130.312,27.9],[130.375,27.9],[130.375,27.95],[130.375,28],[130.375,28.05],[130.375,28.1],[130.375,28.15],[130.375,28.2],[130.375,28.25],[130.375,28.3],[130.375,28.35],[130.375,28.4],[130.375,28.45],[130.375,28.5],[130.375,28.55],[130.375,28.6],[130.375,28.65],[130.375,28.7],[130.312,28.7],[130.25,28.7],[130.188,28.7],[130.125,28.7],[130.125,28.75],[130.125,28.8],[130.125,28.85],[130.125,28.9],[130.062,28.9],[130,28.9],[129.938,28.9],[129.875,28.9],[129.812,28.9],[129.75,28.9],[129.688,28.9],[129.625,28.9],[129.625,28.95],[129.625,29],[129.625,29.05],[129.625,29.1],[129.688,29.1],[129.75,29.1],[129.812,29.1],[129.875,29.1],[129.875,29.15],[129.875,29.2],[129.875,29.25],[129.875,29.3],[129.938,29.3],[130,29.3],[130.062,29.3],[130.125,29.3],[130.125,29.35],[130.125,29.4],[130.125,29.45],[130.125,29.5],[130.188,29.5],[130.25,29.5],[130.312,29.5],[130.375,29.5],[130.375,29.55],[130.375,29.6],[130.375,29.65],[130.375,29.7],[130.375,29.75],[130.375,29.8],[130.375,29.85],[130.375,29.9],[130.438,29.9],[130.5,29.9],[130.562,29.9],[130.625,29.9],[130.688,29.9],[130.75,29.9],[130.812,29.9],[130.875,29.9],[130.938,29.9],[131,29.9],[131.062,29.9],[131.125,29.9],[131.188,29.9],[131.25,29.9],[131.312,29.9],[131.375,29.9],[131.375,29.95],[131.375,30],[131.375,30.05],[131.375,30.1],[131.375,30.15],[131.375,30.2],[131.375,30.25],[131.375,30.3],[131.438,30.3],[131.5,30.3],[131.562,30.3],[131.625,30.3],[131.625,30.35],[131.625,30.4],[131.625,30.45],[131.625,30.5],[131.625,30.55],[131.625,30.6],[131.625,30.65],[131.625,30.7],[131.625,30.75],[131.625,30.8],[131.625,30.85],[131.625,30.9],[131.688,30.9],[131.75,30.9],[131.812,30.9],[131.875,30.9],[131.875,30.95],[131.875,31],[131.875,31.05],[131.875,31.1],[131.875,31.15],[131.875,31.2],[131.875,31.25],[131.875,31.3],[131.875,31.35],[131.875,31.4],[131.875,31.45],[131.875,31.5],[131.875,31.55],[131.875,31.6],[131.875,31.65],[131.875,31.7],[131.938,31.7],[132,31.7],[132.062,31.7],[132.125,31.7],[132.125,31.75],[132.125,31.8],[132.125,31.85],[132.125,31.9],[132.125,31.95],[132.125,32],[132.125,32.05],[132.125,32.1],[132.125,32.15],[132.125,32.2],[132.125,32.25],[132.125,32.3],[132.188,32.3],[132.25,32.3],[132.312,32.3],[132.375,32.3],[132.438,32.3],[132.5,32.3],[132.562,32.3],[132.625,32.3],[132.688,32.3],[132.75,32.3],[132.812,32.3],[132.875,32.3],[132.938,32.3],[133,32.3],[133.062,32.3],[133.125,32.3],[133.188,32.3],[133.25,32.3],[133.312,32.3],[133.375,32.3],[133.375,32.35],[133.375,32.4],[133.375,32.45],[133.375,32.5],[133.375,32.55],[133.375,32.6],[133.375,32.65],[133.375,32.7],[133.375,32.75],[133.375,32.8],[133.375,32.85],[133.375,32.9],[133.438,32.9],[133.5,32.9],[133.562,32.9],[133.625,32.9],[133.688,32.9],[133.75,32.9],[133.812,32.9],[133.875,32.9],[133.938,32.9],[134,32.9],[134.062,32.9],[134.125,32.9],[134.188,32.9],[134.25,32.9],[134.312,32.9],[134.375,32.9],[134.438,32.9],[134.5,32.9],[134.562,32.9],[134.625,32.9],[134.625,32.95],[134.625,33],[134.625,33.05],[134.625,33.1],[134.625,33.15],[134.625,33.2],[134.625,33.25],[134.625,33.3],[134.688,33.3],[134.75,33.3],[134.812,33.3],[134.875,33.3],[134.938,33.3],[135,33.3],[135.062,33.3],[135.125,33.3],[135.125,33.25],[135.125,33.2],[135.125,33.15],[135.125,33.1],[135.188,33.1],[135.25,33.1],[135.312,33.1],[135.375,33.1],[135.438,33.1],[135.5,33.1],[135.562,33.1],[135.625,33.1],[135.688,33.1],[135.75,33.1],[135.812,33.1],[135.875,33.1],[135.938,33.1],[136,33.1],[136.062,33.1],[136.125,33.1],[136.188,33.1],[136.25,33.1],[136.312,33.1],[136.375,33.1],[136.375,33.15],[136.375,33.2],[136.375,33.25],[136.375,33.3],[136.375,33.35],[136.375,33.4],[136.375,33.45],[136.375,33.5],[136.438,33.5],[136.5,33.5],[136.562,33.5],[136.625,33.5],[136.625,33.55],[136.625,33.6],[136.625,33.65],[136.625,33.7],[136.625,33.75],[136.625,33.8],[136.625,33.85],[136.625,33.9],[136.688,33.9],[136.75,33.9],[136.812,33.9],[136.875,33.9],[136.938,33.9],[137,33.9],[137.062,33.9],[137.125,33.9],[137.188,33.9],[137.25,33.9],[137.312,33.9],[137.375,33.9],[137.375,33.95],[137.375,34],[137.375,34.05],[137.375,34.1],[137.375,34.15],[137.375,34.2],[137.375,34.25],[137.375,34.3],[137.438,34.3],[137.5,34.3],[137.562,34.3],[137.625,34.3],[137.688,34.3],[137.75,34.3],[137.812,34.3],[137.875,34.3],[137.938,34.3],[138,34.3],[138.062,34.3],[138.125,34.3],[138.188,34.3],[138.25,34.3],[138.312,34.3],[138.375,34.3],[138.438,34.3],[138.5,34.3],[138.562,34.3],[138.625,34.3],[138.625,34.25],[138.625,34.2],[138.625,34.15],[138.625,34.1],[138.625,34.05],[138.625,34],[138.625,33.95],[138.625,33.9],[138.688,33.9],[138.75,33.9],[138.812,33.9],[138.875,33.9],[138.875,33.85],[138.875,33.8],[138.875,33.75],[138.875,33.7],[138.938,33.7],[139,33.7],[139.062,33.7],[139.125,33.7],[139.125,33.65],[139.125,33.6],[139.125,33.55],[139.125,33.5],[139.188,33.5],[139.25,33.5],[139.312,33.5],[139.375,33.5],[139.375,33.45],[139.375,33.4],[139.375,33.35],[139.375,33.3],[139.375,33.25],[139.375,33.2],[139.375,33.15],[139.375,33.1],[139.375,33.05],[139.375,33],[139.375,32.95],[139.375,32.9],[139.375,32.85],[139.375,32.8],[139.375,32.75],[139.375,32.7],[139.375,32.65],[139.375,32.6],[139.375,32.55],[139.375,32.5],[139.375,32.45],[139.375,32.4],[139.375,32.35],[139.375,32.3],[139.375,32.25],[139.375,32.2],[139.375,32.15],[139.375,32.1],[139.438,32.1],[139.5,32.1],[139.562,32.1],[139.625,32.1],[139.688,32.1],[139.75,32.1],[139.812,32.1],[139.875,32.1],[139.938,32.1],[140,32.1],[140.062,32.1],[140.125,32.1],[140.125,32.15],[140.125,32.2],[140.125,32.25],[140.125,32.3],[140.125,32.35],[140.125,32.4],[140.125,32.45],[140.125,32.5],[140.125,32.55],[140.125,32.6],[140.125,32.65],[140.125,32.7],[140.188,32.7],[140.25,32.7],[140.312,32.7],[140.375,32.7],[140.375,32.75],[140.375,32.8],[140.375,32.85],[140.375,32.9],[140.375,32.95],[140.375,33],[140.375,33.05],[140.375,33.1],[140.375,33.15],[140.375,33.2],[140.375,33.25],[140.375,33.3],[140.375,33.35],[140.375,33.4],[140.375,33.45],[140.375,33.5],[140.312,33.5],[140.25,33.5],[140.188,33.5],[140.125,33.5],[140.125,33.55],[140.125,33.6],[140.125,33.65],[140.125,33.7],[140.125,33.75],[140.125,33.8],[140.125,33.85],[140.125,33.9],[140.125,33.95],[140.125,34],[140.125,34.05],[140.125,34.1],[140.125,34.15],[140.125,34.2],[140.125,34.25],[140.125,34.3],[140.062,34.3],[140,34.3],[139.938,34.3],[139.875,34.3],[139.875,34.35],[139.875,34.4],[139.875,34.45],[139.875,34.5],[139.938,34.5],[140,34.5],[140.062,34.5],[140.125,34.5],[140.188,34.5],[140.25,34.5],[140.312,34.5],[140.375,34.5],[140.375,34.55],[140.375,34.6],[140.375,34.65],[140.375,34.7],[140.438,34.7],[140.5,34.7],[140.562,34.7],[140.625,34.7],[140.625,34.75],[140.625,34.8],[140.625,34.85],[140.625,34.9],[140.688,34.9],[140.75,34.9],[140.812,34.9],[140.875,34.9],[140.875,34.95],[140.875,35],[140.875,35.05],[140.875,35.1],[140.875,35.15],[140.875,35.2],[140.875,35.25],[140.875,35.3],[140.938,35.3],[141,35.3],[141.062,35.3],[141.125,35.3],[141.188,35.3],[141.25,35.3],[141.312,35.3],[141.375,35.3],[141.375,35.35],[141.375,35.4],[141.375,35.45],[141.375,35.5],[141.375,35.55],[141.375,35.6],[141.375,35.65],[141.375,35.7],[141.375,35.75],[141.375,35.8],[141.375,35.85],[141.375,35.9],[141.375,35.95],[141.375,36],[141.375,36.05],[141.375,36.1],[141.312,36.1],[141.25,36.1],[141.188,36.1],[141.125,36.1],[141.125,36.15],[141.125,36.2],[141.125,36.25],[141.125,36.3],[141.125,36.35],[141.125,36.4],[141.125,36.45],[141.125,36.5],[141.188,36.5],[141.25,36.5],[141.312,36.5],[141.375,36.5],[141.375,36.55],[141.375,36.6],[141.375,36.65],[141.375,36.7],[141.375,36.75],[141.375,36.8],[141.375,36.85],[141.375,36.9],[141.375,36.95],[141.375,37],[141.375,37.05],[141.375,37.1],[141.375,37.15],[141.375,37.2],[141.375,37.25],[141.375,37.3],[141.375,37.35],[141.375,37.4],[141.375,37.45],[141.375,37.5],[141.375,37.55],[141.375,37.6],[141.375,37.65],[141.375,37.7],[141.375,37.75],[141.375,37.8],[141.375,37.85],[141.375,37.9],[141.438,37.9],[141.5,37.9],[141.562,37.9],[141.625,37.9],[141.688,37.9],[141.75,37.9],[141.812,37.9],[141.875,37.9],[141.875,37.95],[141.875,38],[141.875,38.05],[141.875,38.1],[141.875,38.15],[141.875,38.2],[141.875,38.25],[141.875,38.3],[141.875,38.35],[141.875,38.4],[141.875,38.45],[141.875,38.5],[141.938,38.5],[142,38.5],[142.062,38.5],[142.125,38.5],[142.125,38.55],[142.125,38.6],[142.125,38.65],[142.125,38.7],[142.188,38.7],[142.25,38.7],[142.312,38.7],[142.375,38.7],[142.375,38.75],[142.375,38.8],[142.375,38.85],[142.375,38.9],[142.375,38.95],[142.375,39],[142.375,39.05],[142.375,39.1],[142.375,39.15],[142.375,39.2],[142.375,39.25],[142.375,39.3],[142.375,39.35],[142.375,39.4],[142.375,39.45],[142.375,39.5],[142.375,39.55],[142.375,39.6],[142.375,39.65],[142.375,39.7],[142.375,39.75],[142.375,39.8],[142.375,39.85],[142.375,39.9],[142.375,39.95],[142.375,40],[142.375,40.05],[142.375,40.1],[142.375,40.15],[142.375,40.2],[142.375,40.25],[142.375,40.3],[142.312,40.3],[142.25,40.3],[142.188,40.3],[142.125,40.3],[142.125,40.35],[142.125,40.4],[142.125,40.45],[142.125,40.5],[142.125,40.55],[142.125,40.6],[142.125,40.65],[142.125,40.7],[142.125,40.75],[142.125,40.8],[142.125,40.85],[142.125,40.9],[142.062,40.9],[142,40.9],[141.938,40.9],[141.875,40.9],[141.875,40.95],[141.875,41],[141.875,41.05],[141.875,41.1],[141.875,41.15],[141.875,41.2],[141.875,41.25],[141.875,41.3],[141.875,41.35],[141.875,41.4],[141.875,41.45],[141.875,41.5],[141.875,41.55],[141.875,41.6],[141.875,41.65],[141.875,41.7],[141.875,41.75],[141.875,41.8],[141.875,41.85],[141.875,41.9],[141.812,41.9],[141.75,41.9],[141.688,41.9],[141.625,41.9],[141.625,41.95],[141.625,42],[141.625,42.05],[141.625,42.1],[141.688,42.1],[141.75,42.1],[141.812,42.1],[141.875,42.1],[141.938,42.1],[142,42.1],[142.062,42.1],[142.125,42.1],[142.125,42.05],[142.125,42],[142.125,41.95],[142.125,41.9],[142.188,41.9],[142.25,41.9],[142.312,41.9],[142.375,41.9],[142.438,41.9],[142.5,41.9],[142.562,41.9],[142.625,41.9],[142.625,41.85],[142.625,41.8],[142.625,41.75],[142.625,41.7],[142.688,41.7],[142.75,41.7],[142.812,41.7],[142.875,41.7],[142.875,41.65],[142.875,41.6],[142.875,41.55],[142.875,41.5],[142.938,41.5],[143,41.5],[143.062,41.5],[143.125,41.5],[143.188,41.5],[143.25,41.5],[143.312,41.5],[143.375,41.5],[143.438,41.5],[143.5,41.5],[143.562,41.5],[143.625,41.5],[143.625,41.55],[143.625,41.6],[143.625,41.65],[143.625,41.7],[143.625,41.75],[143.625,41.8],[143.625,41.85],[143.625,41.9],[143.625,41.95],[143.625,42],[143.625,42.05],[143.625,42.1],[143.688,42.1],[143.75,42.1],[143.812,42.1],[143.875,42.1],[143.875,42.15],[143.875,42.2],[143.875,42.25],[143.875,42.3],[143.938,42.3],[144,42.3],[144.062,42.3],[144.125,42.3],[144.125,42.35],[144.125,42.4],[144.125,42.45],[144.125,42.5],[144.188,42.5],[144.25,42.5],[144.312,42.5],[144.375,42.5],[144.375,42.55],[144.375,42.6],[144.375,42.65],[144.375,42.7],[144.438,42.7],[144.5,42.7],[144.562,42.7],[144.625,42.7],[144.688,42.7],[144.75,42.7],[144.812,42.7],[144.875,42.7],[144.938,42.7],[145,42.7],[145.062,42.7],[145.125,42.7],[145.188,42.7],[145.25,42.7],[145.312,42.7],[145.375,42.7],[145.375,42.75],[145.375,42.8],[145.375,42.85],[145.375,42.9],[145.438,42.9],[145.5,42.9],[145.562,42.9],[145.625,42.9],[145.688,42.9],[145.75,42.9],[145.812,42.9],[145.875,42.9],[145.875,42.95],[145.875,43],[145.875,43.05],[145.875,43.1],[145.938,43.1],[146,43.1],[146.062,43.1],[146.125,43.1],[146.188,43.1],[146.25,43.1],[146.312,43.1],[146.375,43.1],[146.438,43.1],[146.5,43.1],[146.562,43.1],[146.625,43.1],[146.625,43.15],[146.625,43.2],[146.625,43.25],[146.625,43.3],[146.688,43.3],[146.75,43.3],[146.812,43.3],[146.875,43.3],[146.875,43.35],[146.875,43.4],[146.875,43.45],[146.875,43.5],[146.938,43.5],[147,43.5],[147.062,43.5],[147.125,43.5],[147.188,43.5],[147.25,43.5],[147.312,43.5],[147.375,43.5],[147.375,43.55],[147.375,43.6],[147.375,43.65],[147.375,43.7],[147.375,43.75],[147.375,43.8],[147.375,43.85],[147.375,43.9],[147.375,43.95],[147.375,44],[147.375,44.05],[147.375,44.1],[147.375,44.15],[147.375,44.2],[147.375,44.25],[147.375,44.3],[147.438,44.3],[147.5,44.3],[147.562,44.3],[147.625,44.3],[147.625,44.35],[147.625,44.4],[147.625,44.45],[147.625,44.5],[147.688,44.5],[147.75,44.5],[147.812,44.5],[147.875,44.5],[147.875,44.55],[147.875,44.6],[147.875,44.65],[147.875,44.7],[147.938,44.7],[148,44.7],[148.062,44.7],[148.125,44.7],[148.188,44.7],[148.25,44.7],[148.312,44.7],[148.375,44.7],[148.438,44.7],[148.5,44.7],[148.562,44.7],[148.625,44.7],[148.625,44.75],[148.625,44.8],[148.625,44.85],[148.625,44.9],[148.688,44.9],[148.75,44.9],[148.812,44.9],[148.875,44.9],[148.875,44.95],[148.875,45],[148.875,45.05],[148.875,45.1],[148.938,45.1],[149,45.1],[149.062,45.1],[149.125,45.1],[149.188,45.1],[149.25,45.1],[149.312,45.1],[149.375,45.1],[149.375,45.15],[149.375,45.2],[149.375,45.25],[149.375,45.3],[149.375,45.35],[149.375,45.4],[149.375,45.45],[149.375,45.5],[149.375,45.55],[149.375,45.6],[149.375,45.65],[149.375,45.7],[149.375,45.75],[149.375,45.8],[149.375,45.85],[149.375,45.9],[149.312,45.9],[149.25,45.9],[149.188,45.9],[149.125,45.9],[149.062,45.9],[149,45.9],[148.938,45.9],[148.875,45.9],[148.812,45.9],[148.75,45.9],[148.688,45.9],[148.625,45.9],[148.562,45.9],[148.5,45.9],[148.438,45.9],[148.375,45.9],[148.312,45.9],[148.25,45.9],[148.188,45.9],[148.125,45.9],[148.125,45.85],[148.125,45.8],[148.125,45.75],[148.125,45.7],[148.062,45.7],[148,45.7],[147.938,45.7],[147.875,45.7],[147.812,45.7],[147.75,45.7],[147.688,45.7],[147.625,45.7],[147.562,45.7],[147.5,45.7],[147.438,45.7],[147.375,45.7],[147.375,45.65],[147.375,45.6],[147.375,45.55],[147.375,45.5],[147.312,45.5],[147.25,45.5],[147.188,45.5],[147.125,45.5],[147.125,45.45],[147.125,45.4],[147.125,45.35],[147.125,45.3],[147.062,45.3],[147,45.3],[146.938,45.3],[146.875,45.3],[146.875,45.25],[146.875,45.2],[146.875,45.15],[146.875,45.1],[146.812,45.1],[146.75,45.1],[146.688,45.1],[146.625,45.1],[146.625,45.05],[146.625,45],[146.625,44.95],[146.625,44.9],[146.625,44.85],[146.625,44.8],[146.625,44.75],[146.625,44.7],[146.562,44.7],[146.5,44.7],[146.438,44.7],[146.375,44.7],[146.312,44.7],[146.25,44.7],[146.188,44.7],[146.125,44.7],[146.062,44.7],[146,44.7],[145.938,44.7],[145.875,44.7],[145.812,44.7],[145.75,44.7],[145.688,44.7],[145.625,44.7],[145.562,44.7],[145.5,44.7],[145.438,44.7],[145.375,44.7],[145.312,44.7],[145.25,44.7],[145.188,44.7],[145.125,44.7],[145.062,44.7],[145,44.7],[144.938,44.7],[144.875,44.7],[144.875,44.65],[144.875,44.6],[144.875,44.55],[144.875,44.5],[144.812,44.5],[144.75,44.5],[144.688,44.5],[144.625,44.5],[144.562,44.5],[144.5,44.5],[144.438,44.5],[144.375,44.5],[144.312,44.5],[144.25,44.5],[144.188,44.5],[144.125,44.5],[144.062,44.5],[144,44.5],[143.938,44.5],[143.875,44.5],[143.875,44.55],[143.875,44.6],[143.875,44.65],[143.875,44.7],[143.812,44.7],[143.75,44.7],[143.688,44.7],[143.625,44.7],[143.625,44.75],[143.625,44.8],[143.625,44.85],[143.625,44.9],[143.562,44.9],[143.5,44.9],[143.438,44.9],[143.375,44.9],[143.312,44.9],[143.25,44.9],[143.188,44.9],[143.125,44.9],[143.125,44.95],[143.125,45],[143.125,45.05],[143.125,45.1],[143.125,45.15],[143.125,45.2],[143.125,45.25],[143.125,45.3],[143.062,45.3],[143,45.3],[142.938,45.3],[142.875,45.3],[142.875,45.35],[142.875,45.4],[142.875,45.45],[142.875,45.5],[142.812,45.5],[142.75,45.5],[142.688,45.5],[142.625,45.5],[142.625,45.55],[142.625,45.6],[142.625,45.65],[142.625,45.7],[142.562,45.7],[142.5,45.7],[142.438,45.7],[142.375,45.7],[142.375,45.75],[142.375,45.8],[142.375,45.85],[142.375,45.9],[142.312,45.9],[142.25,45.9],[142.188,45.9],[142.125,45.9],[142.062,45.9],[142,45.9],[141.938,45.9],[141.875,45.9],[141.812,45.9],[141.75,45.9],[141.688,45.9],[141.625,45.9],[141.562,45.9],[141.5,45.9],[141.438,45.9]],[[141.938,27.9],[141.875,27.9],[141.875,27.85],[141.875,27.8],[141.875,27.75],[141.875,27.7],[141.875,27.65],[141.875,27.6],[141.875,27.55],[141.875,27.5],[141.875,27.45],[141.875,27.4],[141.875,27.35],[141.875,27.3],[141.875,27.25],[141.875,27.2],[141.875,27.15],[141.875,27.1],[141.875,27.05],[141.875,27],[141.875,26.95],[141.875,26.9],[141.875,26.85],[141.875,26.8],[141.875,26.75],[141.875,26.7],[141.875,26.65],[141.875,26.6],[141.875,26.55],[141.875,26.5],[141.875,26.45],[141.875,26.4],[141.875,26.35],[141.875,26.3],[141.938,26.3],[142,26.3],[142.062,26.3],[142.125,26.3],[142.188,26.3],[142.25,26.3],[142.312,26.3],[142.375,26.3],[142.438,26.3],[142.5,26.3],[142.562,26.3],[142.625,26.3],[142.625,26.35],[142.625,26.4],[142.625,26.45],[142.625,26.5],[142.625,26.55],[142.625,26.6],[142.625,26.65],[142.625,26.7],[142.625,26.75],[142.625,26.8],[142.625,26.85],[142.625,26.9],[142.625,26.95],[142.625,27],[142.625,27.05],[142.625,27.1],[142.625,27.15],[142.625,27.2],[142.625,27.25],[142.625,27.3],[142.625,27.35],[142.625,27.4],[142.625,27.45],[142.625,27.5],[142.625,27.55],[142.625,27.6],[142.625,27.65],[142.625,27.7],[142.625,27.75],[142.625,27.8],[142.625,27.85],[142.625,27.9],[142.562,27.9],[142.5,27.9],[142.438,27.9],[142.375,27.9],[142.312,27.9],[142.25,27.9],[142.188,27.9],[142.125,27.9],[142.062,27.9],[142,27.9],[141.938,27.9]],[[130.938,26.3],[130.875,26.3],[130.875,26.25],[130.875,26.2],[130.875,26.15],[130.875,26.1],[130.812,26.1],[130.75,26.1],[130.688,26.1],[130.625,26.1],[130.625,26.05],[130.625,26],[130.625,25.95],[130.625,25.9],[130.625,25.85],[130.625,25.8],[130.625,25.75],[130.625,25.7],[130.625,25.65],[130.625,25.6],[130.625,25.55],[130.625,25.5],[130.688,25.5],[130.75,25.5],[130.812,25.5],[130.875,25.5],[130.875,25.45],[130.875,25.4],[130.875,25.35],[130.875,25.3],[130.938,25.3],[131,25.3],[131.062,25.3],[131.125,25.3],[131.188,25.3],[131.25,25.3],[131.312,25.3],[131.375,25.3],[131.375,25.35],[131.375,25.4],[131.375,25.45],[131.375,25.5],[131.438,25.5],[131.5,25.5],[131.562,25.5],[131.625,25.5],[131.625,25.55],[131.625,25.6],[131.625,25.65],[131.625,25.7],[131.688,25.7],[131.75,25.7],[131.812,25.7],[131.875,25.7],[131.875,25.75],[131.875,25.8],[131.875,25.85],[131.875,25.9],[131.875,25.95],[131.875,26],[131.875,26.05],[131.875,26.1],[131.875,26.15],[131.875,26.2],[131.875,26.25],[131.875,26.3],[131.812,26.3],[131.75,26.3],[131.688,26.3],[131.625,26.3],[131.562,26.3],[131.5,26.3],[131.438,26.3],[131.375,26.3],[131.312,26.3],[131.25,26.3],[131.188,26.3],[131.125,26.3],[131.062,26.3],[131,26.3],[130.938,26.3]],[[124.938,25.3],[124.875,25.3],[124.875,25.25],[124.875,25.2],[124.875,25.15],[124.875,25.1],[124.812,25.1],[124.75,25.1],[124.688,25.1],[124.625,25.1],[124.562,25.1],[124.5,25.1],[124.438,25.1],[124.375,25.1],[124.375,25.05],[124.375,25],[124.375,24.95],[124.375,24.9],[124.312,24.9],[124.25,24.9],[124.188,24.9],[124.125,24.9],[124.062,24.9],[124,24.9],[123.938,24.9],[123.875,24.9],[123.812,24.9],[123.75,24.9],[123.688,24.9],[123.625,24.9],[123.562,24.9],[123.5,24.9],[123.438,24.9],[123.375,24.9],[123.312,24.9],[123.25,24.9],[123.188,24.9],[123.125,24.9],[123.062,24.9],[123,24.9],[122.938,24.9],[122.875,24.9],[122.812,24.9],[122.75,24.9],[122.688,24.9],[122.625,24.9],[122.625,24.85],[122.625,24.8],[122.625,24.75],[122.625,24.7],[122.562,24.7],[122.5,24.7],[122.438,24.7],[122.375,24.7],[122.375,24.65],[122.375,24.6],[122.375,24.55],[122.375,24.5],[122.375,24.45],[122.375,24.4],[122.375,24.35],[122.375,24.3],[122.375,24.25],[122.375,24.2],[122.375,24.15],[122.375,24.1],[122.438,24.1],[122.5,24.1],[122.562,24.1],[122.625,24.1],[122.688,24.1],[122.75,24.1],[122.812,24.1],[122.875,24.1],[122.875,24.05],[122.875,24],[122.875,23.95],[122.875,23.9],[122.938,23.9],[123,23.9],[123.062,23.9],[123.125,23.9],[123.188,23.9],[123.25,23.9],[123.312,23.9],[123.375,23.9],[123.375,23.85],[123.375,23.8],[123.375,23.75],[123.375,23.7],[123.438,23.7],[123.5,23.7],[123.562,23.7],[123.625,23.7],[123.688,23.7],[123.75,23.7],[123.812,23.7],[123.875,23.7],[123.938,23.7],[124,23.7],[124.062,23.7],[124.125,23.7],[124.188,23.7],[124.25,23.7],[124.312,23.7],[124.375,23.7],[124.375,23.75],[124.375,23.8],[124.375,23.85],[124.375,23.9],[124.375,23.95],[124.375,24],[124.375,24.05],[124.375,24.1],[124.438,24.1],[124.5,24.1],[124.562,24.1],[124.625,24.1],[124.625,24.15],[124.625,24.2],[124.625,24.25],[124.625,24.3],[124.688,24.3],[124.75,24.3],[124.812,24.3],[124.875,24.3],[124.938,24.3],[125,24.3],[125.062,24.3],[125.125,24.3],[125.188,24.3],[125.25,24.3],[125.312,24.3],[125.375,24.3],[125.438,24.3],[125.5,24.3],[125.562,24.3],[125.625,24.3],[125.688,24.3],[125.75,24.3],[125.812,24.3],[125.875,24.3],[125.875,24.35],[125.875,24.4],[125.875,24.45],[125.875,24.5],[125.875,24.55],[125.875,24.6],[125.875,24.65],[125.875,24.7],[125.875,24.75],[125.875,24.8],[125.875,24.85],[125.875,24.9],[125.875,24.95],[125.875,25],[125.875,25.05],[125.875,25.1],[125.875,25.15],[125.875,25.2],[125.875,25.25],[125.875,25.3],[125.812,25.3],[125.75,25.3],[125.688,25.3],[125.625,25.3],[125.562,25.3],[125.5,25.3],[125.438,25.3],[125.375,25.3],[125.312,25.3],[125.25,25.3],[125.188,25.3],[125.125,25.3],[125.062,25.3],[125,25.3],[124.938,25.3]]]},"properties":{"level":"NoData"}}]}