amedas_id,name,longitude,latitude,elevation_m,observed_at,temperature_c,temperature_quality,precipitation_1h_mm,precipitation_1h_quality,wind_speed_ms,wind_speed_quality,wind_direction_code,wind_direction_deg,wind_direction_quality
11001,宗谷岬,141.935,45.52,26,2026-09-07T07:00:00+09:00,17.3,0,0.0,0,6.2,0,9.0,202.5,0
11016,稚内,141.678333,45.415,3,2026-09-07T07:00:00+09:00,17.6,0,0.0,0,3.1,0,7.0,157.5,0
11046,礼文,141.045,45.305,65,2026-09-07T07:00:00+09:00,19.9,0,0.0,0,6.1,0,10.0,225.0,0
11061,声問,141.801667,45.403333,8,2026-09-07T07:00:00+09:00,15.5,0,0.0,0,4.3,0,7.0,157.5,0
11076,浜鬼志別,142.17,45.335,13,2026-09-07T07:00:00+09:00,14.4,0,0.0,0,2.3,0,9.0,202.5,0
11091,本泊,141.186667,45.241667,30,2026-09-07T07:00:00+09:00,19.7,0,0.0,0,7.4,0,9.0,202.5,0
11121,沼川,141.851667,45.248333,23,2026-09-07T07:00:00+09:00,13.8,0,0.0,0,1.6,0,4.0,90.0,0
11151,沓形,141.138333,45.178333,14,2026-09-07T07:00:00+09:00,20.3,0,0.0,0,7.3,0,8.0,180.0,0
11176,豊富,141.78,45.101667,14,2026-09-07T07:00:00+09:00,15.0,0,0.0,0,2.5,0,5.0,112.5,0
11206,浜頓別,142.35,45.125,18,2026-09-07T07:00:00+09:00,16.0,0,0.0,0,2.5,0,9.0,202.5,0
11276,中頓別,142.28,44.965,25,2026-09-07T07:00:00+09:00,11.8,0,0.0,0,1.2,0,11.0,247.5,0
11291,北見枝幸,142.585,44.94,7,2026-09-07T07:00:00+09:00,18.1,0,0.0,0,2.7,0,11.0,247.5,0
11316,歌登,142.48,44.841667,14,2026-09-07T07:00:00+09:00,10.4,0,0.0,0,0.7,0,10.0,225.0,0
12011,中川,142.076667,44.828333,22,2026-09-07T07:00:00+09:00,12.1,0,0.0,0,0.3,0,7.0,157.5,0
12041,音威子府,142.265,44.726667,40,2026-09-07T07:00:00+09:00,12.5,0,0.0,0,3.2,0,8.0,180.0,0
12066,小車,142.295,44.608333,60,2026-09-07T07:00:00+09:00,,,0.0,0,,,,,
12141,美深,142.341667,44.48,77,2026-09-07T07:00:00+09:00,11.8,0,0.0,0,1.1,0,7.0,157.5,0
12181,名寄,142.456667,44.37,89,2026-09-07T07:00:00+09:00,11.0,0,0.0,0,1.0,0,8.0,180.0,0
12217,西風連,142.358333,44.295,128,2026-09-07T07:00:00+09:00,,,0.0,0,,,,,
12231,下川,142.636667,44.295,143,2026-09-07T07:00:00+09:00,11.1,0,0.0,0,0.5,0,3.0,67.5,0
12256,剣淵,142.353333,44.106667,138,2026-09-07T07:00:00+09:00,,,0.0,0,,,,,
12261,士別,142.416667,44.186667,135,2026-09-07T07:00:00+09:00,11.1,0,0.0,0,1.1,0,13.0,292.5,0
12266,朝日,142.595,44.118333,225,2026-09-07T07:00:00+09:00,11.7,0,0.0,0,1.9,0,5.0,112.5,0
12301,和寒,142.41,44.028333,150,2026-09-07T07:00:00+09:00,9.4,0,0.0,0,0.9,0,15.0,337.5,0
12386,江丹別,142.26,43.87,140,2026-09-07T07:00:00+09:00,9.6,0,0.0,0,0.3,0,6.0,135.0,0
12396,比布,142.47,43.87,164,2026-09-07T07:00:00+09:00,11.8,0,0.0,0,1.1,0,16.0,0.0,0
12411,上川,142.753333,43.846667,324,2026-09-07T07:00:00+09:00,9.4,0,0.0,0,0.5,0,16.0,0.0,0
12442,旭川,142.371667,43.756667,120,2026-09-07T07:00:00+09:00,11.6,0,0.0,0,0.5,0,1.0,22.5,0
12451,東川,142.508333,43.701667,215,2026-09-07T07:00:00+09:00,11.9,0,0.0,0,2.1,0,5.0,112.5,0
12457,瑞穂,142.638333,43.736667,289,2026-09-07T07:00:00+09:00,,,0.0,0,,,,,
12471,層雲峡,142.93,43.753333,540,2026-09-07T07:00:00+09:00,,,0.0,0,,,,,
12501,東神楽,142.446667,43.67,211,2026-09-07T07:00:00+09:00,10.3,0,0.0,0,0.3,0,15.0,337.5,0
12512,志比内,142.581667,43.643333,310,2026-09-07T07:00:00+09:00,11.1,0,0.0,0,2.5,0,5.0,112.5,0
12551,美瑛,142.493333,43.588333,250,2026-09-07T07:00:00+09:00,11.6,0,0.0,0,2.3,0,4.0,90.0,0
12596,上富良野,142.465,43.455,220,2026-09-07T07:00:00+09:00,14.7,0,0.0,0,1.2,0,8.0,180.0,0
12607,白金,142.65,43.475,658,2026-09-07T07:00:00+09:00,,,0.0,0,,,,,
12626,富良野,142.4,43.333333,174,2026-09-07T07:00:00+09:00,15.0,0,0.0,0,4.2,0,9.0,202.5,0
12632,麓郷,142.521667,43.301667,315,2026-09-07T07:00:00+09:00,16.6,0,0.0,0,4.2,0,7.0,157.5,0
12686,金山,142.416667,43.138333,284,2026-09-07T07:00:00+09:00,,,0.0,0,,,,,
12691,幾寅,142.568333,43.168333,350,2026-09-07T07:00:00+09:00,15.1,0,0.0,0,1.5,0,4.0,90.0,0
12746,占冠,142.395,42.978333,332,2026-09-07T07:00:00+09:00,8.8,0,0.0,0,1.0,0,6.0,135.0,0
13011,幌延,141.851667,45.006667,5,2026-09-07T07:00:00+09:00,,,0.0,0,,,,,
13061,天塩,141.761667,44.893333,9,2026-09-07T07:00:00+09:00,15.9,0,0.0,0,1.7,0,7.0,157.5,0
13086,遠別,141.806667,44.718333,7,2026-09-07T07:00:00+09:00,13.1,0,0.0,0,3.3,0,5.0,112.5,0
13121,初山別,141.77,44.523333,27,2026-09-07T07:00:00+09:00,18.7,0,0.0,0,2.5,0,7.0,157.5,0
13146,焼尻,141.421667,44.428333,38,2026-09-07T07:00:00+09:00,19.1,0,0.0,0,8.1,0,7.0,157.5,0
13181,羽幌,141.7,44.363333,8,2026-09-07T07:00:00+09:00,16.7,0,0.0,0,3.4,0,6.0,135.0,0
13206,古丹別,141.721667,44.265,15,2026-09-07T07:00:00+09:00,,,0.0,0,,,,,
13261,達布,141.856667,44.048333,30,2026-09-07T07:00:00+09:00,12.0,0,0.0,0,1.1,0,1.0,22.5,0
13277,留萌,141.631667,43.945,24,2026-09-07T07:00:00+09:00,15.1,0,0.0,0,7.8,0,5.0,112.5,0
13311,増毛,141.51,43.848333,20,2026-09-07T07:00:00+09:00,15.8,0,0.0,0,2.6,0,5.0,112.5,0
13321,幌糠,141.76,43.853333,20,2026-09-07T07:00:00+09:00,13.7,0,0.0,0,0.3,0,14.0,315.0,0
14026,浜益,141.386667,43.581667,3,2026-09-07T07:00:00+09:00,19.2,0,0.0,0,3.1,0,4.0,90.0,0
14071,厚田,141.436667,43.396667,5,2026-09-07T07:00:00+09:00,16.2,0,0.0,0,3.2,0,5.0,112.5,0
14101,新篠津,141.645,43.22,9,2026-09-07T07:00:00+09:00,13.2,0,0.0,0,2.1,0,2.0,45.0,0
14116,山口,141.221667,43.148333,5,2026-09-07T07:00:00+09:00,19.0,0,0.0,0,4.7,0,5.0,112.5,0
14121,石狩,141.37,43.193333,5,2026-09-07T07:00:00+09:00,13.9,0,0.0,0,2.2,0,4.0,90.0,0
14136,江別,141.601667,43.11,8,2026-09-07T07:00:00+09:00,13.3,0,0.0,0,0.7,0,2.0,45.0,0
14157,手稲山,141.201667,43.083333,568,2026-09-07T07:00:00+09:00,,,0.0,0,,,,,
14163,札幌,141.328333,43.06,17,2026-09-07T07:00:00+09:00,19.2,0,0.0,0,4.4,0,7.0,157.5,0
14191,小金湯,141.216667,42.963333,230,2026-09-07T07:00:00+09:00,,,0.0,0,,,,,
14206,恵庭島松,141.565,42.926667,30,2026-09-07T07:00:00+09:00,15.5,0,0.0,0,2.4,0,8.0,180.0,0
14286,支笏湖畔,141.406667,42.771667,290,2026-09-07T07:00:00+09:00,16.2,0,0.0,0,1.2,0,1.0,22.5,0
14296,千歳,141.691667,42.775,22,2026-09-07T07:00:00+09:00,15.3,0,0.0,0,4.3,0,7.0,157.5,0
15041,朱鞠内,142.161667,44.281667,255,2026-09-07T07:00:00+09:00,9.9,0,0.0,0,0.6,0,3.0,67.5,0
15076,幌加内,142.16,44.01,159,2026-09-07T07:00:00+09:00,9.0,0,0.0,0,0.7,0,16.0,0.0,0
15116,石狩沼田,141.926667,43.815,63,2026-09-07T07:00:00+09:00,12.1,0,0.0,0,0.4,0,5.0,112.5,0
15156,秩父別,141.961667,43.78,51,2026-09-07T07:00:00+09:00,12.2,0,0.0,0,0.6,0,1.0,22.5,0
15161,深川,142.073333,43.718333,55,2026-09-07T07:00:00+09:00,13.6,0,0.0,0,1.1,0,9.0,202.5,0
15197,雨竜,141.891667,43.66,42,2026-09-07T07:00:00+09:00,,,0.0,0,,,,,
15216,新城,142.203333,43.611667,147,2026-09-07T07:00:00+09:00,,,0.0,0,,,,,
15231,空知吉野,141.731667,43.595,100,2026-09-07T07:00:00+09:00,12.1,0,0.0,0,1.2,0,13.0,292.5,0
15241,滝川,141.938333,43.57,50,2026-09-07T07:00:00+09:00,12.3,0,0.0,0,0.5,0,9.0,202.5,0
15247,赤平,142.066667,43.553333,120,2026-09-07T07:00:00+09:00,,,0.0,0,,,,,
15251,芦別,142.19,43.52,91,2026-09-07T07:00:00+09:00,12.1,0,0.0,0,1.0,0,5.0,112.5,0
15276,浦臼,141.808333,43.428333,25,2026-09-07T07:00:00+09:00,,,0.0,0,,,,,
15311,月形,141.616667,43.33,50,2026-09-07T07:00:00+09:00,13.0,0,0.0,0,0.5,0,9.0,202.5,0
15321,美唄,141.826667,43.363333,16,2026-09-07T07:00:00+09:00,12.6,0,0.0,0,2.4,0,1.0,22.5,0
15356,岩見沢,141.785,43.211667,42,2026-09-07T07:00:00+09:00,14.4,0,0.0,0,1.8,0,4.0,90.0,0
15391,栗沢,141.745,43.121667,20,2026-09-07T07:00:00+09:00,,,0.0,0,,,,,
15431,長沼,141.693333,43.011667,13,2026-09-07T07:00:00+09:00,18.1,0,0.0,0,2.7,0,6.0,135.0,0
15442,夕張,141.956667,43.038333,293,2026-09-07T07:00:00+09:00,14.9,0,0.0,0,1.8,0,5.0,112.5,0
15451,鹿島,142.1,43.08,310,2026-09-07T07:00:00+09:00,,,0.0,0,,,,,
15491,沼の沢,142.02,42.96,161,2026-09-07T07:00:00+09:00,,,0.0,0,,,,,
16026,美国,140.563333,43.271667,75,2026-09-07T07:00:00+09:00,14.6,0,0.0,0,0.2,0,0.0,0.0,0
16061,神恵内,140.423333,43.145,50,2026-09-07T07:00:00+09:00,19.8,0,0.0,0,2.3,0,2.0,45.0,0
16076,余市,140.758333,43.181667,20,2026-09-07T07:00:00+09:00,14.6,0,0.0,0,0.7,0,14.0,315.0,0
16091,小樽,141.015,43.181667,25,2026-09-07T07:00:00+09:00,15.4,0,0.0,0,2.8,0,10.0,225.0,0
16126,赤井川,140.82,43.083333,148,2026-09-07T07:00:00+09:00,,,0.0,0,,,,,
16156,共和,140.603333,42.98,15,2026-09-07T07:00:00+09:00,20.4,0,0.0,0,5.3,0,4.0,90.0,0
16206,蘭越,140.541667,42.81,39,2026-09-07T07:00:00+09:00,18.7,0,0.0,0,1.9,0,3.0,67.5,0
16217,倶知安,140.756667,42.9,176,2026-09-07T07:00:00+09:00,19.2,0,0.0,0,3.5,0,3.0,67.5,0
16252,寿都,140.223333,42.795,33,2026-09-07T07:00:00+09:00,20.1,0,0.0,0,8.8,0,6.0,135.0,0
16272,ニセコ,140.666667,42.778333,113,2026-09-07T07:00:00+09:00,,,0.0,0,,,,,
16281,真狩,140.88,42.775,440,2026-09-07T07:00:00+09:00,16.8,0,0.0,0,3.3,0,7.0,157.5,0
16286,喜茂別,140.948333,42.793333,264,2026-09-07T07:00:00+09:00,16.8,0,0.0,0,2.8,0,4.0,90.0,0
16321,黒松内,140.31,42.663333,27,2026-09-07T07:00:00+09:00,20.1,0,0.0,0,4.4,0,6.0,135.0,0
17036,雄武,142.963333,44.58,14,2026-09-07T07:00:00+09:00,15.5,0,0.0,0,1.1,0,6.0,135.0,0
17076,興部,143.108333,44.47,8,2026-09-07T07:00:00+09:00,14.2,0,0.0,0,1.7,0,9.0,202.5,0
17091,西興部,142.935,44.331667,120,2026-09-07T07:00:00+09:00,13.8,0,0.0,0,0.6,0,9.0,202.5,0
17112,紋別,143.355,44.345,16,2026-09-07T07:00:00+09:00,15.4,0,0.0,0,1.8,0,7.0,157.5,0
17116,紋別小向,143.403333,44.303333,18,2026-09-07T07:00:00+09:00,15.9,0,0.0,0,0.7,0,12.0,270.0,0
17166,湧別,143.618333,44.213333,5,2026-09-07T07:00:00+09:00,15.9,0,0.0,0,3.9,0,9.0,202.5,0
17196,滝上,143.061667,44.176667,165,2026-09-07T07:00:00+09:00,11.2,0,0.0,0,0.3,0,12.0,270.0,0
17211,上藻別,143.335,44.186667,94,2026-09-07T07:00:00+09:00,,,0.0,0,,,,,
17246,常呂,144.036667,44.115,3,2026-09-07T07:00:00+09:00,18.0,0,0.0,0,4.5,0,7.0,157.5,0
17306,遠軽,143.54,44.053333,80,2026-09-07T07:00:00+09:00,13.1,0,0.0,0,0.6,0,9.0,202.5,0
17316,佐呂間,143.76,44.018333,54,2026-09-07T07:00:00+09:00,17.6,0,0.0,0,2.9,0,8.0,180.0,0
17341,網走,144.278333,44.016667,38,2026-09-07T07:00:00+09:00,17.1,0,0.0,0,3.6,0,8.0,180.0,0
17351,宇登呂,144.981667,44.051667,144,2026-09-07T07:00:00+09:00,16.1,0,0.0,0,0.5,0,9.0,202.5,0
17386,丸瀬布,143.328333,43.951667,242,2026-09-07T07:00:00+09:00,,,0.0,0,,,,,
17482,白滝,143.153333,43.865,475,2026-09-07T07:00:00+09:00,9.2,0,0.0,0,0.5,0,9.0,202.5,0
17501,生田原,143.531667,43.916667,199,2026-09-07T07:00:00+09:00,16.0,0,0.0,0,2.7,0,8.0,180.0,0
17512,仁頃山,143.746667,43.86,261,2026-09-07T07:00:00+09:00,,,0.0,0,,,,,
17521,北見,143.841667,43.776667,104,2026-09-07T07:00:00+09:00,15.9,0,0.0,0,1.1,0,10.0,225.0,0
17531,女満別,144.163333,43.88,33,2026-09-07T07:00:00+09:00,16.3,0,0.0,0,4.2,0,10.0,225.0,0
17541,東藻琴,144.285,43.84,58,2026-09-07T07:00:00+09:00,,,0.0,0,,,,,
17546,小清水,144.485,43.841667,52,2026-09-07T07:00:00+09:00,17.8,0,0.0,0,4.1,0,7.0,157.5,0
17561,斜里,144.7,43.885,15,2026-09-07T07:00:00+09:00,15.0,0,0.0,0,1.8,0,7.0,157.5,0
17596,留辺蘂,143.45,43.741667,325,2026-09-07T07:00:00+09:00,12.8,0,0.0,0,2.4,0,12.0,270.0,0
17607,境野,143.643333,43.706667,184,2026-09-07T07:00:00+09:00,12.8,0,0.0,0,0.5,0,15.0,337.5,0
17631,美幌,144.171667,43.77,60,2026-09-07T07:00:00+09:00,17.7,0,0.0,0,2.2,0,8.0,180.0,0
17642,山園,144.336667,43.743333,361,2026-09-07T07:00:00+09:00,,,0.0,0,,,,,
17686,置戸常元,143.44,43.62,368,2026-09-07T07:00:00+09:00,,,0.0,0,,,,,
17717,津別,144.033333,43.701667,100,2026-09-07T07:00:00+09:00,13.6,0,0.0,0,0.8,0,8.0,180.0,0
17776,津別二又,143.865,43.583333,210,2026-09-07T07:00:00+09:00,,,0.0,0,,,,,
18038,羅臼,145.186667,44.023333,15,2026-09-07T07:00:00+09:00,18.1,0,0.0,0,0.8,0,2.0,45.0,0
18091,糸櫛別,144.988333,43.721667,115,2026-09-07T07:00:00+09:00,,,0.0,0,,,,,
18136,標津,145.131667,43.661667,3,2026-09-07T07:00:00+09:00,16.0,0,0.0,0,1.6,0,9.0,202.5,0
18161,上標津,144.746667,43.52,160,2026-09-07T07:00:00+09:00,14.9,0,0.0,0,1.1,0,5.0,112.5,0
18171,中標津,144.978333,43.543333,50,2026-09-07T07:00:00+09:00,13.3,0,0.0,0,0.4,0,8.0,180.0,0
18174,根室中標津,144.96,43.576667,65,2026-09-07T07:00:00+09:00,15.1,0,0.0,0,2.8,0,8.0,180.0,0
18256,別海,145.118333,43.381667,23,2026-09-07T07:00:00+09:00,13.1,0,0.0,0,0.2,0,0.0,0.0,0
18273,根室,145.585,43.33,25,2026-09-07T07:00:00+09:00,17.3,0,0.0,0,4.1,0,6.0,135.0,0
18281,納沙布,145.758333,43.393333,12,2026-09-07T07:00:00+09:00,17.0,0,0.0,0,3.9,0,6.0,135.0,0
18311,厚床,145.226667,43.22,41,2026-09-07T07:00:00+09:00,17.3,0,0.0,0,2.8,0,6.0,135.0,0
19021,川湯,144.456667,43.616667,158,2026-09-07T07:00:00+09:00,17.1,0,0.0,0,1.2,0,8.0,180.0,0
19051,弟子屈,144.466667,43.51,170,2026-09-07T07:00:00+09:00,15.4,0,0.0,0,4.1,0,6.0,135.0,0
19076,阿寒湖畔,144.083333,43.436667,426,2026-09-07T07:00:00+09:00,15.9,0,0.0,0,1.1,0,6.0,135.0,0
19151,標茶,144.586667,43.291667,20,2026-09-07T07:00:00+09:00,12.8,0,0.0,0,0.6,0,2.0,45.0,0
19191,鶴居,144.325,43.231667,38,2026-09-07T07:00:00+09:00,14.4,0,0.0,0,0.8,0,14.0,315.0,0
19261,中徹別,144.141667,43.198333,80,2026-09-07T07:00:00+09:00,14.9,0,0.0,0,0.5,0,13.0,292.5,0
19281,塘路,144.496667,43.148333,25,2026-09-07T07:00:00+09:00,,,0.0,0,,,,,
19301,茶内原野,144.966667,43.173333,70,2026-09-07T07:00:00+09:00,,,0.0,0,,,,,
19311,榊町,145.11,43.12,2,2026-09-07T07:00:00+09:00,18.6,0,0.0,0,4.7,0,6.0,135.0,0
19346,阿寒,144.123333,43.113333,40,2026-09-07T07:00:00+09:00,,,0.0,0,,,,,
19347,鶴丘,144.191667,43.04,95,2026-09-07T07:00:00+09:00,15.3,0,0.0,0,1.7,0,16.0,0.0,0
19376,太田,144.778333,43.09,85,2026-09-07T07:00:00+09:00,16.7,0,0.0,0,2.6,0,5.0,112.5,0
19406,二俣,143.875,42.971667,45,2026-09-07T07:00:00+09:00,,,0.0,0,,,,,
19416,白糠,144.061667,42.97,9,2026-09-07T07:00:00+09:00,15.8,0,0.0,0,2.0,0,15.0,337.5,0
19432,釧路,144.376667,42.985,5,2026-09-07T07:00:00+09:00,14.8,0,0.0,0,2.4,0,3.0,67.5,0
19451,知方学,144.735,42.938333,149,2026-09-07T07:00:00+09:00,17.4,0,0.0,0,2.2,0,6.0,135.0,0
20047,三股,143.148333,43.51,660,2026-09-07T07:00:00+09:00,,,0.0,0,,,,,
20071,小利別,143.68,43.588333,313,2026-09-07T07:00:00+09:00,,,0.0,0,,,,,
20146,陸別,143.753333,43.471667,210,2026-09-07T07:00:00+09:00,13.7,0,0.0,0,1.4,0,9.0,202.5,0
20186,ぬかびら源泉郷,143.191667,43.366667,540,2026-09-07T07:00:00+09:00,9.7,0,0.0,0,0.3,0,5.0,112.5,0
20202,柏倉,143.458333,43.361667,378,2026-09-07T07:00:00+09:00,,,0.0,0,,,,,
20222,上螺湾,143.801667,43.318333,232,2026-09-07T07:00:00+09:00,,,0.0,0,,,,,
20266,上士幌,143.295,43.241667,287,2026-09-07T07:00:00+09:00,12.6,0,0.0,0,1.7,0,1.0,22.5,0
20276,足寄,143.553333,43.243333,90,2026-09-07T07:00:00+09:00,13.0,0,0.0,0,1.0,0,3.0,67.5,0
20331,押帯,143.443333,43.115,104,2026-09-07T07:00:00+09:00,,,0.0,0,,,,,
20341,本別,143.6,43.131667,67,2026-09-07T07:00:00+09:00,12.3,0,0.0,0,0.6,0,16.0,0.0,0
20356,新得,142.84,43.076667,178,2026-09-07T07:00:00+09:00,14.0,0,0.0,0,0.7,0,2.0,45.0,0
20361,鹿追,142.995,43.103333,206,2026-09-07T07:00:00+09:00,14.3,0,0.0,0,0.9,0,16.0,0.0,0
20371,駒場,143.183333,43.05,112,2026-09-07T07:00:00+09:00,13.9,0,0.0,0,0.5,0,16.0,0.0,0
20421,芽室,143.043333,42.9,90,2026-09-07T07:00:00+09:00,14.4,0,0.0,0,0.8,0,14.0,315.0,0
20432,帯広,143.211667,42.921667,38,2026-09-07T07:00:00+09:00,13.6,0,0.0,0,0.4,0,7.0,157.5,0
20441,池田,143.458333,42.92,42,2026-09-07T07:00:00+09:00,13.1,0,0.0,0,0.8,0,15.0,337.5,0
20451,留真,143.661667,42.916667,40,2026-09-07T07:00:00+09:00,,,0.0,0,,,,,
20506,浦幌,143.656667,42.808333,20,2026-09-07T07:00:00+09:00,13.0,0,0.0,0,0.8,0,1.0,22.5,0
20551,帯広泉,143.216667,42.733333,149,2026-09-07T07:00:00+09:00,12.0,0,0.0,0,0.7,0,14.0,315.0,0
20556,糠内,143.328333,42.786667,70,2026-09-07T07:00:00+09:00,12.3,0,0.0,0,0.6,0,10.0,225.0,0
20601,上札内,143.096667,42.641667,251,2026-09-07T07:00:00+09:00,11.9,0,0.0,0,1.5,0,10.0,225.0,0
20606,更別,143.195,42.651667,185,2026-09-07T07:00:00+09:00,12.3,0,0.0,0,1.0,0,13.0,292.5,0
20631,大津,143.646667,42.686667,4,2026-09-07T07:00:00+09:00,13.2,0,0.0,0,3.7,0,15.0,337.5,0
20696,大樹,143.273333,42.5,87,2026-09-07T07:00:00+09:00,12.4,0,0.0,0,3.1,0,15.0,337.5,0
20751,広尾,143.316667,42.293333,32,2026-09-07T07:00:00+09:00,16.2,0,0.0,0,1.7,0,14.0,315.0,0
21031,安平,141.828333,42.815,33,2026-09-07T07:00:00+09:00,,,0.0,0,,,,,
21111,厚真,141.888333,42.73,20,2026-09-07T07:00:00+09:00,14.8,0,0.0,0,3.2,0,4.0,90.0,0
21126,穂別,142.143333,42.761667,56,2026-09-07T07:00:00+09:00,10.7,0,0.0,0,2.0,0,1.0,22.5,0
21161,大滝,141.078333,42.67,390,2026-09-07T07:00:00+09:00,17.1,0,0.0,0,1.7,0,5.0,112.5,0
21171,森野,141.246667,42.63,170,2026-09-07T07:00:00+09:00,17.3,0,0.0,0,1.5,0,6.0,135.0,0
21187,苫小牧,141.546667,42.623333,6,2026-09-07T07:00:00+09:00,18.5,0,0.0,0,3.1,0,5.0,112.5,0
21226,大岸,140.643333,42.59,4,2026-09-07T07:00:00+09:00,19.8,0,0.0,0,1.5,0,14.0,315.0,0
21237,洞爺湖温泉,140.806667,42.565,85,2026-09-07T07:00:00+09:00,,,0.0,0,,,,,
21251,カルルス,141.106667,42.516667,300,2026-09-07T07:00:00+09:00,,,0.0,0,,,,,
21261,白老,141.351667,42.543333,6,2026-09-07T07:00:00+09:00,19.5,0,0.0,0,7.5,0,5.0,112.5,0
21276,鵡川,141.933333,42.59,10,2026-09-07T07:00:00+09:00,14.1,0,0.0,0,2.6,0,5.0,112.5,0
21297,伊達,140.848333,42.475,3,2026-09-07T07:00:00+09:00,21.0,0,0.0,0,5.7,0,5.0,112.5,0
21312,登別,141.118333,42.458333,197,2026-09-07T07:00:00+09:00,17.5,0,0.0,0,1.4,0,4.0,90.0,0
21323,室蘭,140.975,42.311667,40,2026-09-07T07:00:00+09:00,19.5,0,0.0,0,4.9,0,4.0,90.0,0
22036,日高,142.441667,42.876667,280,2026-09-07T07:00:00+09:00,10.7,0,0.0,0,2.6,0,2.0,45.0,0
22072,仁世宇,142.358333,42.771667,150,2026-09-07T07:00:00+09:00,,,0.0,0,,,,,
22106,旭,142.393333,42.628333,245,2026-09-07T07:00:00+09:00,,,0.0,0,,,,,
22141,日高門別,142.053333,42.496667,47,2026-09-07T07:00:00+09:00,17.3,0,0.0,0,1.2,0,4.0,90.0,0
22156,新和,142.333333,42.543333,60,2026-09-07T07:00:00+09:00,10.6,0,0.0,0,0.2,0,0.0,0.0,0
22206,笹山,142.481667,42.433333,110,2026-09-07T07:00:00+09:00,,,0.0,0,,,,,
22241,静内,142.361667,42.343333,10,2026-09-07T07:00:00+09:00,15.6,0,0.0,0,2.6,0,2.0,45.0,0
22291,三石,142.661667,42.245,10,2026-09-07T07:00:00+09:00,15.3,0,0.0,0,0.6,0,9.0,202.5,0
22306,中杵臼,142.948333,42.223333,98,2026-09-07T07:00:00+09:00,10.8,0,0.0,0,0.4,0,2.0,45.0,0
22327,浦河,142.776667,42.161667,37,2026-09-07T07:00:00+09:00,17.5,0,0.0,0,5.8,0,3.0,67.5,0
22356,目黒,143.311667,42.128333,7,2026-09-07T07:00:00+09:00,,,0.0,0,,,,,
22366,幌満,143.035,42.076667,0,2026-09-07T07:00:00+09:00,,,0.0,0,,,,,
22391,えりも岬,143.243333,41.925,63,2026-09-07T07:00:00+09:00,18.0,0,0.0,0,10.0,0,2.0,45.0,0
23031,長万部,140.373333,42.516667,6,2026-09-07T07:00:00+09:00,20.5,0,0.0,0,5.0,0,6.0,135.0,0
23086,八雲,140.271667,42.251667,8,2026-09-07T07:00:00+09:00,20.3,0,0.0,0,3.2,0,4.0,90.0,0
23166,森,140.588333,42.066667,125,2026-09-07T07:00:00+09:00,19.1,0,0.0,0,1.7,0,7.0,157.5,0
23191,大沼,140.715,41.976667,165,2026-09-07T07:00:00+09:00,,,0.0,0,,,,,
23206,川汲,140.97,41.906667,31,2026-09-07T07:00:00+09:00,20.7,0,0.0,0,2.3,0,7.0,157.5,0
23226,北斗,140.653333,41.886667,25,2026-09-07T07:00:00+09:00,20.3,0,0.0,0,3.6,0,6.0,135.0,0
23232,函館,140.753333,41.816667,35,2026-09-07T07:00:00+09:00,20.8,0,0.0,0,5.1,0,5.0,112.5,0
23281,高松,140.821667,41.77,34,2026-09-07T07:00:00+09:00,21.3,0,0.0,0,10.5,0,5.0,112.5,0
23291,戸井泊,141.003333,41.716667,20,2026-09-07T07:00:00+09:00,,,0.0,0,,,,,
23321,知内,140.375,41.598333,24,2026-09-07T07:00:00+09:00,,,0.0,0,,,,,
23326,木古内,140.436667,41.68,10,2026-09-07T07:00:00+09:00,22.0,0,0.0,0,8.6,0,4.0,90.0,0
23356,千軒,140.271667,41.558333,100,2026-09-07T07:00:00+09:00,,,0.0,0,,,,,
23376,松前,140.086667,41.423333,30,2026-09-07T07:00:00+09:00,21.6,0,0.0,0,8.6,0,3.0,67.5,0
24041,せたな,139.851667,42.45,10,2026-09-07T07:00:00+09:00,20.8,0,0.0,0,8.1,0,4.0,90.0,0
24051,今金,140.008333,42.428333,19,2026-09-07T07:00:00+09:00,20.9,0,0.0,0,4.9,0,4.0,90.0,0
24101,奥尻,139.556667,42.248333,5,2026-09-07T07:00:00+09:00,22.3,0,0.0,0,10.3,0,5.0,112.5,0
24141,熊石,139.985,42.128333,12,2026-09-07T07:00:00+09:00,21.3,0,0.0,0,5.0,0,3.0,67.5,0
24156,米岡,139.431667,42.071667,49,2026-09-07T07:00:00+09:00,21.7,0,0.0,0,9.1,0,4.0,90.0,0
24166,潮見,140.088333,42.038333,50,2026-09-07T07:00:00+09:00,,,0.0,0,,,,,
24201,鶉,140.311667,41.93,53,2026-09-07T07:00:00+09:00,20.2,0,0.0,0,4.0,0,4.0,90.0,0
24217,江差,140.123333,41.866667,4,2026-09-07T07:00:00+09:00,21.6,0,0.0,0,3.5,0,5.0,112.5,0
24236,石崎,140.028333,41.7,5,2026-09-07T07:00:00+09:00,,,0.0,0,,,,,
31001,大間,140.911667,41.526667,14,2026-09-07T07:00:00+09:00,21.4,0,0.0,0,3.1,0,4.0,90.0,0
31036,湯野川,140.956667,41.313333,162,2026-09-07T07:00:00+09:00,,,0.0,0,,,,,
31111,むつ,141.21,41.283333,3,2026-09-07T07:00:00+09:00,21.1,0,0.0,0,4.2,0,6.0,135.0,0
31121,小田野沢,141.396667,41.235,6,2026-09-07T07:00:00+09:00,21.4,0,0.0,0,6.8,0,6.0,135.0,0
31136,今別,140.481667,41.18,30,2026-09-07T07:00:00+09:00,21.0,0,0.0,0,4.4,0,6.0,135.0,0
31156,脇野沢,140.821667,41.145,15,2026-09-07T07:00:00+09:00,21.6,0,0.0,0,8.7,0,5.0,112.5,0
31186,市浦,140.346667,41.056667,20,2026-09-07T07:00:00+09:00,20.8,0,0.0,0,5.0,0,4.0,90.0,0
31201,蟹田,140.633333,41.045,5,2026-09-07T07:00:00+09:00,21.3,0,0.0,0,6.1,0,5.0,112.5,0
31296,五所川原,140.458333,40.808333,9,2026-09-07T07:00:00+09:00,19.3,0,0.0,0,0.4,0,10.0,225.0,0
31312,青森,140.768333,40.821667,3,2026-09-07T07:00:00+09:00,21.9,0,0.0,0,2.4,0,3.0,67.5,0
31321,大和山,140.985,40.848333,137,2026-09-07T07:00:00+09:00,,,0.0,0,,,,,
31332,野辺地,141.16,40.885,14,2026-09-07T07:00:00+09:00,20.9,0,0.0,0,3.1,0,6.0,135.0,0
31336,六ケ所,141.271667,40.885,80,2026-09-07T07:00:00+09:00,20.3,0,0.0,0,1.2,0,5.0,112.5,0
31366,鰺ケ沢,140.205,40.776667,40,2026-09-07T07:00:00+09:00,19.5,0,0.0,0,1.6,0,4.0,90.0,0
31386,青森大谷,140.688333,40.733333,198,2026-09-07T07:00:00+09:00,17.4,0,0.0,0,1.1,0,13.0,292.5,0
31411,七戸,141.128333,40.708333,57,2026-09-07T07:00:00+09:00,,,0.0,0,,,,,
31436,深浦,139.931667,40.645,66,2026-09-07T07:00:00+09:00,19.1,0,0.0,0,3.5,0,5.0,112.5,0
31451,岳,140.263333,40.628333,438,2026-09-07T07:00:00+09:00,,,0.0,0,,,,,
31461,弘前,140.455,40.611667,30,2026-09-07T07:00:00+09:00,18.1,0,0.0,0,1.2,0,11.0,247.5,0
31466,黒石,140.585,40.666667,30,2026-09-07T07:00:00+09:00,18.4,0,0.0,0,2.9,0,1.0,22.5,0
31482,酸ケ湯,140.848333,40.648333,890,2026-09-07T07:00:00+09:00,14.7,0,0.0,0,4.0,0,4.0,90.0,0
31506,三沢,141.375,40.675,39,2026-09-07T07:00:00+09:00,21.0,0,0.0,0,4.8,0,5.0,112.5,0
31551,大鰐,140.555,40.53,63,2026-09-07T07:00:00+09:00,,,0.0,0,,,,,
31562,温川,140.783333,40.515,404,2026-09-07T07:00:00+09:00,,,0.0,0,,,,,
31586,十和田,141.233333,40.606667,55,2026-09-07T07:00:00+09:00,17.3,0,0.0,0,1.8,0,12.0,270.0,0
31602,八戸,141.521667,40.526667,27,2026-09-07T07:00:00+09:00,20.7,0,0.0,0,4.8,0,6.0,135.0,0
31646,碇ケ関,140.62,40.481667,135,2026-09-07T07:00:00+09:00,18.9,0,0.0,0,2.5,0,15.0,337.5,0
31662,休屋,140.898333,40.426667,414,2026-09-07T07:00:00+09:00,16.2,0,0.0,0,0.5,0,5.0,112.5,0
31671,戸来,141.176667,40.468333,125,2026-09-07T07:00:00+09:00,,,0.0,0,,,,,
31721,三戸,141.256667,40.383333,60,2026-09-07T07:00:00+09:00,15.6,0,0.0,0,0.4,0,7.0,157.5,0
32056,八森,139.948333,40.413333,34,2026-09-07T07:00:00+09:00,20.2,0,0.0,0,1.6,0,2.0,45.0,0
32071,藤里,140.293333,40.32,68,2026-09-07T07:00:00+09:00,,,0.0,0,,,,,
32091,陣場,140.61,40.415,218,2026-09-07T07:00:00+09:00,,,0.0,0,,,,,
32096,藤原,140.78,40.353333,280,2026-09-07T07:00:00+09:00,,,0.0,0,,,,,
32111,能代,140.031667,40.198333,6,2026-09-07T07:00:00+09:00,21.0,0,0.0,0,7.0,0,3.0,67.5,0
32126,鷹巣,140.371667,40.226667,29,2026-09-07T07:00:00+09:00,20.9,0,0.0,0,4.1,0,2.0,45.0,0
32136,大館,140.505,40.251667,49,2026-09-07T07:00:00+09:00,20.4,0,0.0,0,0.9,0,16.0,0.0,0
32146,鹿角,140.786667,40.215,123,2026-09-07T07:00:00+09:00,21.4,0,0.0,0,2.5,0,4.0,90.0,0
32181,脇神,140.371667,40.191667,84,2026-09-07T07:00:00+09:00,19.7,0,0.0,0,3.2,0,2.0,45.0,0
32206,湯瀬,140.84,40.12,214,2026-09-07T07:00:00+09:00,19.5,0,0.0,0,2.4,0,6.0,135.0,0
32266,八幡平,140.801667,40.013333,578,2026-09-07T07:00:00+09:00,16.0,0,0.0,0,0.9,0,10.0,225.0,0
32276,男鹿真山,139.781667,39.938333,84,2026-09-07T07:00:00+09:00,,,0.0,0,,,,,
32286,男鹿,139.9,39.911667,20,2026-09-07T07:00:00+09:00,19.7,0,0.0,0,1.1,0,1.0,22.5,0
32287,大潟,139.95,40.0,-3,2026-09-07T07:00:00+09:00,19.9,0,0.0,0,1.6,0,3.0,67.5,0
32296,五城目,140.115,39.938333,6,2026-09-07T07:00:00+09:00,20.5,0,0.0,0,1.3,0,3.0,67.5,0
32311,阿仁合,140.403333,39.993333,120,2026-09-07T07:00:00+09:00,17.5,0,0.0,0,1.0,0,14.0,315.0,0
32312,比立内,140.45,39.903333,210,2026-09-07T07:00:00+09:00,,,0.0,0,,,,,
32376,桧木内,140.585,39.811667,255,2026-09-07T07:00:00+09:00,,,0.0,0,,,,,
32402,秋田,140.098333,39.716667,6,2026-09-07T07:00:00+09:00,22.6,0,0.0,0,6.9,0,5.0,112.5,0
32407,岩見三内,140.286667,39.706667,41,2026-09-07T07:00:00+09:00,21.4,0,0.0,0,3.2,0,3.0,67.5,0
32408,仁別,140.216667,39.8,179,2026-09-07T07:00:00+09:00,,,0.0,0,,,,,
32426,鎧畑,140.665,39.775,281,2026-09-07T07:00:00+09:00,,,0.0,0,,,,,
32431,田沢湖高原,140.761667,39.778333,652,2026-09-07T07:00:00+09:00,,,0.0,0,,,,,
32451,雄和,140.218333,39.615,93,2026-09-07T07:00:00+09:00,21.2,0,0.0,0,4.6,0,5.0,112.5,0
32466,角館,140.556667,39.603333,56,2026-09-07T07:00:00+09:00,20.5,0,0.0,0,1.5,0,1.0,22.5,0
32476,田沢湖,140.731667,39.698333,230,2026-09-07T07:00:00+09:00,20.8,0,0.0,0,2.0,0,8.0,180.0,0
32496,大正寺,140.233333,39.526667,20,2026-09-07T07:00:00+09:00,21.0,0,0.0,0,1.3,0,7.0,157.5,0
32551,大曲,140.495,39.49,30,2026-09-07T07:00:00+09:00,22.2,0,0.0,0,2.4,0,4.0,90.0,0
32571,本荘,140.055,39.36,11,2026-09-07T07:00:00+09:00,22.2,0,0.0,0,3.8,0,5.0,112.5,0
32581,東由利,140.288333,39.305,117,2026-09-07T07:00:00+09:00,20.7,0,0.0,0,1.4,0,11.0,247.5,0
32596,横手,140.555,39.32,59,2026-09-07T07:00:00+09:00,22.3,0,0.0,0,2.9,0,5.0,112.5,0
32616,にかほ,139.913333,39.255,7,2026-09-07T07:00:00+09:00,24.8,0,0.0,0,6.8,0,5.0,112.5,0
32626,矢島,140.136667,39.235,46,2026-09-07T07:00:00+09:00,21.6,0,0.0,0,3.2,0,7.0,157.5,0
32681,笹子,140.286667,39.101667,223,2026-09-07T07:00:00+09:00,,,0.0,0,,,,,
32691,湯沢,140.463333,39.186667,74,2026-09-07T07:00:00+09:00,21.0,0,0.0,0,1.9,0,3.0,67.5,0
32701,東成瀬,140.648333,39.178333,191,2026-09-07T07:00:00+09:00,,,0.0,0,,,,,
32771,湯の岱,140.528333,38.96,335,2026-09-07T07:00:00+09:00,19.2,0,2.0,0,1.5,0,8.0,180.0,0
33006,種市,141.7,40.403333,70,2026-09-07T07:00:00+09:00,20.4,0,0.0,0,1.2,0,6.0,135.0,0
33026,軽米,141.466667,40.325,148,2026-09-07T07:00:00+09:00,19.5,0,0.0,0,1.8,0,5.0,112.5,0
33071,二戸,141.298333,40.298333,87,2026-09-07T07:00:00+09:00,15.7,0,0.0,0,0.3,0,2.0,45.0,0
33086,大野,141.666667,40.281667,200,2026-09-07T07:00:00+09:00,,,0.5,0,,,,,
33136,山形,141.571667,40.148333,290,2026-09-07T07:00:00+09:00,18.0,0,0.0,0,1.0,0,1.0,22.5,0
33146,久慈,141.748333,40.168333,13,2026-09-07T07:00:00+09:00,18.6,0,0.0,0,0.9,0,10.0,225.0,0
33166,荒屋,141.05,40.103333,290,2026-09-07T07:00:00+09:00,17.1,0,0.0,0,1.4,0,5.0,112.5,0
33176,奥中山,141.225,40.06,430,2026-09-07T07:00:00+09:00,16.9,0,0.0,0,0.5,0,14.0,315.0,0
33186,葛巻,141.456667,40.04,418,2026-09-07T07:00:00+09:00,18.4,0,0.0,0,1.5,0,9.0,202.5,0
33201,下戸鎖,141.711667,40.085,232,2026-09-07T07:00:00+09:00,,,0.0,0,,,,,
33206,普代,141.883333,40.003333,8,2026-09-07T07:00:00+09:00,18.9,0,0.5,0,1.3,0,9.0,202.5,0
33226,岩手松尾,141.065,39.951667,275,2026-09-07T07:00:00+09:00,17.6,0,0.0,0,1.2,0,14.0,315.0,0
33231,一方井,141.166667,39.973333,285,2026-09-07T07:00:00+09:00,,,0.0,0,,,,,
33296,好摩,141.166667,39.868333,205,2026-09-07T07:00:00+09:00,16.9,0,0.0,0,1.2,0,1.0,22.5,0
33326,岩泉,141.795,39.846667,105,2026-09-07T07:00:00+09:00,17.6,0,0.5,0,0.4,0,10.0,225.0,0
33336,小本,141.963333,39.846667,3,2026-09-07T07:00:00+09:00,21.7,0,0.0,0,1.9,0,3.0,67.5,0
33351,葛根田,140.945,39.776667,350,2026-09-07T07:00:00+09:00,,,0.0,0,,,,,
33361,滝沢,141.096667,39.78,210,2026-09-07T07:00:00+09:00,,,0.0,0,,,,,
33371,薮川,141.328333,39.783333,680,2026-09-07T07:00:00+09:00,17.2,0,0.0,0,1.0,0,4.0,90.0,0
33421,雫石,140.975,39.696667,195,2026-09-07T07:00:00+09:00,17.6,0,0.0,0,0.5,0,5.0,112.5,0
33431,盛岡,141.165,39.698333,155,2026-09-07T07:00:00+09:00,17.5,0,0.0,0,1.8,0,1.0,22.5,0
33441,区界,141.353333,39.65,734,2026-09-07T07:00:00+09:00,16.2,0,0.0,0,5.3,0,6.0,135.0,0
33472,宮古,141.965,39.646667,43,2026-09-07T07:00:00+09:00,20.0,0,2.5,0,3.3,0,4.0,90.0,0
33486,沢内,140.843333,39.548333,407,2026-09-07T07:00:00+09:00,16.7,0,0.0,0,1.3,0,4.0,90.0,0
33501,紫波,141.126667,39.546667,125,2026-09-07T07:00:00+09:00,17.6,0,0.0,0,1.9,0,15.0,337.5,0
33526,川井,141.681667,39.598333,192,2026-09-07T07:00:00+09:00,16.4,0,1.0,0,0.9,0,11.0,247.5,0
33566,豊沢,140.968333,39.48,300,2026-09-07T07:00:00+09:00,,,0.0,0,,,,,
33576,花巻,141.135,39.428333,90,2026-09-07T07:00:00+09:00,17.4,0,0.0,0,3.0,0,16.0,0.0,0
33581,大迫,141.278333,39.47,150,2026-09-07T07:00:00+09:00,17.6,0,0.0,0,1.5,0,13.0,292.5,0
33596,附馬牛,141.506667,39.456667,440,2026-09-07T07:00:00+09:00,,,1.0,0,,,,,
33611,大槌,141.806667,39.438333,120,2026-09-07T07:00:00+09:00,,,4.0,0,,,,,
33616,山田,141.956667,39.45,24,2026-09-07T07:00:00+09:00,20.4,0,2.5,0,0.8,0,6.0,135.0,0
33631,湯田,140.776667,39.31,250,2026-09-07T07:00:00+09:00,19.2,0,0.0,0,3.1,0,5.0,112.5,0
33671,遠野,141.543333,39.338333,275,2026-09-07T07:00:00+09:00,18.0,0,1.0,0,0.7,0,5.0,112.5,0
33711,金ケ崎,141.015,39.225,170,2026-09-07T07:00:00+09:00,,,0.0,0,,,,,
33716,北上,141.11,39.288333,61,2026-09-07T07:00:00+09:00,18.6,0,0.0,0,0.9,0,15.0,337.5,0
33726,米里,141.31,39.233333,170,2026-09-07T07:00:00+09:00,,,1.5,0,,,,,
33751,釜石,141.878333,39.27,5,2026-09-07T07:00:00+09:00,21.2,0,5.0,0,2.3,0,3.0,67.5,0
33776,若柳,141.063333,39.14,97,2026-09-07T07:00:00+09:00,18.8,0,2.0,0,0.5,0,15.0,337.5,0
33781,江刺,141.161667,39.183333,42,2026-09-07T07:00:00+09:00,18.1,0,2.5,0,1.5,0,14.0,315.0,0
33801,住田,141.573333,39.141667,80,2026-09-07T07:00:00+09:00,20.9,0,2.0,0,1.9,0,6.0,135.0,0
33831,祭畤,140.865,39.011667,350,2026-09-07T07:00:00+09:00,,,3.5,0,,,,,
33841,衣川,141.045,39.05,75,2026-09-07T07:00:00+09:00,,,3.0,0,,,,,
33856,大東,141.296667,39.038333,140,2026-09-07T07:00:00+09:00,,,2.5,0,,,,,
33877,大船渡,141.713333,39.063333,37,2026-09-07T07:00:00+09:00,21.5,0,3.0,0,5.9,0,4.0,90.0,0
33911,一関,141.125,38.933333,32,2026-09-07T07:00:00+09:00,19.6,0,2.0,0,0.8,0,11.0,247.5,0
33921,千厩,141.33,38.921667,120,2026-09-07T07:00:00+09:00,20.3,0,2.0,0,3.1,0,5.0,112.5,0
34012,駒ノ湯,140.828333,38.913333,532,2026-09-07T07:00:00+09:00,17.6,0,4.5,0,1.1,0,2.0,45.0,0
34026,気仙沼,141.556667,38.906667,62,2026-09-07T07:00:00+09:00,20.2,0,3.0,0,4.1,0,3.0,67.5,0
34056,鴬沢,140.948333,38.805,33,2026-09-07T07:00:00+09:00,,,2.5,0,,,,,
34096,川渡,140.76,38.743333,170,2026-09-07T07:00:00+09:00,19.6,0,3.0,0,1.8,0,4.0,90.0,0
34111,築館,141.005,38.735,25,2026-09-07T07:00:00+09:00,19.4,0,2.0,0,0.6,0,2.0,45.0,0
34171,米山,141.186667,38.625,4,2026-09-07T07:00:00+09:00,21.8,0,1.5,0,5.4,0,3.0,67.5,0
34186,志津川,141.448333,38.681667,39,2026-09-07T07:00:00+09:00,21.1,0,3.0,0,4.5,0,3.0,67.5,0
34206,加美,140.726667,38.571667,195,2026-09-07T07:00:00+09:00,,,3.0,0,,,,,
34216,古川,140.911667,38.598333,28,2026-09-07T07:00:00+09:00,19.8,0,1.5,0,3.0,0,16.0,0.0,0
34241,雄勝,141.465,38.52,24,2026-09-07T07:00:00+09:00,,,3.5,0,,,,,
34262,泉ケ岳,140.721667,38.406667,630,2026-09-07T07:00:00+09:00,,,2.5,0,,,,,
34266,大衡,140.888333,38.473333,57,2026-09-07T07:00:00+09:00,19.5,0,2.0,0,2.3,0,15.0,337.5,0
34276,鹿島台,141.091667,38.46,3,2026-09-07T07:00:00+09:00,21.2,0,1.5,0,2.4,0,1.0,22.5,0
34292,石巻,141.298333,38.426667,43,2026-09-07T07:00:00+09:00,22.3,0,2.0,0,7.0,0,4.0,90.0,0
34296,女川,141.45,38.446667,38,2026-09-07T07:00:00+09:00,21.9,0,3.5,0,6.5,0,3.0,67.5,0
34311,新川,140.636667,38.303333,265,2026-09-07T07:00:00+09:00,19.6,0,2.0,0,1.1,0,14.0,315.0,0
34331,塩釜,141.013333,38.338333,105,2026-09-07T07:00:00+09:00,20.6,0,2.5,0,3.3,0,2.0,45.0,0
34392,仙台,140.896667,38.261667,39,2026-09-07T07:00:00+09:00,20.3,0,5.0,0,4.6,0,16.0,0.0,0
34436,名取,140.916667,38.138333,2,2026-09-07T07:00:00+09:00,22.1,0,4.5,0,6.8,0,2.0,45.0,0
34461,白石,140.611667,38.015,86,2026-09-07T07:00:00+09:00,20.8,0,9.0,0,4.1,0,2.0,45.0,0
34462,蔵王,140.68,38.126667,112,2026-09-07T07:00:00+09:00,20.0,0,6.0,0,1.5,0,1.0,22.5,0
34471,亘理,140.858333,38.025,4,2026-09-07T07:00:00+09:00,22.1,0,4.5,0,5.8,0,2.0,45.0,0
34506,丸森,140.778333,37.931667,18,2026-09-07T07:00:00+09:00,22.1,0,9.0,0,5.3,0,2.0,45.0,0
34526,筆甫,140.728333,37.826667,305,2026-09-07T07:00:00+09:00,,,12.5,0,,,,,
35002,飛島,139.543333,39.183333,58,2026-09-07T07:00:00+09:00,24.0,0,0.0,0,0.9,0,5.0,112.5,0
35052,酒田,139.843333,38.908333,3,2026-09-07T07:00:00+09:00,22.8,0,0.0,0,7.0,0,5.0,112.5,0
35056,酒田大沢,139.998333,38.965,65,2026-09-07T07:00:00+09:00,,,0.0,0,,,,,
35071,差首鍋,140.2,38.918333,88,2026-09-07T07:00:00+09:00,19.1,0,1.0,0,1.2,0,16.0,0.0,0
35086,浜中,139.786667,38.811667,22,2026-09-07T07:00:00+09:00,20.9,0,0.0,0,9.8,0,4.0,90.0,0
35116,金山,140.331667,38.878333,170,2026-09-07T07:00:00+09:00,18.7,0,1.5,0,1.2,0,14.0,315.0,0
35141,鶴岡,139.828333,38.735,16,2026-09-07T07:00:00+09:00,21.9,0,0.0,0,4.9,0,5.0,112.5,0
35146,狩川,139.973333,38.8,17,2026-09-07T07:00:00+09:00,21.0,0,0.5,0,11.4,0,5.0,112.5,0
35162,新庄,140.311667,38.756667,105,2026-09-07T07:00:00+09:00,19.8,0,1.5,0,3.5,0,10.0,225.0,0
35171,瀬見,140.413333,38.755,150,2026-09-07T07:00:00+09:00,,,2.5,0,,,,,
35176,向町,140.516667,38.758333,212,2026-09-07T07:00:00+09:00,19.3,0,1.5,0,1.2,0,12.0,270.0,0
35201,櫛引,139.848333,38.671667,33,2026-09-07T07:00:00+09:00,,,0.0,0,,,,,
35216,肘折,140.163333,38.606667,330,2026-09-07T07:00:00+09:00,17.9,0,1.5,0,0.3,0,8.0,180.0,0
35231,尾花沢,140.411667,38.608333,106,2026-09-07T07:00:00+09:00,20.5,0,1.0,0,2.5,0,5.0,112.5,0
35246,鼠ケ関,139.551667,38.566667,18,2026-09-07T07:00:00+09:00,21.7,0,0.5,0,1.3,0,5.0,112.5,0
35257,上田沢,139.788333,38.523333,180,2026-09-07T07:00:00+09:00,,,0.5,0,,,,,
35332,村山,140.348333,38.46,80,2026-09-07T07:00:00+09:00,19.5,0,1.0,0,1.0,0,1.0,22.5,0
35334,東根,140.37,38.411667,105,2026-09-07T07:00:00+09:00,19.5,0,0.5,0,3.9,0,1.0,22.5,0
35361,大井沢,139.993333,38.39,440,2026-09-07T07:00:00+09:00,17.1,0,1.0,0,0.5,0,9.0,202.5,0
35376,左沢,140.191667,38.37,133,2026-09-07T07:00:00+09:00,18.9,0,1.5,0,1.9,0,11.0,247.5,0
35426,山形,140.345,38.255,153,2026-09-07T07:00:00+09:00,19.5,0,2.0,0,2.0,0,1.0,22.5,0
35456,長井,140.015,38.105,210,2026-09-07T07:00:00+09:00,18.8,0,1.5,0,1.7,0,16.0,0.0,0
35466,上山中山,140.213333,38.116667,270,2026-09-07T07:00:00+09:00,,,3.0,0,,,,,
35486,小国,139.735,38.078333,140,2026-09-07T07:00:00+09:00,20.2,0,2.0,0,2.6,0,9.0,202.5,0
35511,高畠,140.206667,38.003333,220,2026-09-07T07:00:00+09:00,19.2,0,2.0,0,1.4,0,10.0,225.0,0
35537,中津川,139.843333,37.91,390,2026-09-07T07:00:00+09:00,,,3.5,0,,,,,
35541,高峰,139.953333,37.99,260,2026-09-07T07:00:00+09:00,18.4,0,3.0,0,0.7,0,13.0,292.5,0
35552,米沢,140.143333,37.911667,245,2026-09-07T07:00:00+09:00,18.9,0,1.0,0,0.6,0,14.0,315.0,0
36056,茂庭,140.436667,37.891667,200,2026-09-07T07:00:00+09:00,20.2,0,6.0,0,1.4,0,15.0,337.5,0
36066,梁川,140.588333,37.851667,43,2026-09-07T07:00:00+09:00,20.9,0,5.0,0,4.6,0,1.0,22.5,0
36106,桧原,140.058333,37.721667,824,2026-09-07T07:00:00+09:00,17.7,0,1.5,0,1.1,0,8.0,180.0,0
36127,福島,140.47,37.758333,67,2026-09-07T07:00:00+09:00,21.2,0,7.0,0,1.8,0,14.0,315.0,0
36151,相馬,140.925,37.783333,9,2026-09-07T07:00:00+09:00,22.7,0,13.5,0,4.4,0,2.0,45.0,0
36176,喜多方,139.863333,37.658333,212,2026-09-07T07:00:00+09:00,19.6,0,2.5,0,0.7,0,7.0,157.5,0
36196,鷲倉,140.26,37.668333,1220,2026-09-07T07:00:00+09:00,16.2,0,19.0,0,3.7,0,1.0,22.5,0
36221,飯舘,140.726667,37.665,463,2026-09-07T07:00:00+09:00,20.8,0,12.0,0,2.1,0,4.0,90.0,0
36231,原町,140.983333,37.638333,17,2026-09-07T07:00:00+09:00,,,12.0,0,,,,,
36251,西会津,139.656667,37.588333,165,2026-09-07T07:00:00+09:00,19.8,0,3.0,0,0.9,0,8.0,180.0,0
36276,猪苗代,140.108333,37.551667,519,2026-09-07T07:00:00+09:00,20.9,0,3.5,0,4.7,0,1.0,22.5,0
36291,二本松,140.43,37.583333,235,2026-09-07T07:00:00+09:00,20.3,0,8.5,0,6.0,0,16.0,0.0,0
36307,津島,140.753333,37.56,400,2026-09-07T07:00:00+09:00,,,11.0,0,,,,,
36342,金山,139.528333,37.473333,296,2026-09-07T07:00:00+09:00,19.2,0,1.5,0,0.5,0,1.0,22.5,0
36361,若松,139.91,37.488333,212,2026-09-07T07:00:00+09:00,19.7,0,4.0,0,0.3,0,1.0,22.5,0
36391,船引,140.576667,37.435,421,2026-09-07T07:00:00+09:00,21.2,0,7.0,0,2.2,0,4.0,90.0,0
36411,浪江,140.965,37.491667,43,2026-09-07T07:00:00+09:00,22.8,0,15.5,0,3.8,0,3.0,67.5,0
36426,只見,139.313333,37.343333,377,2026-09-07T07:00:00+09:00,19.0,0,2.0,0,0.6,0,16.0,0.0,0
36461,湖南,140.09,37.388333,536,2026-09-07T07:00:00+09:00,,,6.0,0,,,,,
36476,郡山,140.33,37.368333,249,2026-09-07T07:00:00+09:00,20.3,0,8.0,0,6.3,0,1.0,22.5,0
36501,川内,140.808333,37.336667,410,2026-09-07T07:00:00+09:00,21.5,0,12.0,0,1.2,0,6.0,135.0,0
36511,富岡,141.016667,37.346667,50,2026-09-07T07:00:00+09:00,,,19.5,0,,,,,
36536,南郷,139.536667,37.265,494,2026-09-07T07:00:00+09:00,18.9,0,3.0,0,1.3,0,15.0,337.5,0
36562,湯本,140.063333,37.276667,646,2026-09-07T07:00:00+09:00,18.7,0,11.5,0,1.0,0,15.0,337.5,0
36571,長沼,140.218333,37.288333,317,2026-09-07T07:00:00+09:00,,,10.0,0,,,,,
36581,玉川,140.426667,37.226667,372,2026-09-07T07:00:00+09:00,19.5,0,9.5,0,6.4,0,16.0,0.0,0
36591,小野新町,140.625,37.286667,433,2026-09-07T07:00:00+09:00,21.2,0,9.0,0,1.2,0,7.0,157.5,0
36597,川前,140.723333,37.246667,492,2026-09-07T07:00:00+09:00,,,9.5,0,,,,,
36611,広野,141.0,37.233333,43,2026-09-07T07:00:00+09:00,22.7,0,29.0,0,1.2,0,2.0,45.0,0
36641,田島,139.795,37.206667,544,2026-09-07T07:00:00+09:00,19.1,0,4.5,0,1.5,0,5.0,112.5,0
36667,白河,140.215,37.131667,355,2026-09-07T07:00:00+09:00,19.8,0,11.5,0,5.8,0,16.0,0.0,0
36676,石川,140.46,37.146667,290,2026-09-07T07:00:00+09:00,20.1,0,9.5,0,1.6,0,10.0,225.0,0
36716,桧枝岐,139.375,37.01,973,2026-09-07T07:00:00+09:00,17.3,0,5.5,0,3.7,0,1.0,22.5,0
36726,舘岩,139.531667,37.091667,690,2026-09-07T07:00:00+09:00,,,6.0,0,,,,,
36781,平,140.876667,37.065,12,2026-09-07T07:00:00+09:00,,,29.5,0,,,,,
36821,東白川,140.408333,36.938333,183,2026-09-07T07:00:00+09:00,20.7,0,9.5,0,5.0,0,15.0,337.5,0
36836,山田,140.733333,36.933333,25,2026-09-07T07:00:00+09:00,23.0,0,36.0,0,2.3,0,14.0,315.0,0
36846,小名浜,140.903333,36.946667,3,2026-09-07T07:00:00+09:00,23.2,0,32.0,0,4.0,0,3.0,67.5,0
40041,花園,140.636667,36.868333,370,2026-09-07T07:00:00+09:00,,,34.5,0,,,,,
40046,北茨城,140.771667,36.833333,5,2026-09-07T07:00:00+09:00,23.2,0,34.0,0,5.9,0,3.0,67.5,0
40061,大子,140.345,36.778333,120,2026-09-07T07:00:00+09:00,21.7,0,8.5,0,0.8,0,12.0,270.0,0
40066,徳田,140.481667,36.778333,270,2026-09-07T07:00:00+09:00,,,12.5,0,,,,,
40076,大能,140.593333,36.743333,395,2026-09-07T07:00:00+09:00,,,23.5,0,,,,,
40091,常陸大宮,140.325,36.606667,95,2026-09-07T07:00:00+09:00,23.2,0,10.0,0,2.1,0,1.0,22.5,0
40126,中野,140.473333,36.515,17,2026-09-07T07:00:00+09:00,,,9.5,0,,,,,
40136,日立,140.645,36.58,34,2026-09-07T07:00:00+09:00,23.1,0,19.5,0,3.8,0,16.0,0.0,0
40181,門井,140.033333,36.333333,40,2026-09-07T07:00:00+09:00,,,13.5,0,,,,,
40191,笠間,140.24,36.395,72,2026-09-07T07:00:00+09:00,23.1,0,9.5,0,0.7,0,15.0,337.5,0
40201,水戸,140.466667,36.38,29,2026-09-07T07:00:00+09:00,23.7,0,18.5,0,1.0,0,4.0,90.0,0
40221,古河,139.716667,36.201667,20,2026-09-07T07:00:00+09:00,21.6,0,1.5,0,5.5,0,1.0,22.5,0
40231,下館,139.988333,36.281667,24,2026-09-07T07:00:00+09:00,21.1,0,6.0,0,4.5,0,16.0,0.0,0
40241,柿岡,140.188333,36.233333,27,2026-09-07T07:00:00+09:00,,,9.5,0,,,,,
40251,美野里,140.325,36.236667,25,2026-09-07T07:00:00+09:00,,,9.5,0,,,,,
40281,下妻,139.945,36.168333,20,2026-09-07T07:00:00+09:00,21.2,0,6.0,0,3.9,0,16.0,0.0,0
40311,鉾田,140.526667,36.168333,32,2026-09-07T07:00:00+09:00,24.1,0,8.0,0,1.5,0,6.0,135.0,0
40326,坂東,139.891667,36.043333,16,2026-09-07T07:00:00+09:00,,,2.0,0,,,,,
40336,つくば,140.125,36.056667,25,2026-09-07T07:00:00+09:00,23.5,0,4.0,0,1.1,0,3.0,67.5,0
40341,土浦,140.22,36.103333,26,2026-09-07T07:00:00+09:00,23.3,0,4.5,0,1.5,0,2.0,45.0,0
40391,江戸崎,140.32,35.96,25,2026-09-07T07:00:00+09:00,,,7.5,0,,,,,
40406,鹿嶋,140.621667,35.963333,37,2026-09-07T07:00:00+09:00,25.3,0,5.5,0,3.9,0,6.0,135.0,0
40426,龍ケ崎,140.211667,35.89,4,2026-09-07T07:00:00+09:00,24.6,0,3.0,0,2.3,0,6.0,135.0,0
41011,那須高原,140.035,37.123333,749,2026-09-07T07:00:00+09:00,18.7,0,11.0,0,3.8,0,16.0,0.0,0
41076,五十里,139.695,36.921667,620,2026-09-07T07:00:00+09:00,18.4,0,11.0,0,0.8,0,14.0,315.0,0
41091,黒磯,140.018333,36.981667,343,2026-09-07T07:00:00+09:00,20.3,0,4.5,0,5.9,0,1.0,22.5,0
41116,土呂部,139.568333,36.891667,925,2026-09-07T07:00:00+09:00,17.4,0,13.5,0,0.7,0,2.0,45.0,0
41141,大田原,140.035,36.84,188,2026-09-07T07:00:00+09:00,20.7,0,6.5,0,6.4,0,16.0,0.0,0
41166,奥日光,139.5,36.738333,1292,2026-09-07T07:00:00+09:00,17.9,0,13.0,0,5.9,0,4.0,90.0,0
41172,日光東町,139.615,36.75,561,2026-09-07T07:00:00+09:00,19.6,0,14.5,0,1.4,0,12.0,270.0,0
41181,塩谷,139.883333,36.756667,225,2026-09-07T07:00:00+09:00,20.7,0,7.0,0,4.4,0,1.0,22.5,0
41211,足尾,139.448333,36.646667,650,2026-09-07T07:00:00+09:00,,,8.5,0,,,,,
41241,高根沢,139.998333,36.606667,148,2026-09-07T07:00:00+09:00,,,6.0,0,,,,,
41247,那須烏山,140.116667,36.641667,82,2026-09-07T07:00:00+09:00,20.9,0,10.5,0,2.1,0,14.0,315.0,0
41271,鹿沼,139.735,36.591667,165,2026-09-07T07:00:00+09:00,21.1,0,10.5,0,3.7,0,14.0,315.0,0
41277,宇都宮,139.868333,36.548333,119,2026-09-07T07:00:00+09:00,21.2,0,10.5,0,8.3,0,1.0,22.5,0
41311,葛生,139.59,36.431667,120,2026-09-07T07:00:00+09:00,,,3.0,0,,,,,
41331,真岡,139.986667,36.476667,91,2026-09-07T07:00:00+09:00,20.8,0,8.0,0,2.1,0,16.0,0.0,0
41356,足利,139.461667,36.341667,35,2026-09-07T07:00:00+09:00,,,0.5,0,,,,,
41361,佐野,139.57,36.363333,68,2026-09-07T07:00:00+09:00,22.4,0,1.0,0,6.4,0,1.0,22.5,0
41371,栃木,139.703333,36.373333,65,2026-09-07T07:00:00+09:00,,,3.0,0,,,,,
41376,小山,139.83,36.338333,44,2026-09-07T07:00:00+09:00,21.3,0,5.5,0,4.3,0,16.0,0.0,0
42046,藤原,139.058333,36.863333,700,2026-09-07T07:00:00+09:00,18.3,0,0.5,0,0.2,0,0.0,0.0,0
42091,みなかみ,138.965,36.773333,524,2026-09-07T07:00:00+09:00,19.1,0,0.0,0,1.4,0,16.0,0.0,0
42106,片品,139.238333,36.771667,861,2026-09-07T07:00:00+09:00,,,0.0,0,,,,,
42121,草津,138.591667,36.616667,1223,2026-09-07T07:00:00+09:00,17.1,0,1.5,0,0.3,0,12.0,270.0,0
42146,沼田,139.021667,36.668333,390,2026-09-07T07:00:00+09:00,19.6,0,0.0,0,0.5,0,7.0,157.5,0
42186,中之条,138.85,36.586667,354,2026-09-07T07:00:00+09:00,20.1,0,0.5,0,2.0,0,12.0,270.0,0
42221,田代,138.463333,36.463333,1230,2026-09-07T07:00:00+09:00,16.7,0,1.0,0,0.8,0,11.0,247.5,0
42241,榛名山,138.873333,36.471667,1088,2026-09-07T07:00:00+09:00,,,2.5,0,,,,,
42251,前橋,139.06,36.405,112,2026-09-07T07:00:00+09:00,20.8,0,4.5,0,1.6,0,16.0,0.0,0
42261,黒保根,139.283333,36.501667,285,2026-09-07T07:00:00+09:00,,,0.5,0,,,,,
42266,桐生,139.325,36.41,117,2026-09-07T07:00:00+09:00,21.2,0,1.0,0,1.5,0,12.0,270.0,0
42286,上里見,138.895,36.376667,183,2026-09-07T07:00:00+09:00,21.3,0,1.5,0,1.6,0,12.0,270.0,0
42302,伊勢崎,139.165,36.331667,64,2026-09-07T07:00:00+09:00,21.1,0,2.5,0,3.1,0,13.0,292.5,0
42326,西野牧,138.706667,36.245,375,2026-09-07T07:00:00+09:00,19.5,0,2.0,0,0.6,0,14.0,315.0,0
42341,藤岡,139.07,36.241667,95,2026-09-07T07:00:00+09:00,,,3.0,0,,,,,
42366,館林,139.513333,36.24,23,2026-09-07T07:00:00+09:00,21.4,0,3.0,0,2.5,0,11.0,247.5,0
42396,神流,138.896667,36.108333,357,2026-09-07T07:00:00+09:00,19.4,0,1.5,0,0.5,0,12.0,270.0,0
43051,寄居,139.183333,36.105,128,2026-09-07T07:00:00+09:00,20.6,0,2.5,0,1.0,0,2.0,45.0,0
43056,熊谷,139.38,36.15,30,2026-09-07T07:00:00+09:00,21.3,0,4.5,0,2.9,0,12.0,270.0,0
43091,上吉田,138.98,36.053333,275,2026-09-07T07:00:00+09:00,,,1.0,0,,,,,
43121,鴻巣,139.521667,36.065,15,2026-09-07T07:00:00+09:00,,,6.5,0,,,,,
43126,久喜,139.635,36.086667,12,2026-09-07T07:00:00+09:00,21.5,0,3.0,0,2.9,0,15.0,337.5,0
43151,三峰,138.923333,35.926667,975,2026-09-07T07:00:00+09:00,,,1.0,0,,,,,
43156,秩父,139.073333,35.99,232,2026-09-07T07:00:00+09:00,20.4,0,1.5,0,1.0,0,10.0,225.0,0
43157,浦山,139.07,35.92,400,2026-09-07T07:00:00+09:00,,,1.5,0,,,,,
43162,ときがわ,139.206667,35.99,295,2026-09-07T07:00:00+09:00,,,1.0,0,,,,,
43171,鳩山,139.335,35.985,44,2026-09-07T07:00:00+09:00,21.4,0,1.5,0,2.3,0,14.0,315.0,0
43231,飯能,139.321667,35.838333,84,2026-09-07T07:00:00+09:00,,,0.0,0,,,,,
43241,さいたま,139.586667,35.875,8,2026-09-07T07:00:00+09:00,21.3,0,1.5,0,3.9,0,14.0,315.0,0
43256,越谷,139.756667,35.883333,3,2026-09-07T07:00:00+09:00,21.5,0,0.5,0,1.1,0,15.0,337.5,0
43266,所沢,139.413333,35.773333,119,2026-09-07T07:00:00+09:00,21.3,0,0.0,0,4.3,0,14.0,315.0,0
44046,小河内,139.05,35.791667,530,2026-09-07T07:00:00+09:00,19.4,0,0.0,0,0.6,0,13.0,292.5,0
44051,小沢,139.123333,35.735,420,2026-09-07T07:00:00+09:00,,,0.0,0,,,,,
44056,青梅,139.311667,35.788333,155,2026-09-07T07:00:00+09:00,21.0,0,0.5,0,0.6,0,14.0,315.0,0
44071,練馬,139.591667,35.738333,51,2026-09-07T07:00:00+09:00,21.3,0,1.0,0,2.2,0,14.0,315.0,0
44112,八王子,139.316667,35.666667,123,2026-09-07T07:00:00+09:00,21.4,0,0.5,0,2.2,0,13.0,292.5,0
44116,府中,139.483333,35.683333,59,2026-09-07T07:00:00+09:00,21.6,0,0.0,0,1.2,0,13.0,292.5,0
44126,世田谷,139.62,35.626667,35,2026-09-07T07:00:00+09:00,,,0.5,0,,,,,
44132,東京,139.75,35.691667,25,2026-09-07T07:00:00+09:00,21.5,0,0.5,0,3.8,0,14.0,315.0,0
44136,江戸川臨海,139.863333,35.638333,5,2026-09-07T07:00:00+09:00,22.1,0,1.0,0,4.1,0,13.0,292.5,0
44166,羽田,139.78,35.553333,6,2026-09-07T07:00:00+09:00,22.0,0,1.5,0,7.4,0,14.0,315.0,0
44172,大島,139.361667,34.748333,74,2026-09-07T07:00:00+09:00,22.4,0,2.5,0,6.1,0,2.0,45.0,0
44173,大島北ノ山,139.36,34.781667,38,2026-09-07T07:00:00+09:00,22.8,0,3.5,0,5.8,0,1.0,22.5,0
44191,利島,139.281667,34.528333,100,2026-09-07T07:00:00+09:00,,,5.5,0,,,,,
44207,新島,139.268333,34.368333,29,2026-09-07T07:00:00+09:00,23.2,0,29.5,0,1.5,0,3.0,67.5,0
44216,神津島,139.133333,34.188333,138,2026-09-07T07:00:00+09:00,25.2,0,23.0,0,8.0,0,8.0,180.0,0
44226,三宅島,139.52,34.123333,38,2026-09-07T07:00:00+09:00,26.9,0,12.0,0,5.3,0,9.0,202.5,0
44228,三宅坪田,139.56,34.073333,20,2026-09-07T07:00:00+09:00,27.0,0,8.5,0,9.7,0,9.0,202.5,0
44262,八重見ヶ原,139.785,33.115,92,2026-09-07T07:00:00+09:00,26.3,0,4.0,0,10.7,0,9.0,202.5,0
44263,八丈島,139.778333,33.121667,151,2026-09-07T07:00:00+09:00,25.7,0,5.0,0,6.4,0,9.0,202.5,0
44281,青ヶ島,139.76,32.466667,272,2026-09-07T07:00:00+09:00,,,1.0,0,,,,,
44301,父島,142.19,27.091667,3,2026-09-07T07:00:00+09:00,29.2,0,0.0,0,7.0,0,7.0,157.5,0
44316,母島,142.161667,26.635,32,2026-09-07T07:00:00+09:00,,,0.0,0,,,,,
44356,南鳥島,153.983333,24.288333,7,2026-09-07T07:00:00+09:00,30.5,0,0.0,0,4.6,0,4.0,90.0,0
45061,我孫子,140.11,35.863333,20,2026-09-07T07:00:00+09:00,24.4,0,4.0,0,1.5,0,6.0,135.0,0
45081,香取,140.501667,35.858333,37,2026-09-07T07:00:00+09:00,25.5,0,9.5,0,5.1,0,7.0,157.5,0
45086,東庄,140.681667,35.795,52,2026-09-07T07:00:00+09:00,,,4.0,0,,,,,
45106,船橋,140.043333,35.711667,28,2026-09-07T07:00:00+09:00,24.3,0,8.0,0,1.4,0,10.0,225.0,0
45116,佐倉,140.211667,35.728333,5,2026-09-07T07:00:00+09:00,25.0,0,6.0,0,4.3,0,8.0,180.0,0
45121,成田,140.385,35.763333,41,2026-09-07T07:00:00+09:00,25.3,0,10.5,0,6.4,0,8.0,180.0,0
45148,銚子,140.856667,35.738333,20,2026-09-07T07:00:00+09:00,26.1,0,6.0,0,9.0,0,8.0,180.0,0
45181,横芝光,140.505,35.655,5,2026-09-07T07:00:00+09:00,24.9,0,10.5,0,8.6,0,8.0,180.0,0
45212,千葉,140.103333,35.601667,3,2026-09-07T07:00:00+09:00,24.1,0,14.0,0,2.9,0,11.0,247.5,0
45261,茂原,140.293333,35.436667,11,2026-09-07T07:00:00+09:00,25.5,0,10.5,0,3.4,0,7.0,157.5,0
45282,木更津,139.94,35.361667,60,2026-09-07T07:00:00+09:00,21.5,0,11.0,0,3.8,0,12.0,270.0,0
45291,牛久,140.148333,35.396667,30,2026-09-07T07:00:00+09:00,24.3,0,12.0,0,1.7,0,11.0,247.5,0
45326,坂畑,140.098333,35.235,120,2026-09-07T07:00:00+09:00,25.0,0,7.5,0,5.2,0,10.0,225.0,0
45346,鋸南,139.836667,35.121667,10,2026-09-07T07:00:00+09:00,,,2.0,0,,,,,
45361,鴨川,140.1,35.111667,5,2026-09-07T07:00:00+09:00,25.6,0,7.5,0,4.2,0,8.0,180.0,0
45371,勝浦,140.311667,35.15,12,2026-09-07T07:00:00+09:00,25.9,0,12.5,0,7.2,0,8.0,180.0,0
45401,館山,139.865,34.986667,6,2026-09-07T07:00:00+09:00,23.0,0,4.5,0,2.0,0,13.0,292.5,0
46001,相模湖,139.193333,35.613333,188,2026-09-07T07:00:00+09:00,,,1.0,0,,,,,
46046,相模原中央,139.37,35.571667,149,2026-09-07T07:00:00+09:00,,,0.5,0,,,,,
46061,日吉,139.65,35.551667,57,2026-09-07T07:00:00+09:00,,,0.0,0,,,,,
46076,丹沢湖,139.043333,35.41,330,2026-09-07T07:00:00+09:00,,,4.0,0,,,,,
46091,海老名,139.386667,35.433333,18,2026-09-07T07:00:00+09:00,22.4,0,1.0,0,3.6,0,15.0,337.5,0
46106,横浜,139.651667,35.438333,39,2026-09-07T07:00:00+09:00,21.6,0,2.5,0,4.9,0,14.0,315.0,0
46136,平塚,139.305,35.345,20,2026-09-07T07:00:00+09:00,,,2.5,0,,,,,
46141,辻堂,139.45,35.32,5,2026-09-07T07:00:00+09:00,22.6,0,3.0,0,4.5,0,16.0,0.0,0
46161,箱根,139.041667,35.221667,855,2026-09-07T07:00:00+09:00,,,5.5,0,,,,,
46166,小田原,139.155,35.276667,14,2026-09-07T07:00:00+09:00,22.0,0,4.0,0,1.0,0,3.0,67.5,0
46211,三浦,139.63,35.178333,42,2026-09-07T07:00:00+09:00,21.7,0,3.0,0,2.1,0,16.0,0.0,0
48031,野沢温泉,138.441667,36.911667,576,2026-09-07T07:00:00+09:00,18.7,0,3.0,0,0.5,0,13.0,292.5,0
48061,信濃町,138.196667,36.808333,685,2026-09-07T07:00:00+09:00,18.3,0,1.0,0,1.0,0,7.0,157.5,0
48066,飯山,138.375,36.875,313,2026-09-07T07:00:00+09:00,20.1,0,3.0,0,0.3,0,6.0,135.0,0
48097,小谷,137.93,36.821667,550,2026-09-07T07:00:00+09:00,,,0.5,0,,,,,
48141,白馬,137.861667,36.698333,703,2026-09-07T07:00:00+09:00,18.8,0,1.5,0,0.3,0,15.0,337.5,0
48146,鬼無里,137.965,36.688333,778,2026-09-07T07:00:00+09:00,,,2.0,0,,,,,
48156,長野,138.191667,36.661667,418,2026-09-07T07:00:00+09:00,19.9,0,0.5,0,0.7,0,3.0,67.5,0
48172,笠岳,138.458333,36.665,1473,2026-09-07T07:00:00+09:00,,,2.5,0,,,,,
48191,大町,137.831667,36.523333,784,2026-09-07T07:00:00+09:00,19.0,0,1.5,0,1.0,0,14.0,315.0,0
48196,信州新町,137.996667,36.548333,509,2026-09-07T07:00:00+09:00,19.0,0,1.5,0,0.5,0,8.0,180.0,0
48216,菅平,138.325,36.531667,1253,2026-09-07T07:00:00+09:00,16.5,0,2.0,0,1.4,0,1.0,22.5,0
48247,聖高原,138.068333,36.486667,985,2026-09-07T07:00:00+09:00,,,0.5,0,,,,,
48256,上田,138.265,36.4,502,2026-09-07T07:00:00+09:00,19.3,0,0.5,0,0.3,0,10.0,225.0,0
48296,穂高,137.881667,36.343333,540,2026-09-07T07:00:00+09:00,19.7,0,0.5,0,0.7,0,2.0,45.0,0
48321,東御,138.383333,36.383333,958,2026-09-07T07:00:00+09:00,17.4,0,0.5,0,1.0,0,7.0,157.5,0
48331,軽井沢,138.546667,36.341667,999,2026-09-07T07:00:00+09:00,17.0,0,1.5,0,1.3,0,10.0,225.0,0
48346,上高地,137.633333,36.248333,1510,2026-09-07T07:00:00+09:00,,,2.5,0,,,,,
48361,松本,137.97,36.246667,610,2026-09-07T07:00:00+09:00,19.1,0,1.0,0,0.2,0,0.0,0.0,0
48363,松本今井,137.921667,36.166667,658,2026-09-07T07:00:00+09:00,19.2,0,0.5,0,1.3,0,15.0,337.5,0
48371,鹿教湯,138.136667,36.301667,721,2026-09-07T07:00:00+09:00,,,0.5,0,,,,,
48381,立科,138.313333,36.271667,715,2026-09-07T07:00:00+09:00,18.5,0,0.0,0,0.7,0,16.0,0.0,0
48386,佐久,138.476667,36.246667,683,2026-09-07T07:00:00+09:00,18.5,0,1.0,0,0.8,0,16.0,0.0,0
48436,白樺湖,138.228333,36.105,1440,2026-09-07T07:00:00+09:00,,,0.5,0,,,,,
48466,奈川,137.683333,36.088333,1068,2026-09-07T07:00:00+09:00,17.2,0,1.5,0,1.4,0,2.0,45.0,0
48491,諏訪,138.108333,36.045,760,2026-09-07T07:00:00+09:00,19.0,0,0.5,0,1.5,0,5.0,112.5,0
48516,北相木,138.611667,36.071667,1185,2026-09-07T07:00:00+09:00,,,1.0,0,,,,,
48531,開田高原,137.601667,35.938333,1130,2026-09-07T07:00:00+09:00,17.0,0,1.0,0,0.2,0,0.0,0.0,0
48536,木祖薮原,137.786667,35.936667,985,2026-09-07T07:00:00+09:00,18.1,0,1.0,0,2.1,0,16.0,0.0,0
48546,辰野,137.983333,35.983333,732,2026-09-07T07:00:00+09:00,19.1,0,0.5,0,2.7,0,15.0,337.5,0
48556,高遠,138.108333,35.953333,1075,2026-09-07T07:00:00+09:00,,,0.5,0,,,,,
48561,原村,138.22,35.97,1017,2026-09-07T07:00:00+09:00,17.0,0,0.0,0,1.1,0,16.0,0.0,0
48571,野辺山,138.471667,35.948333,1350,2026-09-07T07:00:00+09:00,16.2,0,0.0,0,3.2,0,2.0,45.0,0
48601,御嶽山,137.503333,35.871667,2195,2026-09-07T07:00:00+09:00,,,6.0,0,,,,,
48606,木曽福島,137.688333,35.84,750,2026-09-07T07:00:00+09:00,19.0,0,1.0,0,1.1,0,9.0,202.5,0
48621,伊那,137.955,35.825,633,2026-09-07T07:00:00+09:00,19.5,0,0.5,0,0.8,0,3.0,67.5,0
48681,宮田高原,137.885,35.773333,1660,2026-09-07T07:00:00+09:00,,,2.0,0,,,,,
48691,杉島,138.093333,35.726667,905,2026-09-07T07:00:00+09:00,,,1.5,0,,,,,
48716,須原,137.691667,35.698333,535,2026-09-07T07:00:00+09:00,,,1.5,0,,,,,
48717,南木曽,137.62,35.61,560,2026-09-07T07:00:00+09:00,19.4,0,1.5,0,1.1,0,2.0,45.0,0
48731,飯島,137.898333,35.653333,728,2026-09-07T07:00:00+09:00,18.6,0,2.0,0,3.4,0,16.0,0.0,0
48737,大鹿,138.04,35.556667,718,2026-09-07T07:00:00+09:00,,,1.0,0,,,,,
48767,飯田,137.821667,35.523333,516,2026-09-07T07:00:00+09:00,19.4,0,2.5,0,1.4,0,11.0,247.5,0
48826,浪合,137.691667,35.373333,940,2026-09-07T07:00:00+09:00,17.4,0,1.5,0,0.3,0,16.0,0.0,0
48836,阿南,137.811667,35.313333,610,2026-09-07T07:00:00+09:00,,,0.0,0,,,,,
48841,南信濃,137.931667,35.321667,407,2026-09-07T07:00:00+09:00,19.9,0,0.0,0,1.0,0,3.0,67.5,0
49036,大泉,138.386667,35.861667,867,2026-09-07T07:00:00+09:00,19.6,0,0.0,0,0.5,0,9.0,202.5,0
49052,乙女湖,138.655,35.806667,1465,2026-09-07T07:00:00+09:00,,,0.0,0,,,,,
49086,韮崎,138.448333,35.693333,341,2026-09-07T07:00:00+09:00,20.0,0,0.0,0,1.0,0,5.0,112.5,0
49142,甲府,138.553333,35.666667,273,2026-09-07T07:00:00+09:00,20.5,0,0.0,0,1.3,0,8.0,180.0,0
49151,勝沼,138.725,35.663333,394,2026-09-07T07:00:00+09:00,20.4,0,0.0,0,0.5,0,4.0,90.0,0
49161,大月,138.938333,35.608333,364,2026-09-07T07:00:00+09:00,20.1,0,0.0,0,0.4,0,9.0,202.5,0
49172,上野原,139.105,35.62,187,2026-09-07T07:00:00+09:00,,,1.0,0,,,,,
49187,富士川,138.448333,35.561667,295,2026-09-07T07:00:00+09:00,,,0.0,0,,,,,
49196,古関,138.615,35.528333,552,2026-09-07T07:00:00+09:00,18.9,0,0.0,0,0.7,0,6.0,135.0,0
49236,切石,138.441667,35.466667,226,2026-09-07T07:00:00+09:00,20.7,0,0.0,0,1.0,0,16.0,0.0,0
49251,河口湖,138.76,35.5,860,2026-09-07T07:00:00+09:00,18.3,0,0.5,0,1.2,0,14.0,315.0,0
49256,山中,138.836667,35.436667,992,2026-09-07T07:00:00+09:00,17.5,0,2.5,0,0.9,0,14.0,315.0,0
49316,南部,138.445,35.288333,141,2026-09-07T07:00:00+09:00,21.7,0,0.0,0,1.5,0,12.0,270.0,0
50056,白糸,138.578333,35.311667,530,2026-09-07T07:00:00+09:00,,,1.5,0,,,,,
50066,富士山,138.726667,35.36,3775,2026-09-07T07:00:00+09:00,8.3,0,,,,,,,
50106,井川,138.221667,35.216667,755,2026-09-07T07:00:00+09:00,19.1,0,0.5,0,0.3,0,8.0,180.0,0
50112,有東木,138.368333,35.206667,585,2026-09-07T07:00:00+09:00,,,0.5,0,,,,,
50136,御殿場,138.926667,35.305,472,2026-09-07T07:00:00+09:00,20.1,0,4.5,0,1.6,0,4.0,90.0,0
50196,富士,138.663333,35.185,66,2026-09-07T07:00:00+09:00,21.5,0,1.5,0,0.7,0,15.0,337.5,0
50206,三島,138.925,35.113333,21,2026-09-07T07:00:00+09:00,21.9,0,1.5,0,0.1,0,0.0,0.0,0
50226,佐久間,137.761667,35.056667,150,2026-09-07T07:00:00+09:00,21.0,0,0.0,0,0.4,0,13.0,292.5,0
50232,春野,137.945,35.011667,486,2026-09-07T07:00:00+09:00,,,0.0,0,,,,,
50241,川根本町,138.128333,35.101667,290,2026-09-07T07:00:00+09:00,22.1,0,0.5,0,1.4,0,5.0,112.5,0
50247,鍵穴,138.246667,35.048333,160,2026-09-07T07:00:00+09:00,,,0.5,0,,,,,
50261,清水,138.521667,35.053333,3,2026-09-07T07:00:00+09:00,22.6,0,1.0,0,1.6,0,1.0,22.5,0
50281,網代,139.091667,35.045,67,2026-09-07T07:00:00+09:00,22.1,0,1.5,0,0.7,0,8.0,180.0,0
50296,熊,137.733333,34.958333,375,2026-09-07T07:00:00+09:00,,,0.5,0,,,,,
50317,高根山,138.196667,34.975,415,2026-09-07T07:00:00+09:00,,,0.0,0,,,,,
50331,静岡,138.403333,34.975,14,2026-09-07T07:00:00+09:00,22.5,0,0.5,0,0.6,0,15.0,337.5,0
50371,三ヶ日,137.555,34.801667,2,2026-09-07T07:00:00+09:00,,,0.5,0,,,,,
50386,天竜,137.813333,34.89,61,2026-09-07T07:00:00+09:00,22.4,0,0.5,0,2.4,0,15.0,337.5,0
50391,三倉,137.94,34.895,114,2026-09-07T07:00:00+09:00,,,0.0,0,,,,,
50416,土肥,138.761667,34.876667,92,2026-09-07T07:00:00+09:00,,,1.5,0,,,,,
50426,湯ケ島,138.925,34.9,165,2026-09-07T07:00:00+09:00,,,1.0,0,,,,,
50427,天城山,139.023333,34.871667,1066,2026-09-07T07:00:00+09:00,,,5.5,0,,,,,
50456,浜松,137.711667,34.753333,46,2026-09-07T07:00:00+09:00,22.6,0,2.0,0,0.6,0,14.0,315.0,0
50466,掛川,137.995,34.768333,32,2026-09-07T07:00:00+09:00,,,0.5,0,,,,,
50476,菊川牧之原,138.138333,34.785,191,2026-09-07T07:00:00+09:00,21.0,0,0.0,0,3.5,0,4.0,90.0,0
50477,静岡空港,138.188333,34.795,132,2026-09-07T07:00:00+09:00,21.4,0,0.0,0,2.4,0,3.0,67.5,0
50491,松崎,138.783333,34.755,4,2026-09-07T07:00:00+09:00,22.4,0,0.5,0,0.4,0,15.0,337.5,0
50506,稲取,139.048333,34.781667,130,2026-09-07T07:00:00+09:00,22.7,0,1.5,0,2.9,0,1.0,22.5,0
50536,磐田,137.88,34.691667,1,2026-09-07T07:00:00+09:00,22.7,0,0.5,0,1.2,0,3.0,67.5,0
50551,御前崎,138.213333,34.603333,45,2026-09-07T07:00:00+09:00,23.0,0,2.0,0,5.3,0,2.0,45.0,0
50561,石廊崎,138.841667,34.603333,52,2026-09-07T07:00:00+09:00,22.7,0,3.0,0,0.7,0,12.0,270.0,0
51011,一宮,136.853333,35.298333,11,2026-09-07T07:00:00+09:00,,,0.0,0,,,,,
51031,愛西,136.698333,35.216667,5,2026-09-07T07:00:00+09:00,23.3,0,0.0,0,1.0,0,16.0,0.0,0
51056,小原,137.285,35.228333,290,2026-09-07T07:00:00+09:00,,,0.0,0,,,,,
51071,稲武,137.506667,35.211667,505,2026-09-07T07:00:00+09:00,19.8,0,0.0,0,0.7,0,10.0,225.0,0
51077,茶臼山,137.66,35.22,1216,2026-09-07T07:00:00+09:00,,,0.0,0,,,,,
51096,蟹江,136.791667,35.136667,2,2026-09-07T07:00:00+09:00,,,0.0,0,,,,,
51106,名古屋,136.965,35.166667,51,2026-09-07T07:00:00+09:00,23.3,0,0.0,0,2.1,0,15.0,337.5,0
51116,豊田,137.176667,35.131667,75,2026-09-07T07:00:00+09:00,22.3,0,0.0,0,0.5,0,6.0,135.0,0
51192,阿蔵,137.413333,35.078333,613,2026-09-07T07:00:00+09:00,,,0.0,0,,,,,
51216,大府,136.943333,34.995,32,2026-09-07T07:00:00+09:00,23.2,0,0.0,0,0.5,0,5.0,112.5,0
51226,岡崎,137.193333,34.918333,47,2026-09-07T07:00:00+09:00,22.5,0,0.0,0,0.5,0,8.0,180.0,0
51241,作手,137.425,34.976667,532,2026-09-07T07:00:00+09:00,,,0.0,0,,,,,
51247,新城,137.518333,34.906667,53,2026-09-07T07:00:00+09:00,21.8,0,0.0,0,1.6,0,5.0,112.5,0
51261,セントレア,136.805,34.858333,4,2026-09-07T07:00:00+09:00,23.8,0,0.0,0,2.4,0,16.0,0.0,0
51271,一色,137.028333,34.811667,12,2026-09-07T07:00:00+09:00,,,0.0,0,,,,,
51281,蒲郡,137.216667,34.845,55,2026-09-07T07:00:00+09:00,22.1,0,0.5,0,0.9,0,16.0,0.0,0
51311,南知多,136.938333,34.74,16,2026-09-07T07:00:00+09:00,22.8,0,0.0,0,0.8,0,12.0,270.0,0
51331,豊橋,137.341667,34.75,3,2026-09-07T07:00:00+09:00,22.8,0,0.0,0,1.0,0,16.0,0.0,0
51346,伊良湖,137.093333,34.628333,6,2026-09-07T07:00:00+09:00,23.3,0,1.0,0,0.9,0,1.0,22.5,0
51356,田原,137.221667,34.626667,45,2026-09-07T07:00:00+09:00,,,1.0,0,,,,,
52041,河合,137.1,36.305,471,2026-09-07T07:00:00+09:00,19.8,0,2.0,0,0.4,0,12.0,270.0,0
52051,神岡,137.308333,36.321667,455,2026-09-07T07:00:00+09:00,19.7,0,0.5,0,0.7,0,8.0,180.0,0
52081,白川,136.896667,36.273333,478,2026-09-07T07:00:00+09:00,19.7,0,0.5,0,0.2,0,0.0,0.0,0
52111,栃尾,137.503333,36.248333,765,2026-09-07T07:00:00+09:00,18.2,0,4.0,0,0.7,0,11.0,247.5,0
52131,御母衣,136.908333,36.146667,640,2026-09-07T07:00:00+09:00,,,3.0,0,,,,,
52137,清見,137.045,36.18,740,2026-09-07T07:00:00+09:00,,,2.0,0,,,,,
52146,高山,137.253333,36.155,560,2026-09-07T07:00:00+09:00,19.5,0,5.5,0,0.3,0,5.0,112.5,0
52152,丹生川,137.371667,36.186667,910,2026-09-07T07:00:00+09:00,,,2.0,0,,,,,
52173,ひるがの,136.893333,36.01,885,2026-09-07T07:00:00+09:00,,,0.0,0,,,,,
52181,六厩,137.035,36.06,1015,2026-09-07T07:00:00+09:00,17.6,0,0.0,0,0.5,0,10.0,225.0,0
52192,船山,137.26,36.035,880,2026-09-07T07:00:00+09:00,,,0.5,0,,,,,
52196,宮之前,137.388333,36.015,930,2026-09-07T07:00:00+09:00,17.8,0,0.5,0,0.9,0,9.0,202.5,0
52221,長滝,136.831667,35.923333,430,2026-09-07T07:00:00+09:00,20.0,0,0.0,0,0.3,0,1.0,22.5,0
52286,萩原,137.206667,35.888333,425,2026-09-07T07:00:00+09:00,20.8,0,0.0,0,2.1,0,15.0,337.5,0
52321,関市板取,136.783333,35.723333,351,2026-09-07T07:00:00+09:00,,,0.5,0,,,,,
52331,八幡,136.978333,35.756667,271,2026-09-07T07:00:00+09:00,20.7,0,0.0,0,0.4,0,2.0,45.0,0
52346,宮地,137.288333,35.763333,450,2026-09-07T07:00:00+09:00,20.1,0,0.5,0,0.4,0,9.0,202.5,0
52381,樽見,136.601667,35.638333,190,2026-09-07T07:00:00+09:00,21.5,0,0.0,0,0.5,0,5.0,112.5,0
52406,金山,137.16,35.661667,233,2026-09-07T07:00:00+09:00,21.5,0,0.0,0,0.4,0,12.0,270.0,0
52421,付知,137.426667,35.661667,461,2026-09-07T07:00:00+09:00,,,0.5,0,,,,,
52461,美濃,136.91,35.555,68,2026-09-07T07:00:00+09:00,22.1,0,0.0,0,0.5,0,16.0,0.0,0
52476,伽藍,137.23,35.515,650,2026-09-07T07:00:00+09:00,,,0.5,0,,,,,
52482,黒川,137.318333,35.598333,517,2026-09-07T07:00:00+09:00,19.7,0,1.0,0,0.5,0,2.0,45.0,0
52511,揖斐川,136.566667,35.485,45,2026-09-07T07:00:00+09:00,22.9,0,0.0,0,0.9,0,3.0,67.5,0
52536,美濃加茂,137.005,35.445,74,2026-09-07T07:00:00+09:00,23.0,0,0.0,0,0.8,0,8.0,180.0,0
52556,恵那,137.403333,35.446667,315,2026-09-07T07:00:00+09:00,20.5,0,0.0,0,0.9,0,7.0,157.5,0
52557,中津川,137.486667,35.476667,378,2026-09-07T07:00:00+09:00,21.2,0,0.5,0,1.5,0,3.0,67.5,0
52571,関ケ原,136.466667,35.363333,130,2026-09-07T07:00:00+09:00,22.9,0,0.0,0,2.2,0,12.0,270.0,0
52581,大垣,136.62,35.346667,6,2026-09-07T07:00:00+09:00,23.6,0,0.0,0,0.6,0,15.0,337.5,0
52586,岐阜,136.761667,35.4,13,2026-09-07T07:00:00+09:00,23.7,0,0.0,0,1.3,0,13.0,292.5,0
52606,多治見,137.108333,35.346667,120,2026-09-07T07:00:00+09:00,22.6,0,0.0,0,0.7,0,4.0,90.0,0
52642,上石津,136.458333,35.246667,193,2026-09-07T07:00:00+09:00,,,0.0,0,,,,,
53016,北勢,136.538333,35.143333,125,2026-09-07T07:00:00+09:00,,,0.0,0,,,,,
53041,桑名,136.693333,35.05,3,2026-09-07T07:00:00+09:00,23.4,0,0.0,0,1.6,0,14.0,315.0,0
53061,四日市,136.58,34.94,55,2026-09-07T07:00:00+09:00,22.4,0,0.5,0,0.8,0,12.0,270.0,0
53091,亀山,136.453333,34.87,70,2026-09-07T07:00:00+09:00,22.0,0,0.5,0,1.9,0,14.0,315.0,0
53112,上野,136.141667,34.761667,159,2026-09-07T07:00:00+09:00,21.8,0,0.0,0,1.0,0,8.0,180.0,0
53121,笠取山,136.308333,34.725,810,2026-09-07T07:00:00+09:00,,,0.0,0,,,,,
53133,津,136.518333,34.733333,3,2026-09-07T07:00:00+09:00,22.4,0,0.5,0,2.3,0,12.0,270.0,0
53141,名張,136.108333,34.626667,226,2026-09-07T07:00:00+09:00,,,0.0,0,,,,,
53151,白山,136.321667,34.625,60,2026-09-07T07:00:00+09:00,,,0.0,0,,,,,
53196,小俣,136.665,34.528333,10,2026-09-07T07:00:00+09:00,22.0,0,0.5,0,1.6,0,9.0,202.5,0
53231,粥見,136.39,34.448333,120,2026-09-07T07:00:00+09:00,21.2,0,1.0,0,0.3,0,10.0,225.0,0
53257,鳥羽,136.825,34.481667,2,2026-09-07T07:00:00+09:00,22.1,0,1.0,0,0.5,0,12.0,270.0,0
53287,藤坂峠,136.488333,34.323333,560,2026-09-07T07:00:00+09:00,,,2.0,0,,,,,
53296,南伊勢,136.681667,34.345,6,2026-09-07T07:00:00+09:00,22.1,0,2.0,0,1.1,0,4.0,90.0,0
53307,阿児,136.873333,34.308333,31,2026-09-07T07:00:00+09:00,,,2.5,0,,,,,
53321,宮川,136.208333,34.278333,205,2026-09-07T07:00:00+09:00,,,1.5,0,,,,,
53326,紀伊長島,136.326667,34.208333,3,2026-09-07T07:00:00+09:00,22.0,0,2.0,0,2.1,0,13.0,292.5,0
53378,尾鷲,136.193333,34.068333,15,2026-09-07T07:00:00+09:00,22.0,0,1.5,0,2.6,0,12.0,270.0,0
53401,熊野新鹿,136.138333,33.931667,23,2026-09-07T07:00:00+09:00,22.5,0,0.5,0,1.3,0,13.0,292.5,0
53416,御浜,135.98,33.851667,130,2026-09-07T07:00:00+09:00,,,0.5,0,,,,,
54012,粟島,139.253333,38.465,4,2026-09-07T07:00:00+09:00,22.3,0,0.0,0,1.9,0,14.0,315.0,0
54041,弾崎,138.511667,38.33,58,2026-09-07T07:00:00+09:00,23.0,0,0.0,0,4.6,0,7.0,157.5,0
54056,高根,139.603333,38.33,85,2026-09-07T07:00:00+09:00,,,0.0,0,,,,,
54086,村上,139.478333,38.226667,10,2026-09-07T07:00:00+09:00,24.4,0,0.0,0,3.9,0,4.0,90.0,0
54097,三面,139.605,38.246667,45,2026-09-07T07:00:00+09:00,,,0.0,0,,,,,
54157,相川,138.24,38.028333,6,2026-09-07T07:00:00+09:00,25.4,0,0.0,0,9.8,0,4.0,90.0,0
54166,両津,138.44,38.073333,2,2026-09-07T07:00:00+09:00,23.9,0,0.0,0,2.2,0,16.0,0.0,0
54181,中条,139.388333,38.076667,14,2026-09-07T07:00:00+09:00,21.1,0,0.5,0,0.5,0,7.0,157.5,0
54191,下関,139.563333,38.091667,33,2026-09-07T07:00:00+09:00,22.0,0,1.0,0,8.5,0,5.0,112.5,0
54232,新潟,139.018333,37.893333,4,2026-09-07T07:00:00+09:00,22.4,0,0.5,0,0.8,0,12.0,270.0,0
54236,松浜,139.111667,37.955,1,2026-09-07T07:00:00+09:00,23.3,0,0.0,0,1.5,0,8.0,180.0,0
54271,羽茂,138.313333,37.841667,11,2026-09-07T07:00:00+09:00,23.5,0,0.5,0,2.2,0,16.0,0.0,0
54296,新津,139.086667,37.791667,3,2026-09-07T07:00:00+09:00,22.2,0,1.5,0,7.1,0,4.0,90.0,0
54301,瓢湖,139.236667,37.833333,9,2026-09-07T07:00:00+09:00,,,1.5,0,,,,,
54311,赤谷,139.415,37.835,135,2026-09-07T07:00:00+09:00,,,1.0,0,,,,,
54341,巻,138.913333,37.768333,2,2026-09-07T07:00:00+09:00,21.8,0,1.0,0,4.4,0,3.0,67.5,0
54387,寺泊,138.766667,37.64,44,2026-09-07T07:00:00+09:00,21.9,0,1.0,0,1.5,0,2.0,45.0,0
54396,三条,138.955,37.64,9,2026-09-07T07:00:00+09:00,21.8,0,2.0,0,1.4,0,15.0,337.5,0
54406,村松,139.188333,37.696667,25,2026-09-07T07:00:00+09:00,,,1.0,0,,,,,
54421,津川,139.446667,37.671667,100,2026-09-07T07:00:00+09:00,20.9,0,2.5,0,2.2,0,7.0,157.5,0
54462,宮寄上,139.14,37.58,125,2026-09-07T07:00:00+09:00,,,2.0,0,,,,,
54472,室谷,139.37,37.55,200,2026-09-07T07:00:00+09:00,,,5.0,0,,,,,
54501,長岡,138.823333,37.45,23,2026-09-07T07:00:00+09:00,22.0,0,1.5,0,0.8,0,14.0,315.0,0
54506,栃尾,138.991667,37.478333,61,2026-09-07T07:00:00+09:00,,,4.0,0,,,,,
54541,柏崎,138.553333,37.351667,7,2026-09-07T07:00:00+09:00,21.8,0,1.0,0,0.6,0,2.0,45.0,0
54566,守門,139.043333,37.346667,222,2026-09-07T07:00:00+09:00,23.7,0,2.0,0,2.6,0,3.0,67.5,0
54586,大潟,138.325,37.225,13,2026-09-07T07:00:00+09:00,22.4,0,1.0,0,0.9,0,9.0,202.5,0
54606,小国,138.701667,37.291667,83,2026-09-07T07:00:00+09:00,,,3.0,0,,,,,
54616,小出,138.963333,37.226667,98,2026-09-07T07:00:00+09:00,21.2,0,0.5,0,0.8,0,9.0,202.5,0
54621,大湯,139.061667,37.205,240,2026-09-07T07:00:00+09:00,,,0.0,0,,,,,
54651,高田,138.246667,37.106667,13,2026-09-07T07:00:00+09:00,22.6,0,0.5,0,4.3,0,7.0,157.5,0
54661,安塚,138.456667,37.106667,126,2026-09-07T07:00:00+09:00,21.4,0,3.0,0,0.6,0,16.0,0.0,0
54666,川谷,138.516667,37.2,206,2026-09-07T07:00:00+09:00,,,3.0,0,,,,,
54671,松代,138.606667,37.131667,210,2026-09-07T07:00:00+09:00,,,2.5,0,,,,,
54676,十日町,138.726667,37.143333,170,2026-09-07T07:00:00+09:00,20.5,0,5.0,0,0.6,0,9.0,202.5,0
54711,糸魚川,137.875,37.043333,8,2026-09-07T07:00:00+09:00,23.1,0,0.0,0,0.9,0,7.0,157.5,0
54721,能生,138.023333,37.083333,55,2026-09-07T07:00:00+09:00,21.8,0,0.5,0,0.5,0,6.0,135.0,0
54737,筒方,138.343333,37.03,255,2026-09-07T07:00:00+09:00,,,2.5,0,,,,,
54761,塩沢,138.846667,37.038333,195,2026-09-07T07:00:00+09:00,,,0.0,0,,,,,
54816,関山,138.221667,36.933333,350,2026-09-07T07:00:00+09:00,20.6,0,1.0,0,1.8,0,7.0,157.5,0
54836,津南,138.683333,36.996667,452,2026-09-07T07:00:00+09:00,20.1,0,0.0,0,2.7,0,9.0,202.5,0
54841,湯沢,138.81,36.941667,340,2026-09-07T07:00:00+09:00,20.7,0,0.0,0,0.9,0,14.0,315.0,0
54876,平岩,137.866667,36.88,281,2026-09-07T07:00:00+09:00,,,0.0,0,,,,,
54892,樽本,138.275,36.89,633,2026-09-07T07:00:00+09:00,,,1.5,0,,,,,
55022,朝日,137.563333,36.936667,43,2026-09-07T07:00:00+09:00,23.1,0,0.5,0,1.0,0,2.0,45.0,0
55041,氷見,136.968333,36.825,1,2026-09-07T07:00:00+09:00,22.3,0,0.0,0,0.7,0,13.0,292.5,0
55056,魚津,137.428333,36.821667,48,2026-09-07T07:00:00+09:00,23.1,0,0.5,0,1.0,0,5.0,112.5,0
55063,宇奈月,137.556667,36.846667,160,2026-09-07T07:00:00+09:00,,,0.5,0,,,,,
55091,伏木,137.055,36.791667,12,2026-09-07T07:00:00+09:00,22.9,0,0.5,0,1.0,0,8.0,180.0,0
55102,富山,137.201667,36.708333,9,2026-09-07T07:00:00+09:00,23.1,0,0.5,0,2.3,0,9.0,202.5,0
55141,砺波,136.955,36.61,69,2026-09-07T07:00:00+09:00,22.8,0,0.5,0,0.8,0,5.0,112.5,0
55151,秋ヶ島,137.186667,36.648333,24,2026-09-07T07:00:00+09:00,22.4,0,0.0,0,1.7,0,11.0,247.5,0
55156,大山,137.283333,36.608333,128,2026-09-07T07:00:00+09:00,,,0.0,0,,,,,
55166,上市,137.423333,36.67,296,2026-09-07T07:00:00+09:00,20.5,0,0.0,0,0.3,0,11.0,247.5,0
55191,南砺高宮,136.871667,36.545,91,2026-09-07T07:00:00+09:00,21.9,0,0.5,0,0.7,0,11.0,247.5,0
55206,八尾,137.158333,36.57,124,2026-09-07T07:00:00+09:00,21.6,0,0.0,0,1.3,0,7.0,157.5,0
55217,立山芦峅,137.385,36.576667,379,2026-09-07T07:00:00+09:00,,,0.5,0,,,,,
55252,五箇山,136.941667,36.43,357,2026-09-07T07:00:00+09:00,,,0.0,0,,,,,
55267,猪谷,137.236667,36.473333,215,2026-09-07T07:00:00+09:00,,,0.5,0,,,,,
56036,珠洲,137.286667,37.446667,4,2026-09-07T07:00:00+09:00,25.8,0,0.0,0,3.0,0,4.0,90.0,0
56052,輪島,136.895,37.39,5,2026-09-07T07:00:00+09:00,23.2,0,0.0,0,2.2,0,9.0,202.5,0
56081,門前,136.728333,37.261667,11,2026-09-07T07:00:00+09:00,,,0.0,0,,,,,
56093,三井,136.961667,37.293333,219,2026-09-07T07:00:00+09:00,23.1,0,0.0,0,2.0,0,3.0,67.5,0
56116,志賀,136.725,37.143333,6,2026-09-07T07:00:00+09:00,24.0,0,0.0,0,1.0,0,4.0,90.0,0
56146,七尾,136.991667,37.03,58,2026-09-07T07:00:00+09:00,23.1,0,0.0,0,0.5,0,13.0,292.5,0
56176,羽咋,136.776667,36.893333,15,2026-09-07T07:00:00+09:00,23.5,0,0.0,0,2.2,0,4.0,90.0,0
56186,かほく,136.691667,36.711667,42,2026-09-07T07:00:00+09:00,22.9,0,0.0,0,1.6,0,7.0,157.5,0
56192,宝達志水,136.768333,36.788333,90,2026-09-07T07:00:00+09:00,,,0.0,0,,,,,
56227,金沢,136.633333,36.588333,6,2026-09-07T07:00:00+09:00,24.1,0,0.0,0,2.8,0,5.0,112.5,0
56232,医王山,136.745,36.52,420,2026-09-07T07:00:00+09:00,,,0.0,0,,,,,
56276,小松,136.435,36.381667,3,2026-09-07T07:00:00+09:00,23.6,0,0.0,0,0.9,0,9.0,202.5,0
56286,白山河内,136.62,36.396667,136,2026-09-07T07:00:00+09:00,21.8,0,0.0,0,0.5,0,15.0,337.5,0
56301,加賀中津原,136.396667,36.261667,65,2026-09-07T07:00:00+09:00,22.3,0,0.0,0,0.9,0,6.0,135.0,0
56346,白山白峰,136.625,36.18,470,2026-09-07T07:00:00+09:00,,,0.0,0,,,,,
56401,舳倉島,136.918333,37.85,8,2026-09-07T07:00:00+09:00,,,0.0,0,,,,,
57001,三国,136.173333,36.243333,34,2026-09-07T07:00:00+09:00,23.2,0,0.0,0,3.4,0,7.0,157.5,0
57026,春江,136.223333,36.141667,5,2026-09-07T07:00:00+09:00,23.4,0,0.0,0,2.7,0,8.0,180.0,0
57051,越廼,135.99,36.011667,30,2026-09-07T07:00:00+09:00,24.1,0,0.0,0,1.4,0,7.0,157.5,0
57066,福井,136.221667,36.055,9,2026-09-07T07:00:00+09:00,23.3,0,0.0,0,2.3,0,9.0,202.5,0
57071,美山,136.358333,35.998333,70,2026-09-07T07:00:00+09:00,,,0.0,0,,,,,
57082,勝山,136.521667,36.038333,196,2026-09-07T07:00:00+09:00,21.5,0,2.5,0,1.2,0,7.0,157.5,0
57106,武生,136.173333,35.905,32,2026-09-07T07:00:00+09:00,,,0.0,0,,,,,
57121,大野,136.496667,35.971667,182,2026-09-07T07:00:00+09:00,21.7,0,0.5,0,0.4,0,10.0,225.0,0
57176,九頭竜,136.668333,35.908333,436,2026-09-07T07:00:00+09:00,,,0.0,0,,,,,
57206,今庄,136.2,35.766667,128,2026-09-07T07:00:00+09:00,21.7,0,0.5,0,0.6,0,1.0,22.5,0
57248,敦賀,136.061667,35.653333,2,2026-09-07T07:00:00+09:00,22.7,0,0.0,0,0.3,0,14.0,315.0,0
57286,美浜,135.916667,35.6,10,2026-09-07T07:00:00+09:00,22.5,0,0.5,0,0.8,0,8.0,180.0,0
57311,大飯,135.616667,35.48,3,2026-09-07T07:00:00+09:00,,,0.0,0,,,,,
57317,小浜,135.781667,35.483333,10,2026-09-07T07:00:00+09:00,21.8,0,0.5,0,1.0,0,2.0,45.0,0
60026,柳ケ瀬,136.188333,35.581667,220,2026-09-07T07:00:00+09:00,,,0.0,0,,,,,
60051,今津,136.028333,35.411667,88,2026-09-07T07:00:00+09:00,23.6,0,0.0,0,0.8,0,8.0,180.0,0
60061,長浜,136.241667,35.423333,95,2026-09-07T07:00:00+09:00,22.7,0,0.0,0,1.3,0,2.0,45.0,0
60081,朽木平良,135.83,35.308333,380,2026-09-07T07:00:00+09:00,,,0.0,0,,,,,
60102,米原,136.343333,35.383333,147,2026-09-07T07:00:00+09:00,22.3,0,0.0,0,0.8,0,9.0,202.5,0
60116,南小松,135.956667,35.235,90,2026-09-07T07:00:00+09:00,26.0,0,0.0,0,4.6,0,14.0,315.0,0
60131,彦根,136.243333,35.275,87,2026-09-07T07:00:00+09:00,23.8,0,0.0,0,3.2,0,15.0,337.5,0
60161,近江八幡,136.075,35.111667,90,2026-09-07T07:00:00+09:00,,,0.0,0,,,,,
60196,東近江,136.19,35.061667,128,2026-09-07T07:00:00+09:00,22.6,0,0.0,0,0.3,0,14.0,315.0,0
60216,大津,135.911667,34.991667,86,2026-09-07T07:00:00+09:00,23.5,0,0.0,0,0.9,0,12.0,270.0,0
60226,信楽,136.08,34.913333,265,2026-09-07T07:00:00+09:00,21.6,0,0.0,0,1.3,0,8.0,180.0,0
60236,土山,136.278333,34.938333,248,2026-09-07T07:00:00+09:00,21.7,0,0.0,0,0.3,0,12.0,270.0,0
61001,間人,135.086667,35.736667,42,2026-09-07T07:00:00+09:00,23.7,0,0.0,0,2.2,0,7.0,157.5,0
61031,峰山,135.071667,35.618333,23,2026-09-07T07:00:00+09:00,,,0.0,0,,,,,
61076,宮津,135.235,35.55,2,2026-09-07T07:00:00+09:00,23.0,0,0.5,0,0.5,0,12.0,270.0,0
61096,坂浦,135.086667,35.418333,223,2026-09-07T07:00:00+09:00,,,0.0,0,,,,,
61111,舞鶴,135.316667,35.45,2,2026-09-07T07:00:00+09:00,22.7,0,0.5,0,0.6,0,5.0,112.5,0
61151,睦寄,135.453333,35.381667,175,2026-09-07T07:00:00+09:00,,,0.0,0,,,,,
61187,福知山,135.113333,35.311667,17,2026-09-07T07:00:00+09:00,23.1,0,0.5,0,0.7,0,11.0,247.5,0
61192,三和,135.231667,35.216667,105,2026-09-07T07:00:00+09:00,,,0.5,0,,,,,
61196,綾部山家,135.315,35.296667,87,2026-09-07T07:00:00+09:00,,,0.0,0,,,,,
61201,本庄,135.395,35.26,95,2026-09-07T07:00:00+09:00,,,0.0,0,,,,,
61206,美山,135.55,35.275,200,2026-09-07T07:00:00+09:00,21.7,0,0.0,0,1.2,0,4.0,90.0,0
61241,須知,135.42,35.176667,150,2026-09-07T07:00:00+09:00,,,0.0,0,,,,,
61242,園部,135.455,35.108333,134,2026-09-07T07:00:00+09:00,22.3,0,0.5,0,1.5,0,13.0,292.5,0
61251,京北,135.661667,35.181667,260,2026-09-07T07:00:00+09:00,,,0.0,0,,,,,
61286,京都,135.731667,35.013333,41,2026-09-07T07:00:00+09:00,23.7,0,0.0,0,1.2,0,16.0,0.0,0
61306,長岡京,135.678333,34.93,71,2026-09-07T07:00:00+09:00,,,0.0,0,,,,,
61326,京田辺,135.76,34.83,20,2026-09-07T07:00:00+09:00,23.0,0,0.0,0,0.8,0,1.0,22.5,0
62016,能勢,135.455,34.948333,235,2026-09-07T07:00:00+09:00,21.9,0,0.0,0,2.5,0,2.0,45.0,0
62037,茨木,135.56,34.86,78,2026-09-07T07:00:00+09:00,,,0.0,0,,,,,
62046,枚方,135.671667,34.808333,26,2026-09-07T07:00:00+09:00,23.4,0,0.0,0,1.5,0,3.0,67.5,0
62051,豊中,135.438333,34.783333,12,2026-09-07T07:00:00+09:00,24.2,0,0.0,0,3.5,0,16.0,0.0,0
62078,大阪,135.518333,34.681667,23,2026-09-07T07:00:00+09:00,24.2,0,0.0,0,2.9,0,1.0,22.5,0
62081,生駒山,135.676667,34.675,626,2026-09-07T07:00:00+09:00,19.7,0,0.0,0,2.2,0,3.0,67.5,0
62091,堺,135.485,34.555,20,2026-09-07T07:00:00+09:00,24.6,0,0.0,0,2.6,0,2.0,45.0,0
62096,八尾,135.6,34.596667,10,2026-09-07T07:00:00+09:00,24.7,0,0.0,0,3.0,0,1.0,22.5,0
62101,関空島,135.231667,34.433333,5,2026-09-07T07:00:00+09:00,25.3,0,0.0,0,6.4,0,2.0,45.0,0
62111,河内長野,135.543333,34.423333,160,2026-09-07T07:00:00+09:00,,,0.0,0,,,,,
62131,熊取,135.35,34.385,68,2026-09-07T07:00:00+09:00,23.7,0,0.0,0,2.6,0,1.0,22.5,0
63016,香住,134.626667,35.625,5,2026-09-07T07:00:00+09:00,22.9,0,0.0,0,3.4,0,7.0,157.5,0
63032,温泉,134.48,35.528333,233,2026-09-07T07:00:00+09:00,,,0.0,0,,,,,
63051,豊岡,134.821667,35.535,3,2026-09-07T07:00:00+09:00,22.7,0,0.0,0,0.3,0,11.0,247.5,0
63071,兎和野高原,134.583333,35.431667,540,2026-09-07T07:00:00+09:00,20.4,0,0.5,0,2.1,0,15.0,337.5,0
63111,大屋,134.665,35.331667,150,2026-09-07T07:00:00+09:00,,,0.0,0,,,,,
63116,八鹿,134.74,35.398333,183,2026-09-07T07:00:00+09:00,,,0.0,0,,,,,
63121,和田山,134.848333,35.323333,80,2026-09-07T07:00:00+09:00,22.3,0,1.0,0,0.8,0,1.0,22.5,0
63201,生野,134.791667,35.166667,320,2026-09-07T07:00:00+09:00,21.3,0,0.5,0,2.2,0,3.0,67.5,0
63216,柏原,135.065,35.136667,98,2026-09-07T07:00:00+09:00,23.0,0,0.0,0,2.8,0,1.0,22.5,0
63241,佐用,134.368333,35.016667,120,2026-09-07T07:00:00+09:00,,,0.0,0,,,,,
63251,一宮,134.585,35.096667,195,2026-09-07T07:00:00+09:00,23.3,0,0.0,0,1.5,0,16.0,0.0,0
63321,福崎,134.748333,34.95,72,2026-09-07T07:00:00+09:00,25.1,0,0.0,0,0.6,0,3.0,67.5,0
63331,西脇,134.996667,34.998333,72,2026-09-07T07:00:00+09:00,23.9,0,0.0,0,1.7,0,15.0,337.5,0
63346,後川,135.293333,35.025,330,2026-09-07T07:00:00+09:00,,,0.5,0,,,,,
63366,上郡,134.373333,34.858333,20,2026-09-07T07:00:00+09:00,23.7,0,0.0,0,0.5,0,7.0,157.5,0
63383,姫路,134.67,34.838333,38,2026-09-07T07:00:00+09:00,25.7,0,0.0,0,1.9,0,16.0,0.0,0
63411,三田,135.211667,34.895,150,2026-09-07T07:00:00+09:00,23.0,0,0.0,0,1.2,0,16.0,0.0,0
63461,三木,135.013333,34.776667,145,2026-09-07T07:00:00+09:00,22.7,0,0.0,0,3.0,0,1.0,22.5,0
63477,西宮,135.335,34.75,38,2026-09-07T07:00:00+09:00,,,0.0,0,,,,,
63491,家島,134.526667,34.671667,88,2026-09-07T07:00:00+09:00,25.1,0,0.0,0,1.9,0,1.0,22.5,0
63496,明石,134.876667,34.686667,3,2026-09-07T07:00:00+09:00,24.3,0,0.0,0,3.6,0,2.0,45.0,0
63517,神戸空港,135.223333,34.631667,5,2026-09-07T07:00:00+09:00,26.0,0,0.0,0,5.8,0,2.0,45.0,0
63518,神戸,135.211667,34.696667,5,2026-09-07T07:00:00+09:00,26.6,0,0.0,0,5.7,0,2.0,45.0,0
63551,郡家,134.848333,34.466667,5,2026-09-07T07:00:00+09:00,25.1,0,0.0,0,2.3,0,1.0,22.5,0
63571,洲本,134.848333,34.31,69,2026-09-07T07:00:00+09:00,23.5,0,0.5,0,3.5,0,2.0,45.0,0
63588,南淡,134.72,34.218333,5,2026-09-07T07:00:00+09:00,23.2,0,0.0,0,1.0,0,1.0,22.5,0
64036,奈良,135.836667,34.673333,102,2026-09-07T07:00:00+09:00,23.0,0,0.0,0,1.5,0,2.0,45.0,0
64041,針,135.951667,34.605,468,2026-09-07T07:00:00+09:00,20.4,0,0.0,0,3.1,0,2.0,45.0,0
64056,田原本,135.785,34.555,50,2026-09-07T07:00:00+09:00,,,0.0,0,,,,,
64076,曽爾,136.158333,34.521667,610,2026-09-07T07:00:00+09:00,,,0.0,0,,,,,
64091,葛城,135.703333,34.488333,141,2026-09-07T07:00:00+09:00,,,0.0,0,,,,,
64101,大宇陀,135.931667,34.488333,349,2026-09-07T07:00:00+09:00,20.8,0,0.0,0,0.4,0,16.0,0.0,0
64127,五條,135.73,34.38,190,2026-09-07T07:00:00+09:00,22.4,0,0.0,0,2.8,0,1.0,22.5,0
64136,吉野,135.9,34.378333,188,2026-09-07T07:00:00+09:00,,,0.0,0,,,,,
64161,天川,135.883333,34.27,840,2026-09-07T07:00:00+09:00,,,0.0,0,,,,,
64206,上北山,136.005,34.136667,334,2026-09-07T07:00:00+09:00,20.5,0,0.5,0,0.4,0,2.0,45.0,0
64227,風屋,135.786667,34.045,301,2026-09-07T07:00:00+09:00,21.2,0,0.0,0,0.5,0,16.0,0.0,0
64236,下北山,135.966667,34.003333,249,2026-09-07T07:00:00+09:00,,,0.5,0,,,,,
64262,葛川,135.856667,33.953333,396,2026-09-07T07:00:00+09:00,,,0.0,0,,,,,
65021,葛城山,135.436667,34.346667,840,2026-09-07T07:00:00+09:00,,,0.0,0,,,,,
65026,かつらぎ,135.528333,34.31,142,2026-09-07T07:00:00+09:00,22.5,0,0.0,0,2.1,0,4.0,90.0,0
65036,友ケ島,134.998333,34.28,44,2026-09-07T07:00:00+09:00,24.8,0,0.0,0,4.9,0,2.0,45.0,0
65042,和歌山,135.163333,34.228333,14,2026-09-07T07:00:00+09:00,25.1,0,0.0,0,4.9,0,1.0,22.5,0
65061,高野山,135.59,34.221667,801,2026-09-07T07:00:00+09:00,18.3,0,0.0,0,2.4,0,3.0,67.5,0
65106,湯浅,135.181667,34.035,8,2026-09-07T07:00:00+09:00,,,2.5,0,,,,,
65121,清水,135.425,34.086667,240,2026-09-07T07:00:00+09:00,21.6,0,1.0,0,0.2,0,0.0,0.0,0
65127,護摩壇山,135.566667,34.04,1130,2026-09-07T07:00:00+09:00,,,0.0,0,,,,,
65162,龍神,135.556667,33.945,410,2026-09-07T07:00:00+09:00,21.6,0,0.0,0,1.1,0,14.0,315.0,0
65201,川辺,135.216667,33.893333,84,2026-09-07T07:00:00+09:00,22.2,0,0.0,0,1.4,0,14.0,315.0,0
65226,本宮,135.773333,33.836667,60,2026-09-07T07:00:00+09:00,,,0.5,0,,,,,
65256,栗栖川,135.513333,33.791667,160,2026-09-07T07:00:00+09:00,22.2,0,0.0,0,0.4,0,3.0,67.5,0
65276,新宮,135.97,33.686667,18,2026-09-07T07:00:00+09:00,22.9,0,0.5,0,2.0,0,16.0,0.0,0
65288,南紀白浜,135.363333,33.661667,89,2026-09-07T07:00:00+09:00,24.5,0,0.0,0,2.5,0,14.0,315.0,0
65306,西川,135.71,33.638333,150,2026-09-07T07:00:00+09:00,22.1,0,0.0,0,0.5,0,3.0,67.5,0
65311,色川,135.848333,33.675,275,2026-09-07T07:00:00+09:00,,,0.0,0,,,,,
65321,日置川,135.48,33.605,17,2026-09-07T07:00:00+09:00,,,0.0,0,,,,,
65356,潮岬,135.756667,33.45,68,2026-09-07T07:00:00+09:00,22.8,0,0.0,0,6.2,0,2.0,45.0,0
66046,上長田,133.725,35.296667,430,2026-09-07T07:00:00+09:00,19.9,0,1.0,0,0.8,0,3.0,67.5,0
66056,恩原,133.986667,35.3,734,2026-09-07T07:00:00+09:00,,,0.0,0,,,,,
66091,千屋,133.435,35.103333,525,2026-09-07T07:00:00+09:00,20.0,0,0.0,0,0.9,0,13.0,292.5,0
66112,富,133.805,35.178333,480,2026-09-07T07:00:00+09:00,,,0.5,0,,,,,
66127,奈義,134.17,35.111667,212,2026-09-07T07:00:00+09:00,23.0,0,0.0,0,3.0,0,8.0,180.0,0
66136,今岡,134.325,35.098333,207,2026-09-07T07:00:00+09:00,23.6,0,0.0,0,0.8,0,9.0,202.5,0
66171,久世,133.753333,35.068333,144,2026-09-07T07:00:00+09:00,23.7,0,0.0,0,2.2,0,13.0,292.5,0
66186,津山,134.008333,35.063333,146,2026-09-07T07:00:00+09:00,24.2,0,0.0,0,1.5,0,15.0,337.5,0
66221,新見,133.518333,34.943333,393,2026-09-07T07:00:00+09:00,20.3,0,0.0,0,1.3,0,13.0,292.5,0
66226,下呰部,133.628333,34.965,180,2026-09-07T07:00:00+09:00,,,0.0,0,,,,,
66237,旭西,133.811667,34.961667,230,2026-09-07T07:00:00+09:00,,,0.0,0,,,,,
66251,赤磐,134.081667,34.918333,56,2026-09-07T07:00:00+09:00,,,0.0,0,,,,,
66276,陣山,133.523333,34.828333,529,2026-09-07T07:00:00+09:00,,,0.0,0,,,,,
66287,吉備中央,133.705,34.816667,340,2026-09-07T07:00:00+09:00,,,0.0,0,,,,,
66296,福渡,133.903333,34.866667,63,2026-09-07T07:00:00+09:00,22.4,0,0.0,0,0.4,0,4.0,90.0,0
66306,和気,134.183333,34.815,35,2026-09-07T07:00:00+09:00,22.7,0,0.0,0,0.9,0,1.0,22.5,0
66336,高梁,133.61,34.791667,60,2026-09-07T07:00:00+09:00,23.0,0,0.0,0,1.2,0,16.0,0.0,0
66346,日応寺,133.855,34.756667,239,2026-09-07T07:00:00+09:00,23.2,0,0.0,0,2.7,0,15.0,337.5,0
66381,佐屋,133.445,34.685,390,2026-09-07T07:00:00+09:00,,,0.0,0,,,,,
66391,矢掛,133.618333,34.616667,18,2026-09-07T07:00:00+09:00,,,0.0,0,,,,,
66408,岡山,133.925,34.685,5,2026-09-07T07:00:00+09:00,24.1,0,0.0,0,1.1,0,13.0,292.5,0
66421,虫明,134.206667,34.681667,10,2026-09-07T07:00:00+09:00,23.6,0,0.0,0,0.3,0,14.0,315.0,0
66446,倉敷,133.768333,34.59,3,2026-09-07T07:00:00+09:00,24.4,0,0.0,0,0.2,0,0.0,0.0,0
66481,笠岡,133.495,34.501667,0,2026-09-07T07:00:00+09:00,25.0,0,0.0,0,1.2,0,16.0,0.0,0
66501,玉野,133.95,34.486667,2,2026-09-07T07:00:00+09:00,25.4,0,0.0,0,1.5,0,15.0,337.5,0
67016,高野,132.901667,35.033333,570,2026-09-07T07:00:00+09:00,19.8,0,0.0,0,2.0,0,16.0,0.0,0
67026,道後山,133.188333,35.056667,729,2026-09-07T07:00:00+09:00,,,0.5,0,,,,,
67052,君田,132.83,34.928333,304,2026-09-07T07:00:00+09:00,,,0.0,0,,,,,
67106,三次,132.85,34.811667,159,2026-09-07T07:00:00+09:00,21.6,0,0.5,0,0.6,0,15.0,337.5,0
67116,庄原,133.023333,34.86,300,2026-09-07T07:00:00+09:00,21.6,0,0.0,0,0.5,0,1.0,22.5,0
67126,東城,133.276667,34.895,310,2026-09-07T07:00:00+09:00,,,0.0,0,,,,,
67136,八幡,132.173333,34.708333,774,2026-09-07T07:00:00+09:00,,,1.0,0,,,,,
67151,大朝,132.463333,34.768333,399,2026-09-07T07:00:00+09:00,20.4,0,0.0,0,1.4,0,12.0,270.0,0
67161,美土里,132.655,34.721667,318,2026-09-07T07:00:00+09:00,,,0.0,0,,,,,
67191,油木,133.278333,34.763333,510,2026-09-07T07:00:00+09:00,19.8,0,0.0,0,1.5,0,3.0,67.5,0
67211,王泊,132.311667,34.698333,525,2026-09-07T07:00:00+09:00,,,0.0,0,,,,,
67212,加計,132.32,34.61,210,2026-09-07T07:00:00+09:00,21.9,0,0.0,0,0.3,0,14.0,315.0,0
67217,都志見,132.443333,34.646667,400,2026-09-07T07:00:00+09:00,,,0.0,0,,,,,
67231,甲田,132.76,34.695,185,2026-09-07T07:00:00+09:00,,,0.0,0,,,,,
67251,上下,133.116667,34.693333,384,2026-09-07T07:00:00+09:00,,,0.0,0,,,,,
67271,内黒山,132.176667,34.596667,987,2026-09-07T07:00:00+09:00,,,0.5,0,,,,,
67292,三入,132.53,34.545,70,2026-09-07T07:00:00+09:00,23.4,0,0.0,0,1.1,0,3.0,67.5,0
67306,安宿,132.838333,34.566667,363,2026-09-07T07:00:00+09:00,,,0.5,0,,,,,
67316,世羅,133.05,34.583333,350,2026-09-07T07:00:00+09:00,20.7,0,0.0,0,1.3,0,11.0,247.5,0
67326,府中,133.231667,34.561667,70,2026-09-07T07:00:00+09:00,25.0,0,0.0,0,1.2,0,5.0,112.5,0
67351,佐伯湯来,132.29,34.498333,206,2026-09-07T07:00:00+09:00,,,0.0,0,,,,,
67371,志和,132.66,34.498333,215,2026-09-07T07:00:00+09:00,,,0.0,0,,,,,
67376,東広島,132.7,34.416667,224,2026-09-07T07:00:00+09:00,22.3,0,0.0,0,5.2,0,1.0,22.5,0
67386,本郷,132.918333,34.435,331,2026-09-07T07:00:00+09:00,22.4,0,0.0,0,5.1,0,1.0,22.5,0
67401,福山,133.246667,34.446667,2,2026-09-07T07:00:00+09:00,24.4,0,0.0,0,1.1,0,2.0,45.0,0
67421,廿日市津田,132.19,34.365,317,2026-09-07T07:00:00+09:00,22.7,0,0.0,0,1.4,0,9.0,202.5,0
67437,広島,132.461667,34.398333,4,2026-09-07T07:00:00+09:00,25.1,0,0.0,0,6.5,0,1.0,22.5,0
67461,竹原,132.981667,34.33,5,2026-09-07T07:00:00+09:00,24.3,0,0.0,0,2.3,0,1.0,22.5,0
67471,生口島,133.123333,34.278333,3,2026-09-07T07:00:00+09:00,25.4,0,0.0,0,3.2,0,16.0,0.0,0
67496,大竹,132.22,34.221667,1,2026-09-07T07:00:00+09:00,26.5,0,0.0,0,3.7,0,2.0,45.0,0
67511,呉,132.55,34.24,4,2026-09-07T07:00:00+09:00,25.8,0,0.0,0,3.2,0,2.0,45.0,0
67566,倉橋,132.488333,34.091667,3,2026-09-07T07:00:00+09:00,,,0.0,0,,,,,
67576,呉市蒲刈,132.748333,34.165,48,2026-09-07T07:00:00+09:00,24.6,0,0.0,0,4.5,0,4.0,90.0,0
68022,西郷,133.333333,36.203333,27,2026-09-07T07:00:00+09:00,21.0,0,1.5,0,1.6,0,15.0,337.5,0
68046,西郷岬,133.323333,36.178333,80,2026-09-07T07:00:00+09:00,21.2,0,0.5,0,3.8,0,16.0,0.0,0
68056,海士,133.096667,36.096667,3,2026-09-07T07:00:00+09:00,22.1,0,0.0,0,0.7,0,4.0,90.0,0
68091,鹿島,132.983333,35.52,3,2026-09-07T07:00:00+09:00,23.9,0,0.0,0,1.1,0,9.0,202.5,0
68121,斐川,132.89,35.413333,2,2026-09-07T07:00:00+09:00,24.4,0,0.0,0,4.9,0,1.0,22.5,0
68132,松江,133.065,35.456667,17,2026-09-07T07:00:00+09:00,23.3,0,0.0,0,1.2,0,10.0,225.0,0
68156,出雲,132.73,35.331667,20,2026-09-07T07:00:00+09:00,22.6,0,0.0,0,2.1,0,5.0,112.5,0
68166,大東,132.965,35.318333,56,2026-09-07T07:00:00+09:00,,,0.0,0,,,,,
68181,伯太,133.273333,35.35,23,2026-09-07T07:00:00+09:00,,,1.0,0,,,,,
68206,佐田,132.723333,35.221667,100,2026-09-07T07:00:00+09:00,,,0.0,0,,,,,
68246,大田,132.496667,35.19,30,2026-09-07T07:00:00+09:00,23.5,0,0.0,0,0.9,0,16.0,0.0,0
68261,掛合,132.815,35.196667,215,2026-09-07T07:00:00+09:00,20.8,0,0.0,0,0.5,0,6.0,135.0,0
68276,横田,133.103333,35.173333,369,2026-09-07T07:00:00+09:00,20.1,0,0.0,0,0.8,0,14.0,315.0,0
68286,福光,132.333333,35.07,8,2026-09-07T07:00:00+09:00,,,0.0,0,,,,,
68306,赤名,132.711667,35.001667,444,2026-09-07T07:00:00+09:00,20.7,0,0.0,0,3.1,0,15.0,337.5,0
68346,桜江,132.333333,34.953333,32,2026-09-07T07:00:00+09:00,,,0.5,0,,,,,
68351,川本,132.491667,34.976667,132,2026-09-07T07:00:00+09:00,21.2,0,0.5,0,0.7,0,10.0,225.0,0
68376,浜田,132.07,34.896667,19,2026-09-07T07:00:00+09:00,22.0,0,0.5,0,2.6,0,3.0,67.5,0
68401,瑞穂,132.53,34.853333,327,2026-09-07T07:00:00+09:00,20.3,0,0.0,0,1.6,0,11.0,247.5,0
68421,三隅,131.948333,34.795,9,2026-09-07T07:00:00+09:00,,,0.0,0,,,,,
68431,弥栄,132.108333,34.776667,380,2026-09-07T07:00:00+09:00,20.0,0,0.5,0,2.3,0,16.0,0.0,0
68436,波佐,132.196667,34.78,370,2026-09-07T07:00:00+09:00,,,0.5,0,,,,,
68456,高津,131.79,34.675,54,2026-09-07T07:00:00+09:00,22.9,0,0.0,0,2.7,0,3.0,67.5,0
68462,益田,131.85,34.686667,22,2026-09-07T07:00:00+09:00,23.0,0,0.0,0,1.2,0,16.0,0.0,0
68501,匹見,132.016667,34.571667,259,2026-09-07T07:00:00+09:00,,,0.0,0,,,,,
68516,津和野,131.77,34.461667,165,2026-09-07T07:00:00+09:00,21.4,0,0.5,0,2.3,0,15.0,337.5,0
68541,吉賀,131.893333,34.391667,250,2026-09-07T07:00:00+09:00,21.4,0,0.0,0,2.5,0,3.0,67.5,0
69006,境,133.235,35.543333,2,2026-09-07T07:00:00+09:00,24.6,0,0.0,0,2.6,0,16.0,0.0,0
69021,塩津,133.566667,35.523333,15,2026-09-07T07:00:00+09:00,22.4,0,0.5,0,2.9,0,7.0,157.5,0
69041,青谷,133.996667,35.52,13,2026-09-07T07:00:00+09:00,22.4,0,0.5,0,2.1,0,8.0,180.0,0
69052,湖山,134.165,35.53,15,2026-09-07T07:00:00+09:00,22.3,0,0.5,0,0.9,0,7.0,157.5,0
69061,岩井,134.36,35.558333,19,2026-09-07T07:00:00+09:00,22.0,0,0.0,0,1.5,0,3.0,67.5,0
69076,米子,133.338333,35.433333,7,2026-09-07T07:00:00+09:00,22.1,0,2.5,0,1.7,0,9.0,202.5,0
69101,倉吉,133.838333,35.473333,8,2026-09-07T07:00:00+09:00,21.6,0,0.5,0,3.2,0,8.0,180.0,0
69111,鹿野,134.016667,35.413333,210,2026-09-07T07:00:00+09:00,,,0.0,0,,,,,
69122,鳥取,134.238333,35.486667,7,2026-09-07T07:00:00+09:00,22.4,0,0.0,0,1.4,0,7.0,157.5,0
69152,大山,133.536667,35.393333,875,2026-09-07T07:00:00+09:00,,,4.5,0,,,,,
69161,関金,133.756667,35.378333,150,2026-09-07T07:00:00+09:00,,,0.5,0,,,,,
69181,佐治,134.113333,35.328333,210,2026-09-07T07:00:00+09:00,,,0.0,0,,,,,
69196,若桜,134.405,35.333333,231,2026-09-07T07:00:00+09:00,,,0.0,0,,,,,
69222,江尾,133.483333,35.288333,155,2026-09-07T07:00:00+09:00,,,0.0,0,,,,,
69246,智頭,134.24,35.263333,182,2026-09-07T07:00:00+09:00,21.4,0,1.0,0,0.8,0,11.0,247.5,0
69271,茶屋,133.23,35.186667,490,2026-09-07T07:00:00+09:00,19.7,0,0.0,0,0.6,0,10.0,225.0,0
71066,池田,133.795,34.023333,214,2026-09-07T07:00:00+09:00,21.6,0,0.5,0,1.8,0,3.0,67.5,0
71087,穴吹,134.156667,34.04,160,2026-09-07T07:00:00+09:00,21.8,0,0.0,0,0.6,0,1.0,22.5,0
71106,徳島,134.573333,34.066667,2,2026-09-07T07:00:00+09:00,24.7,0,0.0,0,3.6,0,15.0,337.5,0
71136,半田,134.036667,33.99,228,2026-09-07T07:00:00+09:00,,,0.5,0,,,,,
71192,東祖谷,133.978333,33.87,781,2026-09-07T07:00:00+09:00,19.6,0,0.0,0,0.8,0,3.0,67.5,0
71211,福原旭,134.388333,33.878333,290,2026-09-07T07:00:00+09:00,,,0.5,0,,,,,
71231,蒲生田,134.741667,33.836667,10,2026-09-07T07:00:00+09:00,24.9,0,0.0,0,5.9,0,2.0,45.0,0
71251,木頭,134.198333,33.771667,363,2026-09-07T07:00:00+09:00,21.5,0,0.0,0,0.4,0,7.0,157.5,0
71266,日和佐,134.538333,33.731667,3,2026-09-07T07:00:00+09:00,23.9,0,0.5,0,1.8,0,7.0,157.5,0
71291,海陽,134.355,33.611667,5,2026-09-07T07:00:00+09:00,24.1,0,0.0,0,1.5,0,16.0,0.0,0
72061,内海,134.273333,34.471667,20,2026-09-07T07:00:00+09:00,25.5,0,0.0,0,1.4,0,6.0,135.0,0
72086,高松,134.053333,34.318333,9,2026-09-07T07:00:00+09:00,24.5,0,0.0,0,1.9,0,16.0,0.0,0
72111,多度津,133.751667,34.275,4,2026-09-07T07:00:00+09:00,25.1,0,0.0,0,1.5,0,3.0,67.5,0
72121,滝宮,133.923333,34.236667,60,2026-09-07T07:00:00+09:00,22.6,0,0.0,0,0.7,0,4.0,90.0,0
72126,香南,134.015,34.213333,185,2026-09-07T07:00:00+09:00,22.1,0,1.0,0,2.2,0,3.0,67.5,0
72146,引田,134.406667,34.213333,12,2026-09-07T07:00:00+09:00,24.5,0,0.0,0,3.3,0,2.0,45.0,0
72161,財田,133.771667,34.12,65,2026-09-07T07:00:00+09:00,22.8,0,0.0,0,2.0,0,1.0,22.5,0
72176,竜王山,134.05,34.113333,1040,2026-09-07T07:00:00+09:00,,,0.5,0,,,,,
73001,大三島,133.006667,34.25,9,2026-09-07T07:00:00+09:00,23.0,0,0.0,0,1.0,0,2.0,45.0,0
73071,玉川,132.94,34.018333,67,2026-09-07T07:00:00+09:00,,,2.0,0,,,,,
73076,今治,132.975,34.053333,27,2026-09-07T07:00:00+09:00,24.3,0,0.0,0,4.6,0,3.0,67.5,0
73126,西条,133.08,33.915,4,2026-09-07T07:00:00+09:00,23.3,0,0.0,0,1.0,0,6.0,135.0,0
73141,新居浜,133.338333,33.936667,90,2026-09-07T07:00:00+09:00,22.5,0,1.5,0,1.0,0,5.0,112.5,0
73151,四国中央,133.581667,33.981667,75,2026-09-07T07:00:00+09:00,22.6,0,1.0,0,0.6,0,10.0,225.0,0
73152,富郷,133.51,33.915,310,2026-09-07T07:00:00+09:00,,,1.0,0,,,,,
73166,松山,132.776667,33.843333,32,2026-09-07T07:00:00+09:00,25.0,0,0.0,0,0.8,0,2.0,45.0,0
73168,松山南吉田,132.698333,33.826667,4,2026-09-07T07:00:00+09:00,25.1,0,0.0,0,4.5,0,1.0,22.5,0
73231,上林,132.89,33.738333,460,2026-09-07T07:00:00+09:00,,,0.0,0,,,,,
73247,成就社,133.131667,33.795,1280,2026-09-07T07:00:00+09:00,,,0.5,0,,,,,
73256,長浜,132.48,33.616667,4,2026-09-07T07:00:00+09:00,25.1,0,0.0,0,6.1,0,2.0,45.0,0
73271,中山,132.708333,33.638333,163,2026-09-07T07:00:00+09:00,,,0.0,0,,,,,
73276,久万,132.895,33.663333,511,2026-09-07T07:00:00+09:00,21.4,0,0.0,0,0.4,0,16.0,0.0,0
73306,大洲,132.535,33.508333,20,2026-09-07T07:00:00+09:00,23.9,0,0.0,0,1.2,0,11.0,247.5,0
73321,獅子越峠,132.831667,33.543333,1000,2026-09-07T07:00:00+09:00,,,0.0,0,,,,,
73341,瀬戸,132.256667,33.446667,143,2026-09-07T07:00:00+09:00,23.9,0,0.0,0,5.6,0,1.0,22.5,0
73351,八幡浜,132.433333,33.448333,8,2026-09-07T07:00:00+09:00,,,0.0,0,,,,,
73406,宇和,132.503333,33.366667,200,2026-09-07T07:00:00+09:00,24.1,0,0.0,0,1.3,0,14.0,315.0,0
73442,宇和島,132.551667,33.226667,2,2026-09-07T07:00:00+09:00,24.7,0,0.0,0,0.9,0,7.0,157.5,0
73446,近永,132.675,33.253333,129,2026-09-07T07:00:00+09:00,24.1,0,0.0,0,0.3,0,14.0,315.0,0
73516,御荘,132.57,32.963333,12,2026-09-07T07:00:00+09:00,25.3,0,0.0,0,0.5,0,3.0,67.5,0
74056,本川,133.338333,33.765,605,2026-09-07T07:00:00+09:00,20.5,0,0.5,0,0.4,0,5.0,112.5,0
74071,本山,133.575,33.753333,252,2026-09-07T07:00:00+09:00,22.1,0,0.0,0,0.2,0,0.0,0.0,0
74101,池川,133.17,33.606667,141,2026-09-07T07:00:00+09:00,,,0.0,0,,,,,
74126,繁藤,133.685,33.678333,346,2026-09-07T07:00:00+09:00,,,0.0,0,,,,,
74136,大栃,133.875,33.698333,210,2026-09-07T07:00:00+09:00,22.9,0,0.0,0,0.6,0,3.0,67.5,0
74151,魚梁瀬,134.108333,33.615,450,2026-09-07T07:00:00+09:00,,,0.0,0,,,,,
74166,佐川,133.271667,33.511667,80,2026-09-07T07:00:00+09:00,,,0.0,0,,,,,
74182,高知,133.548333,33.566667,1,2026-09-07T07:00:00+09:00,25.3,0,0.0,0,3.0,0,12.0,270.0,0
74187,後免,133.643333,33.59,12,2026-09-07T07:00:00+09:00,25.3,0,0.0,0,0.8,0,12.0,270.0,0
74188,南国日章,133.668333,33.545,9,2026-09-07T07:00:00+09:00,26.7,0,0.0,0,4.0,0,16.0,0.0,0
74237,船戸,133.088333,33.416667,425,2026-09-07T07:00:00+09:00,,,0.0,0,,,,,
74238,鳥形山,133.083333,33.48,835,2026-09-07T07:00:00+09:00,,,0.0,0,,,,,
74271,安芸,133.933333,33.488333,6,2026-09-07T07:00:00+09:00,25.6,0,0.0,0,0.5,0,16.0,0.0,0
74276,田野,134.006667,33.426667,17,2026-09-07T07:00:00+09:00,,,0.0,0,,,,,
74296,梼原,132.921667,33.39,415,2026-09-07T07:00:00+09:00,21.4,0,0.0,0,0.2,0,0.0,0.0,0
74311,須崎,133.276667,33.385,4,2026-09-07T07:00:00+09:00,23.7,0,0.0,0,3.1,0,14.0,315.0,0
74336,佐喜浜,134.198333,33.411667,26,2026-09-07T07:00:00+09:00,,,0.0,0,,,,,
74361,窪川,133.128333,33.206667,205,2026-09-07T07:00:00+09:00,22.6,0,0.0,0,0.5,0,8.0,180.0,0
74372,室戸岬,134.176667,33.251667,185,2026-09-07T07:00:00+09:00,24.6,0,0.0,0,11.4,0,3.0,67.5,0
74381,江川崎,132.791667,33.17,72,2026-09-07T07:00:00+09:00,23.9,0,0.0,0,0.4,0,11.0,247.5,0
74391,大正,132.971667,33.193333,150,2026-09-07T07:00:00+09:00,,,0.0,0,,,,,
74436,佐賀,133.101667,33.078333,3,2026-09-07T07:00:00+09:00,24.1,0,0.0,0,2.0,0,14.0,315.0,0
74447,宿毛,132.716667,32.905,21,2026-09-07T07:00:00+09:00,23.9,0,0.0,0,0.4,0,2.0,45.0,0
74456,中村,132.92,32.99,8,2026-09-07T07:00:00+09:00,24.1,0,0.0,0,1.2,0,10.0,225.0,0
74506,三崎,132.871667,32.795,9,2026-09-07T07:00:00+09:00,,,0.0,0,,,,,
74516,清水,133.01,32.721667,31,2026-09-07T07:00:00+09:00,27.3,0,0.0,0,1.7,0,16.0,0.0,0
81011,須佐,131.623333,34.615,50,2026-09-07T07:00:00+09:00,22.2,0,0.0,0,1.3,0,4.0,90.0,0
81071,萩,131.405,34.41,2,2026-09-07T07:00:00+09:00,24.3,0,0.0,0,2.2,0,3.0,67.5,0
81116,油谷,131.055,34.37,20,2026-09-07T07:00:00+09:00,24.5,0,0.0,0,6.7,0,3.0,67.5,0
81146,篠生,131.626667,34.338333,264,2026-09-07T07:00:00+09:00,,,0.0,0,,,,,
81151,徳佐,131.725,34.398333,310,2026-09-07T07:00:00+09:00,20.6,0,0.0,0,2.3,0,1.0,22.5,0
81167,羅漢山,132.063333,34.35,945,2026-09-07T07:00:00+09:00,,,0.5,0,,,,,
81196,秋吉台,131.306667,34.235,240,2026-09-07T07:00:00+09:00,22.6,0,0.0,0,4.9,0,1.0,22.5,0
81228,鹿野,131.815,34.225,368,2026-09-07T07:00:00+09:00,,,0.0,0,,,,,
81231,広瀬,131.951667,34.261667,97,2026-09-07T07:00:00+09:00,23.6,0,0.0,0,0.5,0,4.0,90.0,0
81266,豊田,131.076667,34.186667,40,2026-09-07T07:00:00+09:00,24.4,0,0.0,0,3.5,0,16.0,0.0,0
81271,東厚保,131.181667,34.118333,56,2026-09-07T07:00:00+09:00,,,0.0,0,,,,,
81286,山口,131.461667,34.161667,18,2026-09-07T07:00:00+09:00,25.6,0,0.0,0,2.5,0,2.0,45.0,0
81301,和田,131.753333,34.17,154,2026-09-07T07:00:00+09:00,,,0.0,0,,,,,
81321,岩国,132.178333,34.155,41,2026-09-07T07:00:00+09:00,25.3,0,0.0,0,2.3,0,1.0,22.5,0
81371,防府,131.533333,34.04,4,2026-09-07T07:00:00+09:00,25.6,0,0.0,0,1.3,0,14.0,315.0,0
81386,下松,131.871667,34.01,27,2026-09-07T07:00:00+09:00,24.5,0,0.0,0,0.6,0,14.0,315.0,0
81397,玖珂,132.075,34.095,68,2026-09-07T07:00:00+09:00,25.5,0,0.0,0,1.4,0,3.0,67.5,0
81428,下関,130.925,33.948333,3,2026-09-07T07:00:00+09:00,26.2,0,0.0,0,2.8,0,3.0,67.5,0
81436,宇部,131.278333,33.93,5,2026-09-07T07:00:00+09:00,25.4,0,0.0,0,0.8,0,4.0,90.0,0
81481,柳井,132.113333,33.958333,3,2026-09-07T07:00:00+09:00,25.7,0,0.0,0,3.3,0,2.0,45.0,0
81486,安下庄,132.293333,33.903333,5,2026-09-07T07:00:00+09:00,25.8,0,0.0,0,2.9,0,2.0,45.0,0
82036,小呂島,130.035,33.863333,49,2026-09-07T07:00:00+09:00,,,0.0,0,,,,,
82046,宗像,130.538333,33.808333,7,2026-09-07T07:00:00+09:00,25.6,0,0.0,0,4.7,0,1.0,22.5,0
82056,八幡,130.743333,33.851667,20,2026-09-07T07:00:00+09:00,26.0,0,0.0,0,1.2,0,2.0,45.0,0
82068,空港北町,131.035,33.845,7,2026-09-07T07:00:00+09:00,26.2,0,0.0,0,2.7,0,4.0,90.0,0
82097,東谷,130.865,33.778333,55,2026-09-07T07:00:00+09:00,,,0.0,0,,,,,
82101,行橋,130.975,33.713333,9,2026-09-07T07:00:00+09:00,23.7,0,0.0,0,1.3,0,12.0,270.0,0
82136,飯塚,130.693333,33.651667,37,2026-09-07T07:00:00+09:00,23.7,0,0.0,0,0.5,0,12.0,270.0,0
82171,前原,130.19,33.56,5,2026-09-07T07:00:00+09:00,25.5,0,0.0,0,4.0,0,1.0,22.5,0
82182,福岡,130.375,33.581667,3,2026-09-07T07:00:00+09:00,26.2,0,0.0,0,3.5,0,1.0,22.5,0
82186,博多,130.451667,33.583333,9,2026-09-07T07:00:00+09:00,25.4,0,0.0,0,1.3,0,2.0,45.0,0
82191,太宰府,130.49,33.496667,52,2026-09-07T07:00:00+09:00,25.3,0,0.0,0,0.6,0,9.0,202.5,0
82206,添田,130.855,33.558333,92,2026-09-07T07:00:00+09:00,23.6,0,0.0,0,1.0,0,3.0,67.5,0
82241,早良脇山,130.353333,33.488333,83,2026-09-07T07:00:00+09:00,,,0.0,0,,,,,
82261,朝倉,130.695,33.406667,38,2026-09-07T07:00:00+09:00,25.0,0,0.0,0,1.3,0,3.0,67.5,0
82272,英彦山,130.923333,33.488333,823,2026-09-07T07:00:00+09:00,,,0.0,0,,,,,
82306,久留米,130.493333,33.303333,7,2026-09-07T07:00:00+09:00,25.5,0,0.0,0,3.5,0,1.0,22.5,0
82316,耳納山,130.625,33.291667,607,2026-09-07T07:00:00+09:00,,,0.0,0,,,,,
82317,黒木,130.645,33.225,144,2026-09-07T07:00:00+09:00,24.0,0,0.0,0,2.0,0,1.0,22.5,0
82331,柳川,130.403333,33.16,7,2026-09-07T07:00:00+09:00,,,0.0,0,,,,,
82361,大牟田,130.466667,33.006667,40,2026-09-07T07:00:00+09:00,24.0,0,0.5,0,1.5,0,1.0,22.5,0
83021,国見,131.575,33.678333,53,2026-09-07T07:00:00+09:00,22.4,0,0.5,0,1.8,0,7.0,157.5,0
83051,中津,131.245,33.586667,12,2026-09-07T07:00:00+09:00,23.0,0,3.0,0,0.9,1,15.0,337.5,1
83061,豊後高田,131.433333,33.57,5,2026-09-07T07:00:00+09:00,23.0,0,0.5,0,1.2,0,2.0,45.0,0
83096,耶馬渓,131.115,33.445,100,2026-09-07T07:00:00+09:00,,,0.5,0,,,,,
83106,院内,131.316667,33.42,90,2026-09-07T07:00:00+09:00,22.2,0,1.0,0,1.1,0,3.0,67.5,0
83121,杵築,131.596667,33.416667,5,2026-09-07T07:00:00+09:00,23.4,0,0.0,0,0.9,0,13.0,292.5,0
83126,武蔵,131.736667,33.478333,5,2026-09-07T07:00:00+09:00,23.5,0,0.0,0,4.1,0,15.0,337.5,0
83137,日田,130.928333,33.321667,83,2026-09-07T07:00:00+09:00,24.5,0,0.0,0,2.1,0,5.0,112.5,0
83191,玖珠,131.155,33.291667,331,2026-09-07T07:00:00+09:00,21.5,0,0.5,0,1.1,0,15.0,337.5,0
83201,湯布院,131.346667,33.253333,435,2026-09-07T07:00:00+09:00,21.2,0,0.0,0,1.2,0,1.0,22.5,0
83216,大分,131.618333,33.235,5,2026-09-07T07:00:00+09:00,24.2,0,0.0,0,2.7,0,14.0,315.0,0
83226,佐賀関,131.865,33.248333,1,2026-09-07T07:00:00+09:00,,,0.0,0,,,,,
83242,椿ヶ鼻,130.915,33.19,843,2026-09-07T07:00:00+09:00,,,0.5,0,,,,,
83286,臼杵,131.796667,33.131667,30,2026-09-07T07:00:00+09:00,,,0.0,0,,,,,
83341,犬飼,131.631667,33.065,121,2026-09-07T07:00:00+09:00,22.3,0,0.5,0,1.1,0,16.0,0.0,0
83371,竹田,131.398333,32.973333,261,2026-09-07T07:00:00+09:00,21.7,0,1.0,0,0.5,0,4.0,90.0,0
83401,佐伯,131.901667,32.95,2,2026-09-07T07:00:00+09:00,23.4,0,0.0,0,1.6,0,9.0,202.5,0
83431,宇目,131.675,32.845,200,2026-09-07T07:00:00+09:00,22.1,0,0.0,0,0.3,0,11.0,247.5,0
83476,蒲江,131.923333,32.795,2,2026-09-07T07:00:00+09:00,24.8,0,0.0,0,4.0,0,16.0,0.0,0
84012,鰐浦,129.445,34.698333,63,2026-09-07T07:00:00+09:00,25.0,0,0.0,0,6.5,0,4.0,90.0,0
84072,厳原,129.291667,34.196667,5,2026-09-07T07:00:00+09:00,25.0,0,0.0,0,4.1,0,15.0,337.5,0
84076,美津島,129.33,34.285,63,2026-09-07T07:00:00+09:00,24.7,0,0.0,0,6.4,0,1.0,22.5,0
84121,芦辺,129.721667,33.8,97,2026-09-07T07:00:00+09:00,23.9,0,0.0,0,5.5,0,2.0,45.0,0
84122,石田,129.785,33.748333,12,2026-09-07T07:00:00+09:00,24.7,0,0.0,0,10.5,0,1.0,22.5,0
84171,平戸,129.55,33.36,58,2026-09-07T07:00:00+09:00,25.3,0,0.0,0,7.1,0,1.0,22.5,0
84183,松浦,129.711667,33.341667,14,2026-09-07T07:00:00+09:00,26.0,0,0.0,0,6.3,0,2.0,45.0,0
84266,佐世保,129.726667,33.158333,4,2026-09-07T07:00:00+09:00,26.1,0,0.5,0,4.0,0,1.0,22.5,0
84306,西海,129.651667,33.013333,18,2026-09-07T07:00:00+09:00,26.6,0,0.0,0,2.1,0,2.0,45.0,0
84341,有川,129.118333,32.981667,11,2026-09-07T07:00:00+09:00,26.4,0,0.0,0,5.3,0,1.0,22.5,0
84361,長浦岳,129.738333,32.908333,510,2026-09-07T07:00:00+09:00,,,0.0,0,,,,,
84371,大村,129.913333,32.916667,3,2026-09-07T07:00:00+09:00,27.0,0,0.0,0,5.7,0,1.0,22.5,0
84441,諫早,130.025,32.843333,15,2026-09-07T07:00:00+09:00,,,0.0,0,,,,,
84496,長崎,129.866667,32.733333,27,2026-09-07T07:00:00+09:00,26.6,0,0.0,0,1.5,0,1.0,22.5,0
84519,雲仙岳,130.261667,32.736667,678,2026-09-07T07:00:00+09:00,20.5,0,0.0,0,8.6,0,2.0,45.0,0
84523,島原,130.361667,32.76,14,2026-09-07T07:00:00+09:00,25.0,0,0.0,0,5.0,0,15.0,337.5,0
84536,福江,128.826667,32.693333,25,2026-09-07T07:00:00+09:00,26.4,0,0.0,0,5.1,0,16.0,0.0,0
84537,上大津,128.831667,32.665,77,2026-09-07T07:00:00+09:00,25.9,0,0.0,0,8.2,0,16.0,0.0,0
84561,口之津,130.193333,32.611667,13,2026-09-07T07:00:00+09:00,26.0,0,0.0,0,2.3,0,16.0,0.0,0
84597,脇岬,129.776667,32.581667,4,2026-09-07T07:00:00+09:00,27.0,0,0.0,0,1.8,0,3.0,67.5,0
85033,唐津,129.955,33.458333,23,2026-09-07T07:00:00+09:00,25.3,0,0.0,0,4.6,0,16.0,0.0,0
85046,北山,130.22,33.413333,339,2026-09-07T07:00:00+09:00,,,0.0,0,,,,,
85106,鳥栖,130.516667,33.385,25,2026-09-07T07:00:00+09:00,,,0.0,0,,,,,
85116,伊万里,129.878333,33.266667,25,2026-09-07T07:00:00+09:00,26.0,0,0.0,0,4.0,0,1.0,22.5,0
85142,佐賀,130.305,33.265,6,2026-09-07T07:00:00+09:00,25.8,0,0.0,0,5.6,0,3.0,67.5,0
85161,嬉野,129.995,33.116667,81,2026-09-07T07:00:00+09:00,23.8,0,0.0,0,0.7,0,14.0,315.0,0
85166,白石,130.148333,33.183333,2,2026-09-07T07:00:00+09:00,25.5,0,0.0,0,1.0,0,8.0,180.0,0
85176,川副,130.301667,33.148333,2,2026-09-07T07:00:00+09:00,25.5,0,0.0,0,6.3,0,2.0,45.0,0
86006,鹿北,130.691667,33.115,119,2026-09-07T07:00:00+09:00,23.3,0,0.0,0,3.6,0,14.0,315.0,0
86066,南小国,131.066667,33.103333,448,2026-09-07T07:00:00+09:00,21.0,0,1.5,0,1.7,0,14.0,315.0,0
86086,岱明,130.511667,32.915,15,2026-09-07T07:00:00+09:00,24.4,0,0.0,0,2.6,0,16.0,0.0,0
86101,菊池,130.781667,32.945,83,2026-09-07T07:00:00+09:00,23.9,0,0.0,0,2.0,0,2.0,45.0,0
86111,阿蘇乙姫,131.04,32.946667,487,2026-09-07T07:00:00+09:00,21.4,0,0.0,0,2.8,0,4.0,90.0,0
86141,熊本,130.706667,32.813333,38,2026-09-07T07:00:00+09:00,25.4,0,0.0,0,2.4,0,2.0,45.0,0
86146,益城,130.855,32.836667,193,2026-09-07T07:00:00+09:00,22.8,0,7.0,0,5.0,0,2.0,45.0,0
86157,南阿蘇,131.013333,32.831667,394,2026-09-07T07:00:00+09:00,21.8,0,0.5,0,1.0,0,10.0,225.0,0
86161,高森,131.125,32.821667,555,2026-09-07T07:00:00+09:00,21.6,0,0.0,0,3.6,0,1.0,22.5,0
86181,宇土,130.656667,32.7,6,2026-09-07T07:00:00+09:00,,,0.0,0,,,,,
86197,山都,130.958333,32.711667,574,2026-09-07T07:00:00+09:00,,,0.0,0,,,,,
86216,三角,130.478333,32.611667,60,2026-09-07T07:00:00+09:00,25.2,0,0.0,0,4.6,0,1.0,22.5,0
86236,甲佐,130.816667,32.671667,52,2026-09-07T07:00:00+09:00,23.2,0,0.0,0,0.8,0,2.0,45.0,0
86271,松島,130.446667,32.515,2,2026-09-07T07:00:00+09:00,26.1,0,0.0,0,3.7,0,1.0,22.5,0
86316,本渡,130.18,32.468333,30,2026-09-07T07:00:00+09:00,26.2,0,0.0,0,4.0,0,1.0,22.5,0
86336,八代,130.606667,32.473333,8,2026-09-07T07:00:00+09:00,24.0,0,0.0,0,1.2,0,2.0,45.0,0
86396,田浦,130.508333,32.363333,3,2026-09-07T07:00:00+09:00,,,0.0,0,,,,,
86407,山江,130.746667,32.301667,218,2026-09-07T07:00:00+09:00,,,0.5,0,,,,,
86411,五木,130.826667,32.395,310,2026-09-07T07:00:00+09:00,,,0.0,0,,,,,
86451,水俣,130.406667,32.205,6,2026-09-07T07:00:00+09:00,24.6,0,0.0,0,1.6,0,4.0,90.0,0
86461,一勝地,130.645,32.245,120,2026-09-07T07:00:00+09:00,,,0.0,0,,,,,
86467,人吉,130.755,32.216667,146,2026-09-07T07:00:00+09:00,22.7,0,0.0,0,0.5,0,14.0,315.0,0
86477,上,130.905,32.225,166,2026-09-07T07:00:00+09:00,22.5,0,0.0,0,0.6,0,7.0,157.5,0
86478,多良木,130.95,32.295,210,2026-09-07T07:00:00+09:00,,,0.0,0,,,,,
86481,湯前横谷,131.043333,32.263333,665,2026-09-07T07:00:00+09:00,,,0.0,0,,,,,
86491,牛深,130.026667,32.196667,3,2026-09-07T07:00:00+09:00,27.2,0,0.0,0,3.1,0,2.0,45.0,0
87041,高千穂,131.29,32.711667,350,2026-09-07T07:00:00+09:00,21.4,0,0.5,0,0.3,0,16.0,0.0,0
87066,古江,131.82,32.711667,14,2026-09-07T07:00:00+09:00,23.7,0,0.0,0,5.2,0,16.0,0.0,0
87071,鞍岡,131.156667,32.643333,590,2026-09-07T07:00:00+09:00,21.0,0,0.5,0,0.2,0,0.0,0.0,0
87086,日之影,131.406667,32.681667,262,2026-09-07T07:00:00+09:00,,,0.0,0,,,,,
87127,諸塚,131.335,32.516667,150,2026-09-07T07:00:00+09:00,,,0.0,0,,,,,
87136,北方,131.525,32.561667,30,2026-09-07T07:00:00+09:00,,,0.0,0,,,,,
87141,延岡,131.656667,32.581667,19,2026-09-07T07:00:00+09:00,24.6,0,0.0,0,1.8,0,1.0,22.5,0
87157,椎葉,131.103333,32.475,517,2026-09-07T07:00:00+09:00,,,0.0,0,,,,,
87181,日向,131.6,32.408333,20,2026-09-07T07:00:00+09:00,23.7,0,0.0,0,1.5,0,11.0,247.5,0
87206,神門,131.331667,32.385,250,2026-09-07T07:00:00+09:00,22.1,0,0.0,0,0.3,0,12.0,270.0,0
87231,西米良,131.151667,32.24,260,2026-09-07T07:00:00+09:00,22.3,0,0.5,0,0.2,0,0.0,0.0,0
87251,都農,131.541667,32.283333,61,2026-09-07T07:00:00+09:00,,,0.0,0,,,,,
87293,高鍋,131.475,32.123333,57,2026-09-07T07:00:00+09:00,24.5,0,0.0,0,0.7,0,1.0,22.5,0
87301,加久藤,130.81,32.046667,228,2026-09-07T07:00:00+09:00,22.8,0,0.0,0,1.1,0,5.0,112.5,0
87331,西都,131.413333,32.063333,8,2026-09-07T07:00:00+09:00,24.0,0,0.0,0,0.4,0,3.0,67.5,0
87346,えびの高原,130.84,31.945,1150,2026-09-07T07:00:00+09:00,,,0.5,0,,,,,
87352,小林,130.953333,32.0,276,2026-09-07T07:00:00+09:00,22.4,0,1.5,0,1.3,0,15.0,337.5,0
87361,野尻,131.156667,31.956667,182,2026-09-07T07:00:00+09:00,,,0.5,0,,,,,
87371,国富,131.296667,32.006667,66,2026-09-07T07:00:00+09:00,,,1.0,0,,,,,
87376,宮崎,131.413333,31.938333,9,2026-09-07T07:00:00+09:00,23.7,0,3.0,0,1.7,0,16.0,0.0,0
87406,田野,131.308333,31.843333,134,2026-09-07T07:00:00+09:00,22.9,0,0.5,0,1.2,0,4.0,90.0,0
87412,赤江,131.448333,31.876667,6,2026-09-07T07:00:00+09:00,24.3,0,0.5,0,8.4,0,1.0,22.5,0
87426,都城,131.081667,31.73,154,2026-09-07T07:00:00+09:00,22.9,0,0.0,0,3.0,0,16.0,0.0,0
87461,酒谷,131.266667,31.641667,160,2026-09-07T07:00:00+09:00,,,0.0,0,,,,,
87492,油津,131.406667,31.578333,3,2026-09-07T07:00:00+09:00,23.7,0,0.0,0,1.6,0,12.0,270.0,0
87501,串間,131.22,31.465,20,2026-09-07T07:00:00+09:00,24.3,0,0.5,0,1.6,0,2.0,45.0,0
88061,阿久根,130.2,32.026667,40,2026-09-07T07:00:00+09:00,25.2,0,0.0,0,1.6,0,2.0,45.0,0
88066,出水,130.351667,32.093333,11,2026-09-07T07:00:00+09:00,,,0.0,0,,,,,
88081,大口,130.626667,32.046667,175,2026-09-07T07:00:00+09:00,23.0,0,0.0,0,0.4,0,16.0,0.0,0
88101,紫尾山,130.366667,31.98,1060,2026-09-07T07:00:00+09:00,,,0.0,0,,,,,
88107,さつま柏原,130.455,31.916667,59,2026-09-07T07:00:00+09:00,23.3,0,0.0,0,0.8,0,3.0,67.5,0
88131,中甑,129.866667,31.835,10,2026-09-07T07:00:00+09:00,27.0,0,0.0,0,4.4,0,4.0,90.0,0
88151,川内,130.315,31.833333,5,2026-09-07T07:00:00+09:00,23.3,0,0.5,0,0.4,0,3.0,67.5,0
88166,溝辺,130.718333,31.803333,272,2026-09-07T07:00:00+09:00,22.7,0,0.0,0,0.9,0,15.0,337.5,0
88211,八重山,130.438333,31.746667,533,2026-09-07T07:00:00+09:00,,,0.0,0,,,,,
88261,東市来,130.328333,31.668333,40,2026-09-07T07:00:00+09:00,23.7,0,0.0,0,0.3,0,13.0,292.5,0
88286,牧之原,130.843333,31.661667,387,2026-09-07T07:00:00+09:00,21.9,0,0.5,0,4.3,0,4.0,90.0,0
88317,鹿児島,130.546667,31.555,4,2026-09-07T07:00:00+09:00,24.3,0,0.5,0,1.9,0,15.0,337.5,0
88331,輝北,130.855,31.588333,360,2026-09-07T07:00:00+09:00,22.0,0,0.0,0,2.2,0,2.0,45.0,0
88341,大隅,131.005,31.58,170,2026-09-07T07:00:00+09:00,,,0.0,0,,,,,
88371,加世田,130.325,31.415,9,2026-09-07T07:00:00+09:00,23.8,0,4.0,0,0.9,0,12.0,270.0,0
88392,吉ケ別府,130.861667,31.458333,89,2026-09-07T07:00:00+09:00,,,0.0,0,,,,,
88406,志布志,131.095,31.478333,70,2026-09-07T07:00:00+09:00,23.2,0,1.5,0,0.4,0,12.0,270.0,0
88432,喜入,130.54,31.386667,4,2026-09-07T07:00:00+09:00,24.0,0,0.5,0,0.6,0,14.0,315.0,0
88442,鹿屋,130.863333,31.391667,63,2026-09-07T07:00:00+09:00,24.6,0,0.0,0,4.3,0,1.0,22.5,0
88447,肝付前田,130.938333,31.34,31,2026-09-07T07:00:00+09:00,23.1,0,0.0,0,1.2,0,8.0,180.0,0
88466,枕崎,130.291667,31.271667,30,2026-09-07T07:00:00+09:00,23.6,0,4.0,0,2.6,0,15.0,337.5,0
88486,指宿,130.636667,31.25,5,2026-09-07T07:00:00+09:00,24.4,0,0.5,0,1.7,0,15.0,337.5,0
88506,内之浦,131.055,31.276667,8,2026-09-07T07:00:00+09:00,26.3,0,0.0,0,1.8,0,4.0,90.0,0
88536,田代,130.843333,31.198333,182,2026-09-07T07:00:00+09:00,23.3,0,0.0,0,1.0,0,10.0,225.0,0
88551,佐多,130.69,31.093333,27,2026-09-07T07:00:00+09:00,,,0.0,0,,,,,
88612,種子島,130.981667,30.72,25,2026-09-07T07:00:00+09:00,25.4,0,0.0,0,5.7,0,2.0,45.0,0
88621,中種子,130.991667,30.605,234,2026-09-07T07:00:00+09:00,24.1,0,0.0,0,3.6,0,2.0,45.0,0
88666,上中,130.901667,30.406667,150,2026-09-07T07:00:00+09:00,24.5,0,0.0,0,2.8,0,2.0,45.0,0
88686,屋久島,130.658333,30.385,37,2026-09-07T07:00:00+09:00,25.9,0,0.5,0,4.8,0,16.0,0.0,0
88706,尾之間,130.555,30.235,60,2026-09-07T07:00:00+09:00,25.8,0,0.0,0,1.8,0,16.0,0.0,0
88736,中之島,129.866667,29.84,220,2026-09-07T07:00:00+09:00,24.3,0,0.0,0,6.2,0,2.0,45.0,0
88746,平島,129.528333,29.683333,97,2026-09-07T07:00:00+09:00,,,0.0,0,,,,,
88756,諏訪之瀬島,129.705,29.61,111,2026-09-07T07:00:00+09:00,,,0.0,0,,,,,
88776,小宝島,129.328333,29.225,10,2026-09-07T07:00:00+09:00,,,0.0,0,,,,,
88781,宝島,129.201667,29.151667,33,2026-09-07T07:00:00+09:00,,,0.0,0,,,,,
88821,笠利,129.711667,28.43,4,2026-09-07T07:00:00+09:00,26.5,0,0.0,0,7.5,0,16.0,0.0,0
88837,名瀬,129.493333,28.385,3,2026-09-07T07:00:00+09:00,26.3,0,0.5,0,5.8,0,16.0,0.0,0
88851,喜界島,129.926667,28.32,5,2026-09-07T07:00:00+09:00,27.3,0,0.5,0,8.1,0,1.0,22.5,0
88901,古仁屋,129.315,28.143333,2,2026-09-07T07:00:00+09:00,26.4,0,0.5,0,0.9,0,1.0,22.5,0
88931,天城,128.88,27.835,2,2026-09-07T07:00:00+09:00,26.6,0,0.0,0,10.1,0,16.0,0.0,0
88956,伊仙,128.973333,27.676667,44,2026-09-07T07:00:00+09:00,26.3,0,0.0,0,5.6,0,16.0,0.0,0
88971,沖永良部,128.705,27.431667,27,2026-09-07T07:00:00+09:00,26.9,0,0.0,0,9.0,0,16.0,0.0,0
88986,与論島,128.401667,27.043333,14,2026-09-07T07:00:00+09:00,26.7,0,0.0,0,8.7,0,16.0,0.0,0
91011,伊是名,127.94,26.948333,14,2026-09-07T07:00:00+09:00,27.1,0,0.0,0,6.5,0,16.0,0.0,0
91021,奥,128.271667,26.835,232,2026-09-07T07:00:00+09:00,24.5,0,0.0,0,3.7,0,15.0,337.5,0
91046,国頭,128.178333,26.728333,8,2026-09-07T07:00:00+09:00,,,0.0,0,,,,,
91066,本部,127.898333,26.685,25,2026-09-07T07:00:00+09:00,,,0.0,0,,,,,
91081,東,128.153333,26.631667,24,2026-09-07T07:00:00+09:00,,,0.5,0,,,,,
91096,粟国,127.238333,26.591667,14,2026-09-07T07:00:00+09:00,,,0.0,0,,,,,
91107,名護,127.965,26.593333,6,2026-09-07T07:00:00+09:00,26.9,0,0.0,0,4.8,0,16.0,0.0,0
91121,読谷,127.733333,26.406667,90,2026-09-07T07:00:00+09:00,,,0.0,0,,,,,
91141,北原,126.713333,26.363333,7,2026-09-07T07:00:00+09:00,28.0,0,0.0,0,9.7,0,15.0,337.5,0
91146,久米島,126.803333,26.336667,5,2026-09-07T07:00:00+09:00,26.8,0,6.5,0,4.7,0,15.0,337.5,0
91151,渡名喜,127.141667,26.373333,7,2026-09-07T07:00:00+09:00,,,0.0,0,,,,,
91161,胡屋,127.803333,26.326667,105,2026-09-07T07:00:00+09:00,,,0.0,0,,,,,
91166,宮城島,127.971667,26.363333,100,2026-09-07T07:00:00+09:00,26.2,0,0.0,0,2.7,0,16.0,0.0,0
91181,渡嘉敷,127.363333,26.21,220,2026-09-07T07:00:00+09:00,25.6,0,0.0,0,5.4,0,15.0,337.5,0
91197,那覇,127.686667,26.206667,28,2026-09-07T07:00:00+09:00,27.5,0,0.0,0,6.5,0,16.0,0.0,0
91236,安次嶺,127.638333,26.193333,3,2026-09-07T07:00:00+09:00,27.5,0,0.0,0,9.7,0,15.0,337.5,0
91241,糸数,127.765,26.153333,186,2026-09-07T07:00:00+09:00,25.2,0,0.0,0,8.3,0,15.0,337.5,0
92006,北大東,131.326667,25.943333,22,2026-09-07T07:00:00+09:00,27.3,0,1.0,0,8.6,0,14.0,315.0,0
92011,南大東,131.228333,25.828333,15,2026-09-07T07:00:00+09:00,27.0,0,1.0,0,8.8,0,14.0,315.0,0
92012,旧東,131.263333,25.846667,48,2026-09-07T07:00:00+09:00,26.7,0,2.5,0,7.2,0,14.0,315.0,0
93012,下地島,125.143333,24.826667,8,2026-09-07T07:00:00+09:00,27.3,0,0.0,0,11.0,0,15.0,337.5,0
93041,宮古島,125.278333,24.793333,39,2026-09-07T07:00:00+09:00,27.6,0,0.0,0,8.3,0,15.0,337.5,0
93042,鏡原,125.295,24.781667,43,2026-09-07T07:00:00+09:00,27.2,0,0.0,0,8.5,0,15.0,337.5,0
93051,城辺,125.41,24.743333,55,2026-09-07T07:00:00+09:00,,,0.0,0,,,,,
93062,仲筋,124.675,24.653333,10,2026-09-07T07:00:00+09:00,27.4,0,0.0,0,8.8,0,15.0,337.5,0
94001,伊原間,124.28,24.506667,11,2026-09-07T07:00:00+09:00,27.0,0,0.0,0,6.5,0,15.0,337.5,0
94011,所野,122.978333,24.466667,15,2026-09-07T07:00:00+09:00,27.3,0,0.0,0,10.5,0,15.0,337.5,0
94017,与那国島,123.01,24.466667,30,2026-09-07T07:00:00+09:00,26.8,0,0.0,0,8.8,0,16.0,0.0,0
94036,川平,124.14,24.466667,7,2026-09-07T07:00:00+09:00,,,0.0,0,,,,,
94062,西表島,123.765,24.426667,10,2026-09-07T07:00:00+09:00,27.1,0,0.0,0,3.2,0,15.0,337.5,0
94081,石垣島,124.163333,24.336667,6,2026-09-07T07:00:00+09:00,27.1,0,0.0,0,6.2,0,15.0,337.5,0
94086,盛山,124.245,24.395,31,2026-09-07T07:00:00+09:00,26.7,0,0.0,0,5.2,0,15.0,337.5,0
94101,大原,123.871667,24.265,33,2026-09-07T07:00:00+09:00,25.1,0,0.0,0,1.8,0,14.0,315.0,0
94116,波照間,123.766667,24.055,38,2026-09-07T07:00:00+09:00,26.9,0,0.0,0,6.1,0,16.0,0.0,0
