station_key,prec_no,prefecture,kind,daily_page,block_no,jma_name,kana,latitude,longitude,elevation_m,has_precipitation,has_wind,has_temperature,has_sunshine,has_snow,has_humidity,is_current,end_date,note_1,note_2,note_3,note_4,note_5
prec11_a0002,11,宗谷地方,a,daily_a1,0002,沓形,クツガタ,45.178333333333335,141.13833333333332,14,True,True,True,False,False,True,True,,,,,,
prec11_a0003,11,宗谷地方,a,daily_a1,0003,浜頓別,ハマトンベツ,45.125,142.35,18,True,True,True,False,False,True,True,,,,,,
prec11_a0005,11,宗谷地方,a,daily_a1,0005,歌登,ウタノボリ,44.84166666666667,142.48,14,True,True,True,False,True,True,True,,,,,,
prec11_a1051,11,宗谷地方,a,daily_a1,1051,中頓別,ナカトンベツ,44.965,142.28,25,True,True,True,False,True,True,True,,,,,,
prec11_a1054,11,宗谷地方,a,daily_a1,1054,豊富,トヨトミ,45.10166666666667,141.78,14,True,True,True,False,True,True,True,,,,,,
prec11_a1203,11,宗谷地方,a,daily_a1,1203,沼川,ヌマカワ,45.248333333333335,141.85166666666666,23,True,True,True,False,True,True,True,,,,,,
prec11_a1284,11,宗谷地方,a,daily_a1,1284,宗谷岬,ソウヤミサキ,45.52,141.935,26,True,True,True,False,False,True,True,,,,,,
prec11_a1285,11,宗谷地方,a,daily_a1,1285,浜鬼志別,ハマオニシベツ,45.335,142.17,13,True,True,True,False,True,True,True,,,,,,
prec11_a1512,11,宗谷地方,a,daily_a1,1512,本泊,モトドマリ,45.24166666666667,141.18666666666667,30,True,True,True,False,False,False,True,,,,,,
prec11_a1528,11,宗谷地方,a,daily_a1,1528,声問,コエトイ,45.403333333333336,141.80166666666668,8,True,True,True,False,True,False,True,,,,,,
prec11_a1546,11,宗谷地方,a,daily_a1,1546,礼文,レブン,45.305,141.045,65,True,True,True,False,False,True,True,,,,,,
prec11_s47401,11,宗谷地方,s,daily_s1,47401,稚内,ワツカナイ,45.415,141.67833333333334,2.8,True,True,True,True,True,True,True,,,,,,
prec11_s47402,11,宗谷地方,s,daily_s1,47402,北見枝幸,キタミエサシ,44.94,142.585,6.7,True,True,True,True,True,True,True,,,,,,
prec12_a0006,12,上川地方,a,daily_a1,0006,美深,ビフカ,44.48,142.34166666666667,77,True,True,True,False,True,True,True,,,,,,
prec12_a0008,12,上川地方,a,daily_a1,0008,名寄,ナヨロ,44.37,142.45666666666668,89,True,True,True,False,True,True,True,,,,,,
prec12_a0010,12,上川地方,a,daily_a1,0010,下川,シモカワ,44.295,142.63666666666666,143,True,True,True,False,True,True,True,,,,,,
prec12_a0011,12,上川地方,a,daily_a1,0011,士別,シベツ,44.18666666666667,142.41666666666666,135,True,True,True,False,False,True,True,,,,,,
prec12_a0015,12,上川地方,a,daily_a1,0015,上川,カミカワ,43.846666666666664,142.75333333333333,324,True,True,True,False,True,True,True,,,,,,
prec12_a0021,12,上川地方,a,daily_a1,0021,富良野,フラノ,43.333333333333336,142.4,174,True,True,True,False,True,True,True,,,,,,
prec12_a1047,12,上川地方,a,daily_a1,1047,朝日,アサヒ,44.11833333333333,142.595,225,True,True,True,False,False,True,True,,,,,,
prec12_a1048,12,上川地方,a,daily_a1,1048,比布,ピップ,43.87,142.47,164,True,True,True,False,False,True,True,,,,,,
prec12_a1052,12,上川地方,a,daily_a1,1052,美瑛,ビエイ,43.58833333333333,142.49333333333334,250,True,True,True,False,True,True,True,,,,,,
prec12_a1053,12,上川地方,a,daily_a1,1053,幌加内,ホロカナイ,44.01,142.16,159,True,True,True,False,True,True,True,,,,,,
prec12_a1055,12,上川地方,a,daily_a1,1055,和寒,ワッサム,44.028333333333336,142.41,150,True,True,True,False,True,True,True,,,,,,
prec12_a1184,12,上川地方,a,daily_a1,1184,東川,ヒガシカワ,43.70166666666667,142.50833333333333,215,True,True,True,False,False,True,True,,,,,,
prec12_a1185,12,上川地方,a,daily_a1,1185,志比内,シビナイ,43.64333333333333,142.58166666666668,310,True,True,True,False,False,True,True,,2001年12月2日までの地点名「忠別」,,,,
prec12_a1188,12,上川地方,a,daily_a1,1188,幾寅,イクトラ,43.16833333333334,142.56833333333333,350,True,True,True,False,True,True,True,,,,,,
prec12_a1189,12,上川地方,a,daily_a1,1189,占冠,シムカップ,42.97833333333333,142.395,332,True,True,True,False,True,True,True,,,,,,
prec12_a1190,12,上川地方,a,daily_a1,1190,上富良野,カミフラノ,43.455,142.465,220,True,True,True,False,False,True,True,,,,,,
prec12_a1191,12,上川地方,a,daily_a1,1191,江丹別,エタンベツ,43.87,142.26,140,True,True,True,False,False,True,True,,,,,,
prec12_a1197,12,上川地方,a,daily_a1,1197,音威子府,オトイネップ,44.72666666666667,142.265,40,True,True,True,False,True,True,True,,,,,,
prec12_a1201,12,上川地方,a,daily_a1,1201,中川,ナカガワ,44.82833333333333,142.07666666666665,22,True,True,True,False,False,True,True,,,,,,
prec12_a1279,12,上川地方,a,daily_a1,1279,朱鞠内,シュマリナイ,44.281666666666666,142.16166666666666,255,True,True,True,False,True,True,True,,,,,,
prec12_a1280,12,上川地方,a,daily_a1,1280,麓郷,ロクゴウ,43.30166666666667,142.52166666666668,315,True,True,True,False,False,True,True,,,,,,
prec12_a1458,12,上川地方,a,daily_a1,1458,東神楽,ヒガシカグラ,43.67,142.44666666666666,211,True,True,True,False,True,False,True,,,,,,
prec12_s47407,12,上川地方,s,daily_s1,47407,旭川,アサヒカワ,43.75666666666667,142.37166666666667,119.8,True,True,True,True,True,True,True,,,,,,
prec13_a0024,13,留萌地方,a,daily_a1,0024,天塩,テシオ,44.89333333333333,141.76166666666666,9,True,True,True,False,True,True,True,,,,,,
prec13_a0025,13,留萌地方,a,daily_a1,0025,遠別,エンベツ,44.718333333333334,141.80666666666667,7,True,True,True,False,False,True,True,,,,,,
prec13_a0028,13,留萌地方,a,daily_a1,0028,増毛,マシケ,43.848333333333336,141.51,20,True,True,True,False,False,True,True,,,,,,
prec13_a1213,13,留萌地方,a,daily_a1,1213,焼尻,ヤギシリ,44.428333333333335,141.42166666666665,38,True,True,True,False,False,True,True,,,,,,
prec13_a1216,13,留萌地方,a,daily_a1,1216,初山別,ショサンベツ,44.52333333333333,141.77,27,True,True,True,False,True,True,True,,,,,,
prec13_a1217,13,留萌地方,a,daily_a1,1217,達布,タップ,44.04833333333333,141.85666666666665,30,True,True,True,False,False,True,True,,,,,,
prec13_a1218,13,留萌地方,a,daily_a1,1218,幌糠,ホロヌカ,43.85333333333333,141.76,20,True,True,True,False,True,True,True,,,,,,
prec13_s47404,13,留萌地方,s,daily_s1,47404,羽幌,ハボロ,44.36333333333334,141.7,7.9,True,True,True,True,True,True,True,,,,,,
prec13_s47406,13,留萌地方,s,daily_s1,47406,留萌,ルモイ,43.945,141.63166666666666,23.6,True,True,True,True,True,True,True,,,,,,
prec14_a0030,14,石狩地方,a,daily_a1,0030,新篠津,シンシノツ,43.22,141.645,9,True,True,True,False,True,True,True,,,,,,
prec14_a0031,14,石狩地方,a,daily_a1,0031,山口,ヤマグチ,43.14833333333333,141.22166666666666,5,True,True,True,False,False,True,True,,,,,,
prec14_a0035,14,石狩地方,a,daily_a1,0035,恵庭島松,エニワシママツ,42.92666666666667,141.565,30,True,True,True,False,True,True,True,,,,,,
prec14_a0037,14,石狩地方,a,daily_a1,0037,支笏湖畔,シコツコハン,42.77166666666667,141.40666666666667,290,True,True,True,False,False,True,True,,,,,,
prec14_a1085,14,石狩地方,a,daily_a1,1085,石狩,イシカリ,43.193333333333335,141.37,5,True,True,True,False,True,True,True,,,,,,
prec14_a1193,14,石狩地方,a,daily_a1,1193,浜益,ハママス,43.58166666666666,141.38666666666666,3,True,True,True,False,False,True,True,,,,,,
prec14_a1194,14,石狩地方,a,daily_a1,1194,厚田,アツタ,43.39666666666667,141.43666666666667,5,True,True,True,False,True,True,True,,,,,,
prec14_a1459,14,石狩地方,a,daily_a1,1459,千歳,チトセ,42.775,141.69166666666666,22,True,True,True,False,True,False,True,,,,,,
prec14_a1507,14,石狩地方,a,daily_a1,1507,江別,エベツ,43.11,141.60166666666666,8,True,True,True,False,False,True,True,,,,,,
prec14_s47412,14,石狩地方,s,daily_s1,47412,札幌,サツポロ,43.06,141.32833333333335,17.4,True,True,True,True,True,True,True,,,,,,
prec15_a0038,15,空知地方,a,daily_a1,0038,石狩沼田,イシカリヌマタ,43.815,141.92666666666668,63,True,True,True,False,True,True,True,,,,,,
prec15_a0039,15,空知地方,a,daily_a1,0039,深川,フカガワ,43.718333333333334,142.07333333333332,55,True,True,True,False,True,True,True,,,,,,
prec15_a0041,15,空知地方,a,daily_a1,0041,滝川,タキカワ,43.57,141.93833333333333,50,True,True,True,False,True,True,True,,,,,,
prec15_a0043,15,空知地方,a,daily_a1,0043,芦別,アシベツ,43.52,142.19,91,True,True,True,False,True,True,True,,,,,,
prec15_a0044,15,空知地方,a,daily_a1,0044,美唄,ビバイ,43.36333333333334,141.82666666666665,16,True,True,True,False,True,True,True,,,,,,
prec15_a0047,15,空知地方,a,daily_a1,0047,長沼,ナガヌマ,43.01166666666666,141.69333333333333,13,True,True,True,False,False,True,True,,,,,,
prec15_a0049,15,空知地方,a,daily_a1,0049,夕張,ユウバリ,43.038333333333334,141.95666666666668,293,True,True,True,False,True,True,True,,,,,,
prec15_a0999,15,空知地方,a,daily_a1,0999,月形,ツキガタ,43.33,141.61666666666667,50,True,True,True,False,False,True,True,,,,,,
prec15_a1287,15,空知地方,a,daily_a1,1287,空知吉野,ソラチヨシノ,43.595,141.73166666666665,100,True,True,True,False,False,True,True,,,,,,
prec15_a1674,15,空知地方,a,daily_a1,1674,秩父別,チップベツ,43.78,141.96166666666667,51,True,True,True,False,True,True,True,,,,,,
prec15_s47413,15,空知地方,s,daily_s1,47413,岩見沢,イワミザワ,43.211666666666666,141.785,42.3,True,True,True,True,True,True,True,,,,,,
prec16_a0051,16,後志地方,a,daily_a1,0051,美国,ビクニ,43.27166666666667,140.56333333333333,75,True,True,True,False,False,True,True,,,,,,
prec16_a0052,16,後志地方,a,daily_a1,0052,余市,ヨイチ,43.181666666666665,140.75833333333333,20,True,True,True,False,True,True,True,,,,,,
prec16_a0054,16,後志地方,a,daily_a1,0054,共和,キョウワ,42.98,140.60333333333332,15,True,True,True,False,True,True,True,,2008年11月12日までの地点名「岩内」,,,,
prec16_a0055,16,後志地方,a,daily_a1,0055,蘭越,ランコシ,42.81,140.54166666666666,39,True,True,True,False,True,True,True,,,,,,
prec16_a0060,16,後志地方,a,daily_a1,0060,喜茂別,キモベツ,42.79333333333334,140.94833333333332,264,True,True,True,False,True,True,True,,,,,,
prec16_a0061,16,後志地方,a,daily_a1,0061,黒松内,クロマツナイ,42.663333333333334,140.31,27,True,True,True,False,True,True,True,,,,,,
prec16_a1072,16,後志地方,a,daily_a1,1072,真狩,マッカリ,42.775,140.88,440,True,True,True,False,False,True,True,,,,,,
prec16_a1208,16,後志地方,a,daily_a1,1208,神恵内,カモエナイ,43.145,140.42333333333335,50,True,True,True,False,False,True,True,,,,,,
prec16_s47411,16,後志地方,s,daily_s1,47411,小樽,オタル,43.181666666666665,141.015,24.9,True,True,True,True,True,True,True,,,,,,
prec16_s47421,16,後志地方,s,daily_s1,47421,寿都,スツツ,42.795,140.22333333333333,33.4,True,True,True,True,True,True,True,,,,,,
prec16_s47433,16,後志地方,s,daily_s1,47433,倶知安,クツチヤン,42.9,140.75666666666666,176.1,True,True,True,True,True,True,True,,,,,,
prec17_a0063,17,網走・北見・紋別地方,a,daily_a1,0063,興部,オコッペ,44.47,143.10833333333332,8,True,True,True,False,False,True,True,,,,,,
prec17_a0065,17,網走・北見・紋別地方,a,daily_a1,0065,湧別,ユウベツ,44.21333333333333,143.61833333333334,5,True,True,True,False,False,True,True,,,,,,
prec17_a0066,17,網走・北見・紋別地方,a,daily_a1,0066,滝上,タキノウエ,44.17666666666667,143.06166666666667,165,True,True,True,False,True,True,True,,,,,,
prec17_a0068,17,網走・北見・紋別地方,a,daily_a1,0068,常呂,トコロ,44.115,144.03666666666666,3,True,True,True,False,False,True,True,,,,,,
prec17_a0069,17,網走・北見・紋別地方,a,daily_a1,0069,遠軽,エンガル,44.053333333333335,143.54,80,True,True,True,False,True,True,True,,,,,,
prec17_a0070,17,網走・北見・紋別地方,a,daily_a1,0070,佐呂間,サロマ,44.01833333333333,143.76,54,True,True,True,False,True,True,True,,,,,,
prec17_a0072,17,網走・北見・紋別地方,a,daily_a1,0072,生田原,イクタハラ,43.916666666666664,143.53166666666667,199,True,True,True,False,False,True,True,,,,,,
prec17_a0074,17,網走・北見・紋別地方,a,daily_a1,0074,北見,キタミ,43.776666666666664,143.84166666666667,104,True,True,True,False,True,True,True,,,,,,
prec17_a0075,17,網走・北見・紋別地方,a,daily_a1,0075,小清水,コシミズ,43.84166666666667,144.485,52,True,True,True,False,False,True,True,,,,,,
prec17_a0076,17,網走・北見・紋別地方,a,daily_a1,0076,斜里,シャリ,43.885,144.7,15,True,True,True,False,True,True,True,,,,,,
prec17_a0077,17,網走・北見・紋別地方,a,daily_a1,0077,留辺蘂,ルベシベ,43.74166666666667,143.45,325,True,True,True,False,True,True,True,,,,,,
prec17_a0079,17,網走・北見・紋別地方,a,daily_a1,0079,美幌,ビホロ,43.77,144.17166666666665,60,True,True,True,False,False,True,True,,,,,,
prec17_a0082,17,網走・北見・紋別地方,a,daily_a1,0082,津別,ツベツ,43.70166666666667,144.03333333333333,100,True,True,True,False,True,True,True,,,,,,
prec17_a0981,17,網走・北見・紋別地方,a,daily_a1,0981,宇登呂,ウトロ,44.05166666666667,144.98166666666665,144,True,True,True,False,True,True,True,,,,,,
prec17_a1073,17,網走・北見・紋別地方,a,daily_a1,1073,西興部,ニシオコッペ,44.33166666666666,142.935,120,True,True,True,False,True,True,True,,,,,,
prec17_a1092,17,網走・北見・紋別地方,a,daily_a1,1092,白滝,シラタキ,43.865,143.15333333333334,475,True,True,True,False,True,True,True,,,,,,
prec17_a1209,17,網走・北見・紋別地方,a,daily_a1,1209,境野,サカイノ,43.70666666666666,143.64333333333335,184,True,True,True,False,False,True,True,,,,,,
prec17_a1460,17,網走・北見・紋別地方,a,daily_a1,1460,女満別,メマンベツ,43.88,144.16333333333333,33,True,True,True,False,True,False,True,,,,,,
prec17_a1487,17,網走・北見・紋別地方,a,daily_a1,1487,紋別小向,モンベツコムカイ,44.303333333333335,143.40333333333334,18,True,True,True,False,True,False,True,,,,,,
prec17_s47405,17,網走・北見・紋別地方,s,daily_s1,47405,雄武,オウム,44.58,142.96333333333334,14.1,True,True,True,True,True,True,True,,,,,,
prec17_s47409,17,網走・北見・紋別地方,s,daily_s1,47409,網走,アバシリ,44.016666666666666,144.27833333333334,37.6,True,True,True,True,True,True,True,,,,,,
prec17_s47435,17,網走・北見・紋別地方,s,daily_s1,47435,紋別,モンベツ,44.345,143.355,15.8,True,True,True,True,True,True,True,,,,,,
prec18_a0084,18,根室地方,a,daily_a1,0084,羅臼,ラウス,44.02333333333333,145.18666666666667,15,True,True,True,False,True,True,True,,,,,,
prec18_a0085,18,根室地方,a,daily_a1,0085,標津,シベツ,43.66166666666667,145.13166666666666,3,True,True,True,False,False,True,True,,,,,,
prec18_a0086,18,根室地方,a,daily_a1,0086,中標津,ナカシベツ,43.54333333333334,144.97833333333332,50,True,True,True,False,True,True,True,,,,,,
prec18_a0088,18,根室地方,a,daily_a1,0088,別海,ベツカイ,43.38166666666667,145.11833333333334,23,True,True,True,False,True,True,True,,,,,,
prec18_a1056,18,根室地方,a,daily_a1,1056,納沙布,ノサップ,43.39333333333333,145.75833333333333,12,True,True,True,False,False,True,True,,,,,,
prec18_a1196,18,根室地方,a,daily_a1,1196,厚床,アットコ,43.22,145.22666666666666,41,True,True,True,False,True,True,True,,,,,,
prec18_a1489,18,根室地方,a,daily_a1,1489,根室中標津,ネムロナカシベツ,43.57666666666667,144.96,65,True,True,True,False,True,False,True,,,,,,
prec18_a1547,18,根室地方,a,daily_a1,1547,上標津,カミシベツ,43.52,144.74666666666667,160,True,True,True,False,False,True,True,,,,,,
prec18_s47420,18,根室地方,s,daily_s1,47420,根室,ネムロ,43.33,145.585,25.2,True,True,True,True,True,True,True,,,,,,
prec19_a0090,19,釧路地方,a,daily_a1,0090,川湯,カワユ,43.61666666666667,144.45666666666668,158,True,True,True,False,True,True,True,,,,,,
prec19_a0091,19,釧路地方,a,daily_a1,0091,阿寒湖畔,アカンコハン,43.43666666666667,144.08333333333334,426,True,True,True,False,True,True,True,,,,,,
prec19_a0093,19,釧路地方,a,daily_a1,0093,標茶,シベチャ,43.291666666666664,144.58666666666667,20,True,True,True,False,True,True,True,,,,,,
prec19_a0095,19,釧路地方,a,daily_a1,0095,中徹別,ナカテシベツ,43.19833333333333,144.14166666666668,80,True,True,True,False,True,True,True,,,,,,
prec19_a0098,19,釧路地方,a,daily_a1,0098,白糠,シラヌカ,42.97,144.06166666666667,9,True,True,True,False,True,True,True,,,,,,
prec19_a1186,19,釧路地方,a,daily_a1,1186,鶴居,ツルイ,43.23166666666667,144.325,38,True,True,True,False,True,True,True,,,,,,
prec19_a1187,19,釧路地方,a,daily_a1,1187,弟子屈,テシカガ,43.51,144.46666666666667,170,True,True,True,False,False,True,True,,,,,,
prec19_a1192,19,釧路地方,a,daily_a1,1192,太田,オオタ,43.09,144.77833333333334,85,True,True,True,False,True,True,True,,,,,,
prec19_a1195,19,釧路地方,a,daily_a1,1195,榊町,サカキマチ,43.12,145.11,2,True,True,True,False,False,True,True,,,,,,
prec19_a1283,19,釧路地方,a,daily_a1,1283,知方学,チッポマナイ,42.93833333333333,144.735,149,True,True,True,False,False,True,True,,,,,,
prec19_a1461,19,釧路地方,a,daily_a1,1461,鶴丘,ツルオカ,43.04,144.19166666666666,95,True,True,True,False,True,False,True,,,,,,
prec19_s47418,19,釧路地方,s,daily_s1,47418,釧路,クシロ,42.985,144.37666666666667,4.5,True,True,True,True,True,True,True,,,,,,
prec20_a0101,20,十勝地方,a,daily_a1,0101,陸別,リクベツ,43.471666666666664,143.75333333333333,210,True,True,True,False,True,True,True,,,,,,
prec20_a0103,20,十勝地方,a,daily_a1,0103,ぬかびら源泉郷,ヌカビラゲンセンキョウ,43.36666666666667,143.19166666666666,540,True,True,True,False,True,True,True,,2011年5月31日までの地点名「糠平」,,,,
prec20_a0107,20,十勝地方,a,daily_a1,0107,上士幌,カミシホロ,43.24166666666667,143.295,287,True,True,True,False,True,True,True,,,,,,
prec20_a0109,20,十勝地方,a,daily_a1,0109,足寄,アショロ,43.24333333333333,143.55333333333334,90,True,True,True,False,False,True,True,,,,,,
prec20_a0112,20,十勝地方,a,daily_a1,0112,本別,ホンベツ,43.13166666666667,143.6,67,True,True,True,False,True,True,True,,,,,,
prec20_a0113,20,十勝地方,a,daily_a1,0113,新得,シントク,43.07666666666667,142.84,178,True,True,True,False,True,True,True,,,,,,
prec20_a0114,20,十勝地方,a,daily_a1,0114,鹿追,シカオイ,43.10333333333333,142.995,206,True,True,True,False,False,True,True,,,,,,
prec20_a0115,20,十勝地方,a,daily_a1,0115,芽室,メムロ,42.9,143.04333333333332,90,True,True,True,False,True,True,True,,,,,,
prec20_a0117,20,十勝地方,a,daily_a1,0117,池田,イケダ,42.92,143.45833333333334,42,True,True,True,False,False,True,True,,,,,,
prec20_a0118,20,十勝地方,a,daily_a1,0118,浦幌,ウラホロ,42.80833333333333,143.65666666666667,20,True,True,True,False,True,True,True,,,,,,
prec20_a0121,20,十勝地方,a,daily_a1,0121,大樹,タイキ,42.5,143.27333333333334,87,True,True,True,False,True,True,True,,,,,,
prec20_a1204,20,十勝地方,a,daily_a1,1204,駒場,コマバ,43.05,143.18333333333334,112,True,True,True,False,False,True,True,,,,,,
prec20_a1210,20,十勝地方,a,daily_a1,1210,上札内,カミサツナイ,42.641666666666666,143.09666666666666,251,True,True,True,False,True,True,True,,,,,,
prec20_a1211,20,十勝地方,a,daily_a1,1211,更別,サラベツ,42.651666666666664,143.195,185,True,True,True,False,False,True,True,,,,,,
prec20_a1214,20,十勝地方,a,daily_a1,1214,大津,オオツ,42.68666666666667,143.64666666666668,4,True,True,True,False,False,True,True,,,,,,
prec20_a1286,20,十勝地方,a,daily_a1,1286,糠内,ヌカナイ,42.78666666666667,143.32833333333335,70,True,True,True,False,False,True,True,,,,,,
prec20_a1510,20,十勝地方,a,daily_a1,1510,帯広泉,オビヒロイズミ,42.733333333333334,143.21666666666667,149,True,True,True,False,True,False,True,,,,,,
prec20_s47417,20,十勝地方,s,daily_s1,47417,帯広,オビヒロ,42.92166666666667,143.21166666666667,38.4,True,True,True,True,True,True,True,,,,,,
prec20_s47440,20,十勝地方,s,daily_s1,47440,広尾,ヒロオ,42.29333333333334,143.31666666666666,32.4,True,True,True,True,True,True,True,,,,,,
prec21_a0124,21,胆振地方,a,daily_a1,0124,厚真,アツマ,42.73,141.88833333333332,20,True,True,True,False,False,True,True,,,,,,
prec21_a0125,21,胆振地方,a,daily_a1,0125,穂別,ホベツ,42.76166666666667,142.14333333333335,56,True,True,True,False,True,True,True,,,,,,
prec21_a0126,21,胆振地方,a,daily_a1,0126,森野,モリノ,42.63,141.24666666666667,170,True,True,True,False,False,True,True,,,,,,
prec21_a0128,21,胆振地方,a,daily_a1,0128,大岸,オオキシ,42.59,140.64333333333335,4,True,True,True,False,True,True,True,,,,,,
prec21_a0130,21,胆振地方,a,daily_a1,0130,白老,シラオイ,42.54333333333334,141.35166666666666,6,True,True,True,False,True,True,True,,,,,,
prec21_a0131,21,胆振地方,a,daily_a1,0131,鵡川,ムカワ,42.59,141.93333333333334,10,True,True,True,False,False,True,True,,,,,,
prec21_a0132,21,胆振地方,a,daily_a1,0132,伊達,ダテ,42.475,140.84833333333333,3,True,True,True,False,False,True,True,,,,,,
prec21_a0134,21,胆振地方,a,daily_a1,0134,登別,ノボリベツ,42.458333333333336,141.11833333333334,197,True,True,True,False,True,True,True,,,,,,
prec21_a1067,21,胆振地方,a,daily_a1,1067,大滝,オオタキ,42.67,141.07833333333335,390,True,True,True,False,True,True,True,,,,,,
prec21_s47423,21,胆振地方,s,daily_s1,47423,室蘭,ムロラン,42.31166666666667,140.975,39.9,True,True,True,True,True,True,True,,,,,,
prec21_s47424,21,胆振地方,s,daily_s1,47424,苫小牧,トマコマイ,42.623333333333335,141.54666666666665,6.3,True,True,True,True,True,True,True,,,,,,
prec22_a0136,22,日高地方,a,daily_a1,0136,日高門別,ヒダカモンベツ,42.49666666666667,142.05333333333334,47,True,True,True,False,False,True,True,,,,,,
prec22_a0137,22,日高地方,a,daily_a1,0137,新和,シンワ,42.54333333333334,142.33333333333334,60,True,True,True,False,False,True,True,,,,,,
prec22_a0140,22,日高地方,a,daily_a1,0140,静内,シズナイ,42.343333333333334,142.36166666666668,10,True,True,True,False,True,True,True,,,,,,
prec22_a1198,22,日高地方,a,daily_a1,1198,三石,ミツイシ,42.245,142.66166666666666,10,True,True,True,False,False,True,True,,,,,,
prec22_a1202,22,日高地方,a,daily_a1,1202,日高,ヒダカ,42.876666666666665,142.44166666666666,280,True,True,True,False,True,True,True,,,,,,
prec22_a1288,22,日高地方,a,daily_a1,1288,中杵臼,ナカキネウス,42.223333333333336,142.94833333333332,98,True,True,True,False,True,True,True,,,,,,
prec22_a1340,22,日高地方,a,daily_a1,1340,えりも岬,エリモミサキ,41.925,143.24333333333334,63,True,True,True,False,False,True,True,,,,,,
prec22_s47426,22,日高地方,s,daily_s1,47426,浦河,ウラカワ,42.16166666666667,142.77666666666667,36.7,True,True,True,True,True,True,True,,,,,,
prec23_a0143,23,渡島地方,a,daily_a1,0143,長万部,オシャマンベ,42.516666666666666,140.37333333333333,6,True,True,True,False,True,True,True,,,,,,
prec23_a0144,23,渡島地方,a,daily_a1,0144,八雲,ヤクモ,42.251666666666665,140.27166666666668,8,True,True,True,False,True,True,True,,,,,,
prec23_a0145,23,渡島地方,a,daily_a1,0145,森,モリ,42.06666666666667,140.58833333333334,125,True,True,True,False,True,True,True,,,,,,
prec23_a0147,23,渡島地方,a,daily_a1,0147,川汲,カックミ,41.906666666666666,140.97,31,True,True,True,False,False,True,True,,2004年12月5日までの地点名「南茅部」,,,,
prec23_a0148,23,渡島地方,a,daily_a1,0148,北斗,ホクト,41.88666666666667,140.65333333333334,25,True,True,True,False,False,True,True,,2006年1月31日までの地点名「大野」,,,,
prec23_a0152,23,渡島地方,a,daily_a1,0152,松前,マツマエ,41.42333333333333,140.08666666666667,30,True,True,True,False,False,True,True,,,,,,
prec23_a0155,23,渡島地方,a,daily_a1,0155,熊石,クマイシ,42.12833333333333,139.985,12,True,True,True,False,True,True,True,,,,,,
prec23_a0917,23,渡島地方,a,daily_a1,0917,木古内,キコナイ,41.68,140.43666666666667,10,True,True,True,False,False,True,True,,,,,,
prec23_a1462,23,渡島地方,a,daily_a1,1462,高松,タカマツ,41.77,140.82166666666666,34,True,True,True,False,True,False,True,,,,,,
prec23_s47430,23,渡島地方,s,daily_s1,47430,函館,ハコダテ,41.81666666666667,140.75333333333333,35,True,True,True,True,True,True,True,,,,,,
prec24_a0153,24,檜山地方,a,daily_a1,0153,せたな,セタナ,42.45,139.85166666666666,10,True,True,True,False,False,True,True,,2005年10月2日までの地点名「瀬棚」,,,,
prec24_a0154,24,檜山地方,a,daily_a1,0154,今金,イマカネ,42.428333333333335,140.00833333333333,19,True,True,True,False,True,True,True,,,,,,
prec24_a1199,24,檜山地方,a,daily_a1,1199,奥尻,オクシリ,42.248333333333335,139.55666666666667,5,True,True,True,False,False,True,True,,,,,,
prec24_a1200,24,檜山地方,a,daily_a1,1200,鶉,ウズラ,41.93,140.31166666666667,53,True,True,True,False,True,True,True,,,,,,
prec24_a1513,24,檜山地方,a,daily_a1,1513,米岡,ヨネオカ,42.071666666666665,139.43166666666667,49,True,True,True,False,False,False,True,,,,,,
prec24_s47428,24,檜山地方,s,daily_s1,47428,江差,エサシ,41.86666666666667,140.12333333333333,3.7,True,True,True,True,True,True,True,,,,,,
prec31_a0160,31,青森県,a,daily_a1,0160,蟹田,カニタ,41.045,140.63333333333333,5,True,True,True,False,False,True,True,,,,,,
prec31_a0162,31,青森県,a,daily_a1,0162,野辺地,ノヘジ,40.885,141.16,14,True,True,True,False,True,True,True,,,,,,
prec31_a0163,31,青森県,a,daily_a1,0163,鰺ケ沢,アジガサワ,40.776666666666664,140.205,40,True,True,True,False,True,True,True,,,,,,
prec31_a0164,31,青森県,a,daily_a1,0164,五所川原,ゴショガワラ,40.80833333333333,140.45833333333334,9,True,True,True,False,True,True,True,,,,,,
prec31_a0166,31,青森県,a,daily_a1,0166,弘前,ヒロサキ,40.611666666666665,140.455,30,True,True,True,False,True,True,True,,,,,,
prec31_a0167,31,青森県,a,daily_a1,0167,黒石,クロイシ,40.666666666666664,140.585,30,True,True,True,False,False,True,True,,,,,,
prec31_a0169,31,青森県,a,daily_a1,0169,三沢,ミサワ,40.675,141.375,39,True,True,True,False,False,True,True,,,,,,
prec31_a0172,31,青森県,a,daily_a1,0172,十和田,トワダ,40.60666666666667,141.23333333333332,55,True,True,True,False,True,True,True,,,,,,
prec31_a0175,31,青森県,a,daily_a1,0175,碇ケ関,イカリガセキ,40.48166666666667,140.62,135,True,True,True,False,True,True,True,,,,,,
prec31_a0177,31,青森県,a,daily_a1,0177,休屋,ヤスミヤ,40.42666666666667,140.89833333333334,414,True,True,True,False,False,True,True,,,,,,
prec31_a0179,31,青森県,a,daily_a1,0179,三戸,サンノヘ,40.38333333333333,141.25666666666666,60,True,True,True,False,True,True,True,,,,,,
prec31_a1026,31,青森県,a,daily_a1,1026,今別,イマベツ,41.18,140.48166666666665,30,True,True,True,False,True,True,True,,,,,,
prec31_a1027,31,青森県,a,daily_a1,1027,六ケ所,ロッカショ,40.885,141.27166666666668,80,True,True,True,False,False,True,True,,,,,,
prec31_a1041,31,青森県,a,daily_a1,1041,大間,オオマ,41.526666666666664,140.91166666666666,14,True,True,True,False,True,True,True,,,,,,
prec31_a1079,31,青森県,a,daily_a1,1079,酸ケ湯,スカユ,40.64833333333333,140.84833333333333,890,True,True,True,False,True,True,True,,,,,,
prec31_a1119,31,青森県,a,daily_a1,1119,市浦,シウラ,41.056666666666665,140.34666666666666,20,True,True,True,False,False,True,True,,,,,,
prec31_a1122,31,青森県,a,daily_a1,1122,小田野沢,オダノサワ,41.235,141.39666666666668,6,True,True,True,False,False,True,True,,,,,,
prec31_a1124,31,青森県,a,daily_a1,1124,脇野沢,ワキノサワ,41.145,140.82166666666666,15,True,True,True,False,True,True,True,,,,,,
prec31_a1495,31,青森県,a,daily_a1,1495,青森大谷,アオモリオオタニ,40.733333333333334,140.68833333333333,198,True,True,True,False,True,False,True,,,,,,
prec31_s47574,31,青森県,s,daily_s1,47574,深浦,フカウラ,40.645,139.93166666666667,66.1,True,True,True,True,True,True,True,,,,,,
prec31_s47575,31,青森県,s,daily_s1,47575,青森,アオモリ,40.821666666666665,140.76833333333335,2.8,True,True,True,True,True,True,True,,,,,,
prec31_s47576,31,青森県,s,daily_s1,47576,むつ,ムツ,41.28333333333333,141.21,2.9,True,True,True,True,True,True,True,,1970年4月16日までの地点名「田名部」,,,,
prec31_s47581,31,青森県,s,daily_s1,47581,八戸,ハチノヘ,40.526666666666664,141.52166666666668,27.1,True,True,True,True,True,True,True,,,,,,
prec32_a0183,32,秋田県,a,daily_a1,0183,能代,ノシロ,40.19833333333333,140.03166666666667,6,True,True,True,False,True,True,True,,,,,,
prec32_a0184,32,秋田県,a,daily_a1,0184,鷹巣,タカノス,40.22666666666667,140.37166666666667,29,True,True,True,False,True,True,True,,,,,,
prec32_a0185,32,秋田県,a,daily_a1,0185,鹿角,カヅノ,40.215,140.78666666666666,123,True,True,True,False,True,True,True,,1991年7月18日までの地点名「毛馬内」,,,,
prec32_a0186,32,秋田県,a,daily_a1,0186,湯瀬,ユゼ,40.12,140.84,214,True,True,True,False,False,True,True,,,,,,
prec32_a0188,32,秋田県,a,daily_a1,0188,五城目,ゴジョウメ,39.93833333333333,140.115,6,True,True,True,False,True,True,True,,,,,,
prec32_a0192,32,秋田県,a,daily_a1,0192,岩見三内,イワミサンナイ,39.70666666666666,140.28666666666666,41,True,True,True,False,False,True,True,,,,,,
prec32_a0193,32,秋田県,a,daily_a1,0193,角館,カクノダテ,39.60333333333333,140.55666666666667,56,True,True,True,False,True,True,True,,,,,,
prec32_a0194,32,秋田県,a,daily_a1,0194,田沢湖,タザワコ,39.69833333333333,140.73166666666665,230,True,True,True,False,False,True,True,,,,,,
prec32_a0195,32,秋田県,a,daily_a1,0195,大曲,オオマガリ,39.49,140.495,30,True,True,True,False,False,True,True,,,,,,
prec32_a0196,32,秋田県,a,daily_a1,0196,本荘,ホンジョウ,39.36,140.055,11,True,True,True,False,True,True,True,,,,,,
prec32_a0198,32,秋田県,a,daily_a1,0198,横手,ヨコテ,39.32,140.555,59,True,True,True,False,True,True,True,,,,,,
prec32_a0199,32,秋田県,a,daily_a1,0199,にかほ,ニカホ,39.255,139.91333333333333,7,True,True,True,False,False,True,True,,2013年10月15日までの地点名「象潟」,,,,
prec32_a0200,32,秋田県,a,daily_a1,0200,矢島,ヤシマ,39.235,140.13666666666666,46,True,True,True,False,True,True,True,,,,,,
prec32_a0202,32,秋田県,a,daily_a1,0202,湯沢,ユザワ,39.18666666666667,140.46333333333334,74,True,True,True,False,True,True,True,,,,,,
prec32_a0204,32,秋田県,a,daily_a1,0204,湯の岱,ユノタイ,38.96,140.52833333333334,335,True,True,True,False,True,True,True,,,,,,
prec32_a0912,32,秋田県,a,daily_a1,0912,大館,オオダテ,40.251666666666665,140.505,49,True,True,True,False,False,True,True,,,,,,
prec32_a1035,32,秋田県,a,daily_a1,1035,大潟,オオガタ,40.0,139.95,-3,True,True,True,False,False,True,True,,,,,,
prec32_a1036,32,秋田県,a,daily_a1,1036,男鹿,オガ,39.91166666666667,139.9,20,True,True,True,False,False,True,True,,,,,,
prec32_a1043,32,秋田県,a,daily_a1,1043,八森,ハチモリ,40.413333333333334,139.94833333333332,34,True,True,True,False,False,True,True,,,,,,
prec32_a1050,32,秋田県,a,daily_a1,1050,大正寺,ダイショウジ,39.526666666666664,140.23333333333332,20,True,True,True,False,True,True,True,,,,,,
prec32_a1117,32,秋田県,a,daily_a1,1117,東由利,ヒガシユリ,39.305,140.28833333333333,117,True,True,True,False,False,True,True,,,,,,
prec32_a1131,32,秋田県,a,daily_a1,1131,阿仁合,アニアイ,39.99333333333333,140.40333333333334,120,True,True,True,False,True,True,True,,,,,,
prec32_a1289,32,秋田県,a,daily_a1,1289,八幡平,ハチマンタイ,40.013333333333335,140.80166666666668,578,True,True,True,False,False,True,True,,,,,,
prec32_a1463,32,秋田県,a,daily_a1,1463,脇神,ワキガミ,40.19166666666667,140.37166666666667,84,True,True,True,False,False,False,True,,,,,,
prec32_a1511,32,秋田県,a,daily_a1,1511,雄和,ユウワ,39.615,140.21833333333333,93,True,True,True,False,True,False,True,,,,,,
prec32_s47582,32,秋田県,s,daily_s1,47582,秋田,アキタ,39.71666666666667,140.09833333333333,6.3,True,True,True,True,True,True,True,,,,,,
prec33_a0205,33,岩手県,a,daily_a1,0205,種市,タネイチ,40.403333333333336,141.7,70,True,True,True,False,False,True,True,,,,,,
prec33_a0206,33,岩手県,a,daily_a1,0206,軽米,カルマイ,40.325,141.46666666666667,148,True,True,True,False,False,True,True,,,,,,
prec33_a0207,33,岩手県,a,daily_a1,0207,二戸,ニノヘ,40.29833333333333,141.29833333333335,87,True,True,True,False,True,True,True,,,,,,
prec33_a0209,33,岩手県,a,daily_a1,0209,久慈,クジ,40.16833333333334,141.74833333333333,13,True,True,True,False,True,True,True,,,,,,
prec33_a0211,33,岩手県,a,daily_a1,0211,葛巻,クズマキ,40.04,141.45666666666668,418,True,True,True,False,True,True,True,,,,,,
prec33_a0214,33,岩手県,a,daily_a1,0214,岩手松尾,イワテマツオ,39.95166666666667,141.065,275,True,True,True,False,True,True,True,,,,,,
prec33_a0218,33,岩手県,a,daily_a1,0218,岩泉,イワイズミ,39.846666666666664,141.795,105,True,True,True,False,True,True,True,,,,,,
prec33_a0221,33,岩手県,a,daily_a1,0221,雫石,シズクイシ,39.696666666666665,140.975,195,True,True,True,False,True,True,True,,,,,,
prec33_a0227,33,岩手県,a,daily_a1,0227,花巻,ハナマキ,39.428333333333335,141.135,90,True,True,True,False,True,False,True,,,,,,
prec33_a0228,33,岩手県,a,daily_a1,0228,大迫,オオハサマ,39.47,141.27833333333334,150,True,True,True,False,False,True,True,,,,,,
prec33_a0229,33,岩手県,a,daily_a1,0229,湯田,ユダ,39.31,140.77666666666667,250,True,True,True,False,True,True,True,,,,,,
prec33_a0230,33,岩手県,a,daily_a1,0230,北上,キタカミ,39.288333333333334,141.11,61,True,True,True,False,True,True,True,,,,,,
prec33_a0231,33,岩手県,a,daily_a1,0231,遠野,トオノ,39.33833333333333,141.54333333333332,275,True,True,True,False,True,True,True,,,,,,
prec33_a0233,33,岩手県,a,daily_a1,0233,釜石,カマイシ,39.27,141.87833333333333,5,True,True,True,False,False,True,True,,,,,,
prec33_a0235,33,岩手県,a,daily_a1,0235,若柳,ワカヤナギ,39.14,141.06333333333333,97,True,True,True,False,False,True,True,,,,,,
prec33_a0236,33,岩手県,a,daily_a1,0236,江刺,エサシ,39.18333333333333,141.16166666666666,42,True,True,True,False,False,True,True,,,,,,
prec33_a0238,33,岩手県,a,daily_a1,0238,一関,イチノセキ,38.93333333333333,141.125,32,True,True,True,False,True,True,True,,,,,,
prec33_a0239,33,岩手県,a,daily_a1,0239,千厩,センマヤ,38.92166666666667,141.33,120,True,True,True,False,False,True,True,,,,,,
prec33_a1032,33,岩手県,a,daily_a1,1032,好摩,コウマ,39.86833333333333,141.16666666666666,205,True,True,True,False,False,True,True,,,,,,
prec33_a1033,33,岩手県,a,daily_a1,1033,山田,ヤマダ,39.45,141.95666666666668,24,True,True,True,False,False,True,True,,,,,,
prec33_a1078,33,岩手県,a,daily_a1,1078,薮川,ヤブカワ,39.78333333333333,141.32833333333335,680,True,True,True,False,False,True,True,,2012年5月31日までの地点名「藪川」,,,,
prec33_a1118,33,岩手県,a,daily_a1,1118,沢内,サワウチ,39.54833333333333,140.84333333333333,407,True,True,True,False,False,True,True,,,,,,
prec33_a1120,33,岩手県,a,daily_a1,1120,荒屋,アラヤ,40.10333333333333,141.05,290,True,True,True,False,False,True,True,,,,,,
prec33_a1123,33,岩手県,a,daily_a1,1123,普代,フダイ,40.00333333333333,141.88333333333333,8,True,True,True,False,False,True,True,,,,,,
prec33_a1128,33,岩手県,a,daily_a1,1128,紫波,シワ,39.54666666666667,141.12666666666667,125,True,True,True,False,False,True,True,,,,,,
prec33_a1206,33,岩手県,a,daily_a1,1206,住田,スミタ,39.141666666666666,141.57333333333332,80,True,True,True,False,False,True,True,,,,,,
prec33_a1212,33,岩手県,a,daily_a1,1212,小本,オモト,39.846666666666664,141.96333333333334,3,True,True,True,False,False,True,True,,,,,,
prec33_a1215,33,岩手県,a,daily_a1,1215,奥中山,オクナカヤマ,40.06,141.225,430,True,True,True,False,True,True,True,,,,,,
prec33_a1219,33,岩手県,a,daily_a1,1219,山形,ヤマガタ,40.14833333333333,141.57166666666666,290,True,True,True,False,False,True,True,,,,,,
prec33_a1224,33,岩手県,a,daily_a1,1224,川井,カワイ,39.598333333333336,141.68166666666667,192,True,True,True,False,False,True,True,,,,,,
prec33_a1447,33,岩手県,a,daily_a1,1447,区界,クザカイ,39.65,141.35333333333332,734,True,True,True,False,True,True,True,,,,,,
prec33_s47512,33,岩手県,s,daily_s1,47512,大船渡,オオフナト,39.06333333333333,141.71333333333334,36.9,True,True,True,True,True,True,True,,,,,,
prec33_s47584,33,岩手県,s,daily_s1,47584,盛岡,モリオカ,39.69833333333333,141.165,155.2,True,True,True,True,True,True,True,,,,,,
prec33_s47585,33,岩手県,s,daily_s1,47585,宮古,ミヤコ,39.64666666666667,141.965,42.5,True,True,True,True,True,True,True,,,,,,
prec34_a0242,34,宮城県,a,daily_a1,0242,気仙沼,ケセンヌマ,38.906666666666666,141.55666666666667,62,True,True,True,False,False,True,True,,,,,,
prec34_a0243,34,宮城県,a,daily_a1,0243,川渡,カワタビ,38.74333333333333,140.76,170,True,True,True,False,True,True,True,,,,,,
prec34_a0244,34,宮城県,a,daily_a1,0244,築館,ツキダテ,38.735,141.005,25,True,True,True,False,False,True,True,,,,,,
prec34_a0246,34,宮城県,a,daily_a1,0246,志津川,シヅガワ,38.681666666666665,141.44833333333332,39,True,True,True,False,False,True,True,,,,,,
prec34_a0247,34,宮城県,a,daily_a1,0247,古川,フルカワ,38.598333333333336,140.91166666666666,28,True,True,True,False,True,True,True,,,,,,
prec34_a0248,34,宮城県,a,daily_a1,0248,大衡,オオヒラ,38.473333333333336,140.88833333333332,57,True,True,True,False,False,True,True,,,,,,
prec34_a0249,34,宮城県,a,daily_a1,0249,鹿島台,カシマダイ,38.46,141.09166666666667,3,True,True,True,False,False,True,True,,,,,,
prec34_a0251,34,宮城県,a,daily_a1,0251,新川,ニッカワ,38.303333333333335,140.63666666666666,265,True,True,True,False,True,True,True,,,,,,
prec34_a0256,34,宮城県,a,daily_a1,0256,白石,シロイシ,38.015,140.61166666666668,86,True,True,True,False,True,True,True,,,,,,
prec34_a0257,34,宮城県,a,daily_a1,0257,亘理,ワタリ,38.025,140.85833333333332,4,True,True,True,False,False,True,True,,,,,,
prec34_a1029,34,宮城県,a,daily_a1,1029,米山,ヨネヤマ,38.625,141.18666666666667,4,True,True,True,False,False,True,True,,,,,,
prec34_a1030,34,宮城県,a,daily_a1,1030,塩釜,シオガマ,38.33833333333333,141.01333333333332,105,True,True,True,False,False,True,True,,,,,,
prec34_a1126,34,宮城県,a,daily_a1,1126,駒ノ湯,コマノユ,38.913333333333334,140.82833333333335,532,True,True,True,False,True,True,True,,,,,,
prec34_a1220,34,宮城県,a,daily_a1,1220,丸森,マルモリ,37.931666666666665,140.77833333333334,18,True,True,True,False,False,True,True,,,,,,
prec34_a1464,34,宮城県,a,daily_a1,1464,名取,ナトリ,38.138333333333335,140.91666666666666,2,True,True,True,False,True,False,True,,,,,,
prec34_a1564,34,宮城県,a,daily_a1,1564,蔵王,ザオウ,38.126666666666665,140.68,112,True,True,True,False,False,True,True,,,,,,
prec34_a1626,34,宮城県,a,daily_a1,1626,女川,オナガワ,38.446666666666665,141.45,38,True,True,True,False,False,True,True,,,,,,
prec34_s47590,34,宮城県,s,daily_s1,47590,仙台,センダイ,38.26166666666666,140.89666666666668,38.9,True,True,True,True,True,True,True,,,,,,
prec34_s47592,34,宮城県,s,daily_s1,47592,石巻,イシノマキ,38.42666666666667,141.29833333333335,42.5,True,True,True,True,True,True,True,,,,,,
prec35_a0260,35,山形県,a,daily_a1,0260,差首鍋,サスナベ,38.91833333333334,140.2,88,True,True,True,False,False,True,True,,,,,,
prec35_a0262,35,山形県,a,daily_a1,0262,金山,カネヤマ,38.87833333333333,140.33166666666668,170,True,True,True,False,True,True,True,,,,,,
prec35_a0263,35,山形県,a,daily_a1,0263,鶴岡,ツルオカ,38.735,139.82833333333335,16,True,True,True,False,False,True,True,,,,,,
prec35_a0264,35,山形県,a,daily_a1,0264,狩川,カリカワ,38.8,139.97333333333333,17,True,True,True,False,True,True,True,,,,,,
prec35_a0272,35,山形県,a,daily_a1,0272,左沢,アテラザワ,38.37,140.19166666666666,133,True,True,True,False,True,True,True,,,,,,
prec35_a0275,35,山形県,a,daily_a1,0275,長井,ナガイ,38.105,140.015,210,True,True,True,False,True,True,True,,,,,,
prec35_a0277,35,山形県,a,daily_a1,0277,小国,オグニ,38.07833333333333,139.735,140,True,True,True,False,True,True,True,,,,,,
prec35_a0278,35,山形県,a,daily_a1,0278,高峰,タカミネ,37.99,139.95333333333335,260,True,True,True,False,False,True,True,,,,,,
prec35_a0279,35,山形県,a,daily_a1,0279,米沢,ヨネザワ,37.91166666666667,140.14333333333335,245,True,True,True,False,True,True,True,,,,,,
prec35_a0910,35,山形県,a,daily_a1,0910,向町,ムカイマチ,38.75833333333333,140.51666666666668,212,True,True,True,False,True,True,True,,,,,,
prec35_a1039,35,山形県,a,daily_a1,1039,尾花沢,オバナザワ,38.608333333333334,140.41166666666666,106,True,True,True,False,True,True,True,,,,,,
prec35_a1040,35,山形県,a,daily_a1,1040,鼠ケ関,ネズガセキ,38.56666666666667,139.55166666666668,18,True,True,True,False,False,True,True,,,,,,
prec35_a1125,35,山形県,a,daily_a1,1125,肘折,ヒジオリ,38.60666666666667,140.16333333333333,330,True,True,True,False,True,True,True,,,,,,
prec35_a1132,35,山形県,a,daily_a1,1132,高畠,タカハタ,38.00333333333333,140.20666666666668,220,True,True,True,False,False,True,True,,,,,,
prec35_a1291,35,山形県,a,daily_a1,1291,飛島,トビシマ,39.18333333333333,139.54333333333332,58,True,True,True,False,False,True,True,,,,,,
prec35_a1292,35,山形県,a,daily_a1,1292,大井沢,オオイサワ,38.39,139.99333333333334,440,True,True,True,False,True,True,True,,,,,,
prec35_a1465,35,山形県,a,daily_a1,1465,浜中,ハマナカ,38.81166666666667,139.78666666666666,22,True,True,True,False,False,False,True,,,,,,
prec35_a1488,35,山形県,a,daily_a1,1488,東根,ヒガシネ,38.41166666666667,140.37,105,True,True,True,False,False,False,True,,,,,,
prec35_a1539,35,山形県,a,daily_a1,1539,村山,ムラヤマ,38.46,140.34833333333333,80,True,True,True,False,False,True,True,,,,,,
prec35_s47520,35,山形県,s,daily_s1,47520,新庄,シンジヨウ,38.75666666666667,140.31166666666667,105.1,True,True,True,True,True,True,True,,,,,,
prec35_s47587,35,山形県,s,daily_s1,47587,酒田,サカタ,38.90833333333333,139.84333333333333,3.1,True,True,True,True,True,True,True,,,,,,
prec35_s47588,35,山形県,s,daily_s1,47588,山形,ヤマガタ,38.255,140.345,152.5,True,True,True,True,True,True,True,,,,,,
prec36_a0281,36,福島県,a,daily_a1,0281,梁川,ヤナガワ,37.85166666666667,140.58833333333334,43,True,True,True,False,False,True,True,,,,,,
prec36_a0285,36,福島県,a,daily_a1,0285,相馬,ソウマ,37.78333333333333,140.925,9,True,True,True,False,False,True,True,,,,,,
prec36_a0286,36,福島県,a,daily_a1,0286,喜多方,キタカタ,37.65833333333333,139.86333333333334,212,True,True,True,False,False,True,True,,,,,,
prec36_a0290,36,福島県,a,daily_a1,0290,猪苗代,イナワシロ,37.55166666666667,140.10833333333332,519,True,True,True,False,True,True,True,,,,,,
prec36_a0291,36,福島県,a,daily_a1,0291,二本松,ニホンマツ,37.583333333333336,140.43,235,True,True,True,False,False,True,True,,,,,,
prec36_a0294,36,福島県,a,daily_a1,0294,船引,フネヒキ,37.435,140.57666666666665,421,True,True,True,False,False,True,True,,,,,,
prec36_a0295,36,福島県,a,daily_a1,0295,浪江,ナミエ,37.49166666666667,140.965,43,True,True,True,False,False,True,True,,,,,,
prec36_a0297,36,福島県,a,daily_a1,0297,只見,タダミ,37.343333333333334,139.31333333333333,377,True,True,True,False,True,True,True,,,,,,
prec36_a0299,36,福島県,a,daily_a1,0299,郡山,コオリヤマ,37.36833333333333,140.33,249,True,True,True,False,False,True,True,,,,,,
prec36_a0301,36,福島県,a,daily_a1,0301,南郷,ナンゴウ,37.265,139.53666666666666,494,True,True,True,False,True,True,True,,,,,,
prec36_a0303,36,福島県,a,daily_a1,0303,田島,タジマ,37.20666666666666,139.795,544,True,True,True,False,True,True,True,,,,,,
prec36_a0304,36,福島県,a,daily_a1,0304,小野新町,オノニイマチ,37.28666666666667,140.625,433,True,True,True,False,False,True,True,,,,,,
prec36_a0307,36,福島県,a,daily_a1,0307,石川,イシカワ,37.14666666666667,140.46,290,True,True,True,False,False,True,True,,,,,,
prec36_a0312,36,福島県,a,daily_a1,0312,東白川,ヒガシシラカワ,36.93833333333333,140.40833333333333,183,True,True,True,False,False,True,True,,,,,,
prec36_a1031,36,福島県,a,daily_a1,1031,西会津,ニシアイヅ,37.58833333333333,139.65666666666667,165,True,True,True,False,True,True,True,,,,,,
prec36_a1034,36,福島県,a,daily_a1,1034,広野,ヒロノ,37.233333333333334,141.0,43,True,True,True,False,False,True,True,,,,,,
prec36_a1044,36,福島県,a,daily_a1,1044,金山,カネヤマ,37.473333333333336,139.52833333333334,296,True,True,True,False,True,True,True,,,,,,
prec36_a1116,36,福島県,a,daily_a1,1116,鷲倉,ワシクラ,37.66833333333334,140.26,1220,True,True,True,False,False,True,True,,,,,,
prec36_a1129,36,福島県,a,daily_a1,1129,川内,カワウチ,37.336666666666666,140.80833333333334,410,True,True,True,False,False,True,True,,,,,,
prec36_a1130,36,福島県,a,daily_a1,1130,飯舘,イイタテ,37.665,140.72666666666666,463,True,True,True,False,False,True,True,,,,,,
prec36_a1282,36,福島県,a,daily_a1,1282,桧原,ヒバラ,37.721666666666664,140.05833333333334,824,True,True,True,False,False,True,True,,,,,,
prec36_a1293,36,福島県,a,daily_a1,1293,茂庭,モニワ,37.891666666666666,140.43666666666667,200,True,True,True,False,True,True,True,,,,,,
prec36_a1294,36,福島県,a,daily_a1,1294,湯本,ユモト,37.276666666666664,140.06333333333333,646,True,True,True,False,True,True,True,,,,,,
prec36_a1295,36,福島県,a,daily_a1,1295,桧枝岐,ヒノエマタ,37.01,139.375,973,True,True,True,False,True,True,True,,,,,,
prec36_a1466,36,福島県,a,daily_a1,1466,玉川,タマカワ,37.22666666666667,140.42666666666668,372,True,True,True,False,True,False,True,,,,,,
prec36_a1607,36,福島県,a,daily_a1,1607,山田,ヤマダ,36.93333333333333,140.73333333333332,25,True,True,True,False,False,True,True,,,,,,
prec36_s47570,36,福島県,s,daily_s1,47570,若松,ワカマツ,37.48833333333334,139.91,211.7,True,True,True,True,True,True,True,,,,,,
prec36_s47595,36,福島県,s,daily_s1,47595,福島,フクシマ,37.75833333333333,140.47,67.4,True,True,True,True,True,True,True,,,,,,
prec36_s47597,36,福島県,s,daily_s1,47597,白河,シラカワ,37.13166666666667,140.215,355,True,True,True,True,True,True,True,,,,,,
prec36_s47598,36,福島県,s,daily_s1,47598,小名浜,オナハマ,36.946666666666665,140.90333333333334,3.3,True,True,True,True,True,True,True,,,,,,
prec40_a0315,40,茨城県,a,daily_a1,0315,北茨城,キタイバラキ,36.833333333333336,140.77166666666668,5,True,True,True,False,False,True,True,,1991年2月20日までの地点名「大津」,,,,
prec40_a0316,40,茨城県,a,daily_a1,0316,大子,ダイゴ,36.778333333333336,140.345,120,True,True,True,False,False,True,True,,,,,,
prec40_a0318,40,茨城県,a,daily_a1,0318,笠間,カサマ,36.395,140.24,72,True,True,True,False,False,True,True,,,,,,
prec40_a0320,40,茨城県,a,daily_a1,0320,古河,コガ,36.20166666666667,139.71666666666667,20,True,True,True,False,False,True,True,,,,,,
prec40_a0322,40,茨城県,a,daily_a1,0322,下妻,シモツマ,36.16833333333334,139.945,20,True,True,True,False,False,True,True,,,,,,
prec40_a0324,40,茨城県,a,daily_a1,0324,土浦,ツチウラ,36.10333333333333,140.22,26,True,True,True,False,False,True,True,,,,,,
prec40_a0325,40,茨城県,a,daily_a1,0325,鹿嶋,カシマ,35.96333333333333,140.62166666666667,37,True,True,True,False,False,True,True,,1995年8月31日までの地点名「鹿島」,,,,
prec40_a1011,40,茨城県,a,daily_a1,1011,日立,ヒタチ,36.58,140.645,34,True,True,True,False,False,True,True,,,,,,
prec40_a1014,40,茨城県,a,daily_a1,1014,龍ケ崎,リュウガサキ,35.89,140.21166666666667,4,True,True,True,False,False,True,True,,1978年12月18日までの地点名「竜ケ崎」,,,,
prec40_a1245,40,茨城県,a,daily_a1,1245,鉾田,ホコタ,36.16833333333334,140.52666666666667,32,True,True,True,False,False,True,True,,,,,,
prec40_a1331,40,茨城県,a,daily_a1,1331,常陸大宮,ヒタチオオミヤ,36.60666666666667,140.325,95,True,True,True,False,False,True,True,,2011年4月10日までの地点名「小瀬」,,,,
prec40_a1530,40,茨城県,a,daily_a1,1530,下館,シモダテ,36.281666666666666,139.98833333333334,24,True,True,True,False,False,True,True,,,,,,
prec40_s47629,40,茨城県,s,daily_s1,47629,水戸,ミト,36.38,140.46666666666667,29,True,True,True,True,True,True,True,,,,,,
prec40_s47646,40,茨城県,s,daily_s1,47646,つくば（館野）,ツクバ（タテノ）,36.056666666666665,140.125,25.2,True,True,True,True,True,True,True,,,,,,
prec41_a0326,41,栃木県,a,daily_a1,0326,那須高原,ナスコウゲン,37.123333333333335,140.035,749,True,True,True,False,True,True,True,,2015年3月18日までの地点名「那須」,,,,
prec41_a0329,41,栃木県,a,daily_a1,0329,黒磯,クロイソ,36.98166666666667,140.01833333333335,343,True,True,True,False,False,True,True,,,,,,
prec41_a0331,41,栃木県,a,daily_a1,0331,大田原,オオタワラ,36.84,140.035,188,True,True,True,False,False,True,True,,,,,,
prec41_a0335,41,栃木県,a,daily_a1,0335,鹿沼,カヌマ,36.59166666666667,139.735,165,True,True,True,False,False,True,True,,,,,,
prec41_a0338,41,栃木県,a,daily_a1,0338,真岡,モオカ,36.47666666666667,139.98666666666668,91,True,True,True,False,False,True,True,,,,,,
prec41_a0341,41,栃木県,a,daily_a1,0341,小山,オヤマ,36.33833333333333,139.83,44,True,True,True,False,False,True,True,,,,,,
prec41_a1015,41,栃木県,a,daily_a1,1015,五十里,イカリ,36.92166666666667,139.695,620,True,True,True,False,False,True,True,,,,,,
prec41_a1018,41,栃木県,a,daily_a1,1018,佐野,サノ,36.36333333333334,139.57,68,True,True,True,False,False,True,True,,,,,,
prec41_a1221,41,栃木県,a,daily_a1,1221,土呂部,ドロブ,36.891666666666666,139.56833333333333,925,True,True,True,False,True,True,True,,,,,,
prec41_a1334,41,栃木県,a,daily_a1,1334,塩谷,シオヤ,36.75666666666667,139.88333333333333,225,True,True,True,False,False,True,True,,,,,,
prec41_a1605,41,栃木県,a,daily_a1,1605,那須烏山,ナスカラスヤマ,36.641666666666666,140.11666666666667,82,True,True,True,False,False,True,True,,,,,,
prec41_a1675,41,栃木県,a,daily_a1,1675,日光東町,ニッコウヒガシマチ,36.75,139.615,561,True,True,True,False,False,True,True,,,,,,
prec41_s47615,41,栃木県,s,daily_s1,47615,宇都宮,ウツノミヤ,36.54833333333333,139.86833333333334,119.4,True,True,True,True,True,True,True,,,,,,
prec41_s47690,41,栃木県,s,daily_s1,47690,奥日光（日光）,オクニッコウ（ニッコウ）,36.73833333333333,139.5,1291.9,True,True,True,True,True,True,True,,1968年3月29日までの地点名「中宮祠」,,,,
prec42_a0343,42,群馬県,a,daily_a1,0343,草津,クサツ,36.61666666666667,138.59166666666667,1223,True,True,True,False,True,True,True,,,,,,
prec42_a0346,42,群馬県,a,daily_a1,0346,沼田,ヌマタ,36.66833333333334,139.02166666666668,390,True,True,True,False,False,True,True,,,,,,
prec42_a0348,42,群馬県,a,daily_a1,0348,田代,タシロ,36.46333333333333,138.46333333333334,1230,True,True,True,False,False,True,True,,,,,,
prec42_a0351,42,群馬県,a,daily_a1,0351,桐生,キリュウ,36.41,139.325,117,True,True,True,False,False,True,True,,,,,,
prec42_a0353,42,群馬県,a,daily_a1,0353,上里見,カミサトミ,36.376666666666665,138.895,183,True,True,True,False,False,True,True,,,,,,
prec42_a0354,42,群馬県,a,daily_a1,0354,西野牧,ニシノマキ,36.245,138.70666666666668,375,True,True,True,False,False,True,True,,,,,,
prec42_a0356,42,群馬県,a,daily_a1,0356,館林,タテバヤシ,36.24,139.51333333333332,23,True,True,True,False,False,True,True,,,,,,
prec42_a1019,42,群馬県,a,daily_a1,1019,みなかみ,ミナカミ,36.77333333333333,138.965,524,True,True,True,False,True,True,True,,2006年2月28日までの地点名「水上」,,,,
prec42_a1020,42,群馬県,a,daily_a1,1020,中之条,ナカノジョウ,36.586666666666666,138.85,354,True,True,True,False,False,True,True,,,,,,
prec42_a1021,42,群馬県,a,daily_a1,1021,伊勢崎,イセサキ,36.33166666666666,139.165,64,True,True,True,False,False,True,True,,,,,,
prec42_a1222,42,群馬県,a,daily_a1,1222,藤原,フジワラ,36.86333333333333,139.05833333333334,700,True,True,True,False,True,True,True,,,,,,
prec42_a1223,42,群馬県,a,daily_a1,1223,神流,カンナ,36.108333333333334,138.89666666666668,357,True,True,True,False,False,True,True,,2004年5月31日までの地点名「万場」,,,,
prec42_s47624,42,群馬県,s,daily_s1,47624,前橋,マエバシ,36.405,139.06,112.1,True,True,True,True,True,True,True,,,,,,
prec43_a0359,43,埼玉県,a,daily_a1,0359,久喜,クキ,36.086666666666666,139.635,12,True,True,True,False,False,True,True,,,,,,
prec43_a0363,43,埼玉県,a,daily_a1,0363,さいたま,サイタマ,35.875,139.58666666666667,8,True,True,True,False,True,True,True,,2001年4月30日までの地点名「浦和」,,,,
prec43_a0364,43,埼玉県,a,daily_a1,0364,越谷,コシガヤ,35.88333333333333,139.75666666666666,3,True,True,True,False,False,True,True,,,,,,
prec43_a1009,43,埼玉県,a,daily_a1,1009,寄居,ヨリイ,36.105,139.18333333333334,128,True,True,True,False,False,True,True,,,,,,
prec43_a1070,43,埼玉県,a,daily_a1,1070,所沢,トコロザワ,35.77333333333333,139.41333333333333,119,True,True,True,False,False,True,True,,,,,,
prec43_a1232,43,埼玉県,a,daily_a1,1232,鳩山,ハトヤマ,35.985,139.335,44,True,True,True,False,False,True,True,,,,,,
prec43_s47626,43,埼玉県,s,daily_s1,47626,熊谷,クマガヤ,36.15,139.38,30,True,True,True,True,True,True,True,,,,,,
prec43_s47641,43,埼玉県,s,daily_s1,47641,秩父,チチブ,35.99,139.07333333333332,232.1,True,True,True,True,True,True,True,,,,,,
prec44_a0365,44,東京都,a,daily_a1,0365,小河内,オゴウチ,35.791666666666664,139.05,530,True,True,True,False,False,True,True,,,,,,
prec44_a0366,44,東京都,a,daily_a1,0366,八王子,ハチオウジ,35.666666666666664,139.31666666666666,123,True,True,True,False,False,True,True,,,,,,
prec44_a0370,44,東京都,a,daily_a1,0370,江戸川臨海,エドガワリンカイ,35.638333333333335,139.86333333333334,5,True,True,True,False,False,True,True,,2009年5月28日までの地点名「新木場」,,,,
prec44_a0371,44,東京都,a,daily_a1,0371,羽田,ハネダ,35.553333333333335,139.78,6,True,True,True,False,False,False,True,,,,,,
prec44_a1001,44,東京都,a,daily_a1,1001,青梅,オウメ,35.788333333333334,139.31166666666667,155,True,True,True,False,False,True,True,,,,,,
prec44_a1002,44,東京都,a,daily_a1,1002,練馬,ネリマ,35.73833333333333,139.59166666666667,51,True,True,True,False,False,True,True,,,,,,
prec44_a1133,44,東京都,a,daily_a1,1133,府中,フチュウ,35.68333333333333,139.48333333333332,59,True,True,True,False,False,True,True,,,,,,
prec44_a1467,44,東京都,a,daily_a1,1467,大島北ノ山,オオシマキタノヤマ,34.781666666666666,139.36,38,True,True,True,False,False,False,True,,,,,,
prec44_a1468,44,東京都,a,daily_a1,1468,八重見ヶ原,ヤエミガハラ,33.115,139.785,92,True,True,True,False,False,False,True,,,,,,
prec44_a1506,44,東京都,a,daily_a1,1506,三宅坪田,ミヤケツボタ,34.07333333333333,139.56,20,True,True,True,False,False,False,True,,,,,,
prec44_a1522,44,東京都,a,daily_a1,1522,新島,ニイジマ,34.36833333333333,139.26833333333335,29,True,True,True,False,False,False,True,,2008年11月17日までの地点名「川原」,,,,
prec44_a1523,44,東京都,a,daily_a1,1523,神津島,コウヅシマ,34.18833333333333,139.13333333333333,138,True,True,True,False,False,False,True,,2006年2月28日までの地点名「金長」,,,,
prec44_s47662,44,東京都,s,daily_s1,47662,東京,トウキヨウ,35.69166666666667,139.75,25.2,True,True,True,True,True,True,True,,,,,,
prec44_s47675,44,東京都,s,daily_s1,47675,大島,オオシマ,34.748333333333335,139.36166666666668,74,True,True,True,True,True,True,True,,,,,,
prec44_s47677,44,東京都,s,daily_s1,47677,三宅島,ミヤケジマ,34.123333333333335,139.52,38.2,True,True,True,True,True,True,True,,,,,,
prec44_s47678,44,東京都,s,daily_s1,47678,八丈島,ハチジヨウ,33.12166666666667,139.77833333333334,151.2,True,True,True,True,True,True,True,,,,,,
prec44_s47971,44,東京都,s,daily_s1,47971,父島,チチジマ,27.091666666666665,142.19,2.7,True,True,True,True,True,True,True,,,,,,
prec44_s47991,44,東京都,s,daily_s1,47991,南鳥島,ミナミトリシマ,24.288333333333334,153.98333333333332,7.1,True,True,True,True,True,True,True,,,,,,
prec45_a0375,45,千葉県,a,daily_a1,0375,香取,カトリ,35.858333333333334,140.50166666666667,37,True,True,True,False,False,True,True,,2006年4月2日までの地点名「佐原」,,,,
prec45_a0376,45,千葉県,a,daily_a1,0376,我孫子,アビコ,35.86333333333333,140.11,20,True,True,True,False,False,True,True,,,,,,
prec45_a0378,45,千葉県,a,daily_a1,0378,成田,ナリタ,35.763333333333335,140.385,41,True,True,True,False,False,False,True,,,,,,
prec45_a0381,45,千葉県,a,daily_a1,0381,茂原,モバラ,35.43666666666667,140.29333333333332,11,True,True,True,False,False,True,True,,,,,,
prec45_a0382,45,千葉県,a,daily_a1,0382,木更津,キサラヅ,35.361666666666665,139.94,60,True,True,True,False,False,True,True,,,,,,
prec45_a0384,45,千葉県,a,daily_a1,0384,鴨川,カモガワ,35.111666666666665,140.1,5,True,True,True,False,False,True,True,,,,,,
prec45_a0916,45,千葉県,a,daily_a1,0916,佐倉,サクラ,35.72833333333333,140.21166666666667,5,True,True,True,False,False,True,True,,,,,,
prec45_a1003,45,千葉県,a,daily_a1,1003,横芝光,ヨコシバヒカリ,35.655,140.505,5,True,True,True,False,False,True,True,,2006年4月2日までの地点名「横芝」,,,,
prec45_a1236,45,千葉県,a,daily_a1,1236,船橋,フナバシ,35.711666666666666,140.04333333333332,28,True,True,True,False,False,True,True,,,,,,
prec45_a1238,45,千葉県,a,daily_a1,1238,牛久,ウシク,35.39666666666667,140.14833333333334,30,True,True,True,False,False,True,True,,,,,,
prec45_a1241,45,千葉県,a,daily_a1,1241,坂畑,サカハタ,35.235,140.09833333333333,120,True,True,True,False,False,True,True,,,,,,
prec45_s47648,45,千葉県,s,daily_s1,47648,銚子,チヨウシ,35.73833333333333,140.85666666666665,20.1,True,True,True,True,True,True,True,,,,,,
prec45_s47672,45,千葉県,s,daily_s1,47672,館山,タテヤマ,34.986666666666665,139.865,5.8,True,True,True,True,True,True,True,,,,,,
prec45_s47674,45,千葉県,s,daily_s1,47674,勝浦,カツウラ,35.15,140.31166666666667,11.9,True,True,True,True,True,True,True,,,,,,
prec45_s47682,45,千葉県,s,daily_s1,47682,千葉,チバ,35.60166666666667,140.10333333333332,3.5,True,True,True,True,True,True,True,,,,,,
prec46_a0388,46,神奈川県,a,daily_a1,0388,海老名,エビナ,35.43333333333333,139.38666666666666,18,True,True,True,False,False,True,True,,1985年1月8日までの地点名「厚木」,,,,
prec46_a0392,46,神奈川県,a,daily_a1,0392,三浦,ミウラ,35.178333333333335,139.63,42,True,True,True,False,False,True,True,,,,,,
prec46_a1008,46,神奈川県,a,daily_a1,1008,小田原,オダワラ,35.276666666666664,139.155,14,True,True,True,False,False,True,True,,,,,,
prec46_a1443,46,神奈川県,a,daily_a1,1443,辻堂,ツジドウ,35.32,139.45,5,True,True,True,False,False,True,True,,,,,,
prec46_s47670,46,神奈川県,s,daily_s1,47670,横浜,ヨコハマ,35.43833333333333,139.65166666666667,39.1,True,True,True,True,True,True,True,,,,,,
prec48_a0393,48,長野県,a,daily_a1,0393,野沢温泉,ノザワオンセン,36.91166666666667,138.44166666666666,576,True,True,True,False,True,True,True,,,,,,
prec48_a0394,48,長野県,a,daily_a1,0394,信濃町,シナノマチ,36.80833333333333,138.19666666666666,685,True,True,True,False,True,True,True,,,,,,
prec48_a0395,48,長野県,a,daily_a1,0395,飯山,イイヤマ,36.875,138.375,313,True,True,True,False,True,True,True,,,,,,
prec48_a0396,48,長野県,a,daily_a1,0396,白馬,ハクバ,36.69833333333333,137.86166666666668,703,True,True,True,False,True,True,True,,,,,,
prec48_a0399,48,長野県,a,daily_a1,0399,大町,オオマチ,36.52333333333333,137.83166666666668,784,True,True,True,False,True,True,True,,,,,,
prec48_a0400,48,長野県,a,daily_a1,0400,信州新町,シンシュウシンマチ,36.54833333333333,137.99666666666667,509,True,True,True,False,False,True,True,,,,,,
prec48_a0402,48,長野県,a,daily_a1,0402,上田,ウエダ,36.4,138.265,502,True,True,True,False,False,True,True,,,,,,
prec48_a0404,48,長野県,a,daily_a1,0404,穂高,ホタカ,36.343333333333334,137.88166666666666,540,True,True,True,False,False,True,True,,,,,,
prec48_a0408,48,長野県,a,daily_a1,0408,佐久,サク,36.24666666666667,138.47666666666666,683,True,True,True,False,False,True,True,,,,,,
prec48_a0414,48,長野県,a,daily_a1,0414,原村,ハラムラ,35.97,138.22,1017,True,True,True,False,False,True,True,,,,,,
prec48_a0415,48,長野県,a,daily_a1,0415,野辺山,ノベヤマ,35.94833333333333,138.47166666666666,1350,True,True,True,False,False,True,True,,,,,,
prec48_a0417,48,長野県,a,daily_a1,0417,木曽福島,キソフクシマ,35.84,137.68833333333333,750,True,True,True,False,False,True,True,,,,,,
prec48_a0424,48,長野県,a,daily_a1,0424,飯島,イイジマ,35.653333333333336,137.89833333333334,728,True,True,True,False,False,True,True,,,,,,
prec48_a0992,48,長野県,a,daily_a1,0992,菅平,スガダイラ,36.531666666666666,138.325,1253,True,True,True,False,True,True,True,,,,,,
prec48_a0993,48,長野県,a,daily_a1,0993,東御,トウミ,36.38333333333333,138.38333333333333,958,True,True,True,False,False,True,True,,2004年3月31日までの地点名「東部町」,,,,
prec48_a1022,48,長野県,a,daily_a1,1022,南木曽,ナギソ,35.61,137.62,560,True,True,True,False,False,True,True,,,,,,
prec48_a1300,48,長野県,a,daily_a1,1300,立科,タテシナ,36.27166666666667,138.31333333333333,715,True,True,True,False,False,True,True,,,,,,
prec48_a1312,48,長野県,a,daily_a1,1312,奈川,ナガワ,36.08833333333333,137.68333333333334,1068,True,True,True,False,False,True,True,,,,,,
prec48_a1314,48,長野県,a,daily_a1,1314,開田高原,カイダコウゲン,35.93833333333333,137.60166666666666,1130,True,True,True,False,True,True,True,,2006年1月4日までの地点名「開田」,,,,
prec48_a1317,48,長野県,a,daily_a1,1317,浪合,ナミアイ,35.373333333333335,137.69166666666666,940,True,True,True,False,False,True,True,,,,,,
prec48_a1319,48,長野県,a,daily_a1,1319,辰野,タツノ,35.983333333333334,137.98333333333332,732,True,True,True,False,False,True,True,,,,,,
prec48_a1323,48,長野県,a,daily_a1,1323,南信濃,ミナミシナノ,35.321666666666665,137.93166666666667,407,True,True,True,False,False,True,True,,,,,,
prec48_a1445,48,長野県,a,daily_a1,1445,伊那,イナ,35.825,137.955,633,True,True,True,False,False,True,True,,,,,,
prec48_a1529,48,長野県,a,daily_a1,1529,松本今井,マツモトイマイ,36.166666666666664,137.92166666666665,658,True,True,True,False,False,False,True,,,,,,
prec48_a1666,48,長野県,a,daily_a1,1666,木祖薮原,キソヤブハラ,35.93666666666667,137.78666666666666,985,True,True,True,False,False,True,True,,,,,,
prec48_s47610,48,長野県,s,daily_s1,47610,長野,ナガノ,36.66166666666667,138.19166666666666,418.2,True,True,True,True,True,True,True,,,,,,
prec48_s47618,48,長野県,s,daily_s1,47618,松本,マツモト,36.24666666666667,137.97,610,True,True,True,True,True,True,True,,,,,,
prec48_s47620,48,長野県,s,daily_s1,47620,諏訪,スワ,36.045,138.10833333333332,760.1,True,True,True,True,True,True,True,,,,,,
prec48_s47622,48,長野県,s,daily_s1,47622,軽井沢,カルイザワ,36.34166666666667,138.54666666666665,999.1,True,True,True,True,True,True,True,,,,,,
prec48_s47637,48,長野県,s,daily_s1,47637,飯田,イイダ,35.52333333333333,137.82166666666666,516.4,True,True,True,True,True,True,True,,,,,,
prec49_a0433,49,山梨県,a,daily_a1,0433,勝沼,カツヌマ,35.663333333333334,138.725,394,True,True,True,False,False,True,True,,,,,,
prec49_a0434,49,山梨県,a,daily_a1,0434,大月,オオツキ,35.608333333333334,138.93833333333333,364,True,True,True,False,False,True,True,,,,,,
prec49_a0436,49,山梨県,a,daily_a1,0436,古関,フルセキ,35.528333333333336,138.615,552,True,True,True,False,False,True,True,,2006年2月28日までの地点名「上九一色」,,,,
prec49_a0438,49,山梨県,a,daily_a1,0438,山中,ヤマナカ,35.43666666666667,138.83666666666667,992,True,True,True,False,False,True,True,,,,,,
prec49_a0439,49,山梨県,a,daily_a1,0439,南部,ナンブ,35.288333333333334,138.445,141,True,True,True,False,False,True,True,,,,,,
prec49_a1023,49,山梨県,a,daily_a1,1023,大泉,オオイズミ,35.861666666666665,138.38666666666666,867,True,True,True,False,False,True,True,,,,,,
prec49_a1024,49,山梨県,a,daily_a1,1024,韮崎,ニラサキ,35.693333333333335,138.44833333333332,341,True,True,True,False,False,True,True,,,,,,
prec49_a1234,49,山梨県,a,daily_a1,1234,切石,キリイシ,35.46666666666667,138.44166666666666,226,True,True,True,False,False,True,True,,2004年9月30日までの地点名「中富」,,,,
prec49_s47638,49,山梨県,s,daily_s1,47638,甲府,コウフ,35.666666666666664,138.55333333333334,272.8,True,True,True,True,True,True,True,,,,,,
prec49_s47639,49,山梨県,s,daily_s1,47639,富士山,フジサン,35.36,138.72666666666666,3775.1,True,True,True,True,True,True,True,,,,,,
prec49_s47640,49,山梨県,s,daily_s1,47640,河口湖,カワグチコ,35.5,138.76,859.6,True,True,True,True,True,True,True,,1968年3月29日までの地点名「船津」,,,,
prec50_a0441,50,静岡県,a,daily_a1,0441,御殿場,ゴテンバ,35.305,138.92666666666668,472,True,True,True,False,False,True,True,,,,,,
prec50_a0442,50,静岡県,a,daily_a1,0442,富士,フジ,35.185,138.66333333333333,66,True,True,True,False,False,True,True,,2007年3月26日までの地点名「吉原」,,,,
prec50_a0445,50,静岡県,a,daily_a1,0445,川根本町,カワネホンチョウ,35.10166666666667,138.12833333333333,290,True,True,True,False,False,True,True,,2005年10月2日までの地点名「本川根」,,,,
prec50_a0451,50,静岡県,a,daily_a1,0451,天竜,テンリュウ,34.89,137.81333333333333,61,True,True,True,False,False,True,True,,,,,,
prec50_a0456,50,静岡県,a,daily_a1,0456,松崎,マツザキ,34.755,138.78333333333333,4,True,True,True,False,False,True,True,,,,,,
prec50_a0457,50,静岡県,a,daily_a1,0457,稲取,イナトリ,34.781666666666666,139.04833333333335,130,True,True,True,False,False,True,True,,,,,,
prec50_a0986,50,静岡県,a,daily_a1,0986,佐久間,サクマ,35.056666666666665,137.76166666666666,150,True,True,True,False,False,True,True,,,,,,
prec50_a1243,50,静岡県,a,daily_a1,1243,清水,シミズ,35.053333333333335,138.52166666666668,3,True,True,True,False,False,True,True,,,,,,
prec50_a1244,50,静岡県,a,daily_a1,1244,磐田,イワタ,34.69166666666667,137.88,1,True,True,True,False,False,True,True,,2005年7月6日までの地点名「福田」,,,,
prec50_a1335,50,静岡県,a,daily_a1,1335,菊川牧之原,キクガワマキノハラ,34.785,138.13833333333332,191,True,True,True,False,False,True,True,,2005年10月2日までの地点名「牧の原」,,,,
prec50_a1338,50,静岡県,a,daily_a1,1338,井川,イカワ,35.21666666666667,138.22166666666666,755,True,True,True,False,False,True,True,,,,,,
prec50_a1601,50,静岡県,a,daily_a1,1601,静岡空港,シズオカクウコウ,34.795,138.18833333333333,132,True,True,True,False,False,False,True,,,,,,
prec50_s47639,50,静岡県,s,daily_s1,47639,富士山,フジサン,35.36,138.72666666666666,3775.1,True,True,True,True,True,True,True,,,,,,
prec50_s47654,50,静岡県,s,daily_s1,47654,浜松,ハママツ,34.75333333333333,137.71166666666667,45.9,True,True,True,True,True,True,True,,,,,,
prec50_s47655,50,静岡県,s,daily_s1,47655,御前崎,オマエザキ,34.60333333333333,138.21333333333334,45.1,True,True,True,True,True,True,True,,,,,,
prec50_s47656,50,静岡県,s,daily_s1,47656,静岡,シズオカ,34.975,138.40333333333334,14.1,True,True,True,True,True,True,True,,,,,,
prec50_s47657,50,静岡県,s,daily_s1,47657,三島,ミシマ,35.11333333333334,138.925,20.5,True,True,True,True,True,True,True,,,,,,
prec50_s47666,50,静岡県,s,daily_s1,47666,石廊崎,イロウザキ,34.60333333333333,138.84166666666667,52.2,True,True,True,True,True,True,True,,1968年3月29日までの地点名「長津呂」,,,,
prec50_s47668,50,静岡県,s,daily_s1,47668,網代,アジロ,35.045,139.09166666666667,66.9,True,True,True,True,True,True,True,,,,,,
prec51_a0464,51,愛知県,a,daily_a1,0464,豊田,トヨタ,35.13166666666667,137.17666666666668,75,True,True,True,False,False,True,True,,,,,,
prec51_a0467,51,愛知県,a,daily_a1,0467,岡崎,オカザキ,34.91833333333334,137.19333333333333,47,True,True,True,False,False,True,True,,,,,,
prec51_a0470,51,愛知県,a,daily_a1,0470,豊橋,トヨハシ,34.75,137.34166666666667,3,True,True,True,False,False,True,True,,,,,,
prec51_a0982,51,愛知県,a,daily_a1,0982,稲武,イナブ,35.211666666666666,137.50666666666666,505,True,True,True,False,False,True,True,,,,,,
prec51_a0984,51,愛知県,a,daily_a1,0984,南知多,ミナミチタ,34.74,136.93833333333333,16,True,True,True,False,False,True,True,,,,,,
prec51_a1344,51,愛知県,a,daily_a1,1344,蒲郡,ガマゴオリ,34.845,137.21666666666667,55,True,True,True,False,False,True,True,,,,,,
prec51_a1346,51,愛知県,a,daily_a1,1346,愛西,アイサイ,35.21666666666667,136.69833333333332,5,True,True,True,False,False,True,True,,2005年3月31日までの地点名「八開」,,,,
prec51_a1541,51,愛知県,a,daily_a1,1541,新城,シンシロ,34.906666666666666,137.51833333333335,53,True,True,True,False,False,True,True,,,,,,
prec51_a1555,51,愛知県,a,daily_a1,1555,セントレア,セントレア,34.858333333333334,136.805,4,True,True,True,False,False,False,True,,,,,,
prec51_a1638,51,愛知県,a,daily_a1,1638,大府,オオブ,34.995,136.94333333333333,32,True,True,True,False,False,True,True,,,,,,
prec51_s47636,51,愛知県,s,daily_s1,47636,名古屋,ナゴヤ,35.166666666666664,136.965,51.1,True,True,True,True,True,True,True,,,,,,
prec51_s47653,51,愛知県,s,daily_s1,47653,伊良湖,イラコ,34.62833333333333,137.09333333333333,6.2,True,True,True,True,True,True,True,,,,,,
prec52_a0473,52,岐阜県,a,daily_a1,0473,神岡,カミオカ,36.321666666666665,137.30833333333334,455,True,True,True,False,True,True,True,,,,,,
prec52_a0483,52,岐阜県,a,daily_a1,0483,萩原,ハギワラ,35.888333333333335,137.20666666666668,425,True,True,True,False,False,True,True,,,,,,
prec52_a0485,52,岐阜県,a,daily_a1,0485,八幡,ハチマン,35.75666666666667,136.97833333333332,271,True,True,True,False,False,True,True,,,,,,
prec52_a0486,52,岐阜県,a,daily_a1,0486,樽見,タルミ,35.638333333333335,136.60166666666666,190,True,True,True,False,True,True,True,,,,,,
prec52_a0487,52,岐阜県,a,daily_a1,0487,金山,カナヤマ,35.66166666666667,137.16,233,True,True,True,False,False,True,True,,,,,,
prec52_a0491,52,岐阜県,a,daily_a1,0491,美濃加茂,ミノカモ,35.445,137.005,74,True,True,True,False,False,True,True,,,,,,
prec52_a0493,52,岐阜県,a,daily_a1,0493,恵那,エナ,35.446666666666665,137.40333333333334,315,True,True,True,False,False,True,True,,,,,,
prec52_a0494,52,岐阜県,a,daily_a1,0494,中津川,ナカツガワ,35.47666666666667,137.48666666666668,378,True,True,True,False,False,True,True,,,,,,
prec52_a0495,52,岐阜県,a,daily_a1,0495,関ケ原,セキガハラ,35.36333333333334,136.46666666666667,130,True,True,True,False,True,True,True,,,,,,
prec52_a0496,52,岐阜県,a,daily_a1,0496,大垣,オオガキ,35.346666666666664,136.62,6,True,True,True,False,False,True,True,,,,,,
prec52_a1057,52,岐阜県,a,daily_a1,1057,美濃,ミノ,35.555,136.91,68,True,True,True,False,False,True,True,,,,,,
prec52_a1058,52,岐阜県,a,daily_a1,1058,多治見,タジミ,35.346666666666664,137.10833333333332,120,True,True,True,False,False,True,True,,,,,,
prec52_a1061,52,岐阜県,a,daily_a1,1061,栃尾,トチオ,36.248333333333335,137.50333333333333,765,True,True,True,False,False,True,True,,,,,,
prec52_a1066,52,岐阜県,a,daily_a1,1066,宮地,ミヤジ,35.763333333333335,137.28833333333333,450,True,True,True,False,False,True,True,,,,,,
prec52_a1299,52,岐阜県,a,daily_a1,1299,長滝,ナガタキ,35.92333333333333,136.83166666666668,430,True,True,True,False,True,True,True,,,,,,
prec52_a1301,52,岐阜県,a,daily_a1,1301,揖斐川,イビガワ,35.485,136.56666666666666,45,True,True,True,False,False,True,True,,,,,,
prec52_a1305,52,岐阜県,a,daily_a1,1305,六厩,ムマヤ,36.06,137.035,1015,True,True,True,False,False,True,True,,,,,,
prec52_a1306,52,岐阜県,a,daily_a1,1306,白川,シラカワ,36.27333333333333,136.89666666666668,478,True,True,True,False,True,True,True,,,,,,
prec52_a1308,52,岐阜県,a,daily_a1,1308,河合,カワイ,36.305,137.1,471,True,True,True,False,True,True,True,,,,,,
prec52_a1311,52,岐阜県,a,daily_a1,1311,宮之前,ミヤノマエ,36.015,137.38833333333332,930,True,True,True,False,False,True,True,,,,,,
prec52_a1313,52,岐阜県,a,daily_a1,1313,黒川,クロカワ,35.598333333333336,137.31833333333333,517,True,True,True,False,False,True,True,,,,,,
prec52_s47617,52,岐阜県,s,daily_s1,47617,高山,タカヤマ,36.155,137.25333333333333,560,True,True,True,True,True,True,True,,,,,,
prec52_s47632,52,岐阜県,s,daily_s1,47632,岐阜,ギフ,35.4,136.76166666666666,12.7,True,True,True,True,True,True,True,,,,,,
prec53_a0500,53,三重県,a,daily_a1,0500,桑名,クワナ,35.05,136.69333333333333,3,True,True,True,False,False,True,True,,,,,,
prec53_a0503,53,三重県,a,daily_a1,0503,亀山,カメヤマ,34.87,136.45333333333335,70,True,True,True,False,False,True,True,,,,,,
prec53_a0509,53,三重県,a,daily_a1,0509,小俣,オバタ,34.528333333333336,136.665,10,True,True,True,False,False,True,True,,,,,,
prec53_a0510,53,三重県,a,daily_a1,0510,粥見,カユミ,34.44833333333333,136.39,120,True,True,True,False,False,True,True,,,,,,
prec53_a1230,53,三重県,a,daily_a1,1230,鳥羽,トバ,34.48166666666667,136.825,2,True,True,True,False,False,True,True,,,,,,
prec53_a1258,53,三重県,a,daily_a1,1258,南伊勢,ミナミイセ,34.345,136.68166666666667,6,True,True,True,False,False,True,True,,2006年2月28日までの地点名「南勢」,,,,
prec53_a1349,53,三重県,a,daily_a1,1349,紀伊長島,キイナガシマ,34.208333333333336,136.32666666666665,3,True,True,True,False,False,True,True,,,,,,
prec53_a1532,53,三重県,a,daily_a1,1532,熊野新鹿,クマノアタシカ,33.931666666666665,136.13833333333332,23,True,True,True,False,False,True,True,,,,,,
prec53_s47649,53,三重県,s,daily_s1,47649,上野,ウエノ,34.76166666666667,136.14166666666668,159.2,True,True,True,True,True,True,True,,,,,,
prec53_s47651,53,三重県,s,daily_s1,47651,津,ツ,34.733333333333334,136.51833333333335,2.7,True,True,True,True,True,True,True,,,,,,
prec53_s47663,53,三重県,s,daily_s1,47663,尾鷲,オワセ,34.068333333333335,136.19333333333333,15.3,True,True,True,True,True,True,True,,,,,,
prec53_s47684,53,三重県,s,daily_s1,47684,四日市,ヨツカイチ,34.94,136.58,55.1,True,True,True,True,True,True,True,,,,,,
prec54_a0515,54,新潟県,a,daily_a1,0515,村上,ムラカミ,38.22666666666667,139.47833333333332,10,True,True,True,False,False,True,True,,,,,,
prec54_a0518,54,新潟県,a,daily_a1,0518,両津,リョウツ,38.07333333333333,138.44,2,True,True,True,False,False,True,True,,,,,,
prec54_a0521,54,新潟県,a,daily_a1,0521,新津,ニイツ,37.791666666666664,139.08666666666667,3,True,True,True,False,True,True,True,,,,,,
prec54_a0522,54,新潟県,a,daily_a1,0522,巻,マキ,37.76833333333333,138.91333333333333,2,True,True,True,False,False,True,True,,,,,,
prec54_a0524,54,新潟県,a,daily_a1,0524,寺泊,テラドマリ,37.64,138.76666666666668,44,True,True,True,False,False,True,True,,,,,,
prec54_a0525,54,新潟県,a,daily_a1,0525,三条,サンジョウ,37.64,138.955,9,True,True,True,False,False,True,True,,,,,,
prec54_a0527,54,新潟県,a,daily_a1,0527,津川,ツガワ,37.67166666666667,139.44666666666666,100,True,True,True,False,True,True,True,,,,,,
prec54_a0529,54,新潟県,a,daily_a1,0529,長岡,ナガオカ,37.45,138.82333333333332,23,True,True,True,False,True,True,True,,,,,,
prec54_a0532,54,新潟県,a,daily_a1,0532,柏崎,カシワザキ,37.35166666666667,138.55333333333334,7,True,True,True,False,True,True,True,,,,,,
prec54_a0534,54,新潟県,a,daily_a1,0534,小出,コイデ,37.22666666666667,138.96333333333334,98,True,True,True,False,True,True,True,,,,,,
prec54_a0536,54,新潟県,a,daily_a1,0536,安塚,ヤスヅカ,37.10666666666667,138.45666666666668,126,True,True,True,False,True,True,True,,,,,,
prec54_a0537,54,新潟県,a,daily_a1,0537,十日町,トオカマチ,37.14333333333333,138.72666666666666,170,True,True,True,False,True,True,True,,,,,,
prec54_a0539,54,新潟県,a,daily_a1,0539,糸魚川,イトイガワ,37.04333333333334,137.875,8,True,True,True,False,False,True,True,,,,,,
prec54_a0540,54,新潟県,a,daily_a1,0540,能生,ノウ,37.083333333333336,138.02333333333334,55,True,True,True,False,True,True,True,,,,,,
prec54_a0543,54,新潟県,a,daily_a1,0543,津南,ツナン,36.99666666666667,138.68333333333334,452,True,True,True,False,True,True,True,,,,,,
prec54_a0544,54,新潟県,a,daily_a1,0544,湯沢,ユザワ,36.94166666666667,138.81,340,True,True,True,False,True,True,True,,,,,,
prec54_a0995,54,新潟県,a,daily_a1,0995,粟島,アワシマ,38.465,139.25333333333333,4,True,True,True,False,False,True,True,,,,,,
prec54_a0996,54,新潟県,a,daily_a1,0996,羽茂,ハモチ,37.84166666666667,138.31333333333333,11,True,True,True,False,False,True,True,,,,,,
prec54_a0997,54,新潟県,a,daily_a1,0997,守門,スモン,37.346666666666664,139.04333333333332,222,True,True,True,False,True,True,True,,2013年12月16日までの地点名「入広瀬」,,,,
prec54_a0998,54,新潟県,a,daily_a1,0998,関山,セキヤマ,36.93333333333333,138.22166666666666,350,True,True,True,False,True,True,True,,,,,,
prec54_a1060,54,新潟県,a,daily_a1,1060,下関,シモセキ,38.09166666666667,139.56333333333333,33,True,True,True,False,True,True,True,,,,,,
prec54_a1302,54,新潟県,a,daily_a1,1302,大潟,オオガタ,37.225,138.325,13,True,True,True,False,False,True,True,,,,,,
prec54_a1315,54,新潟県,a,daily_a1,1315,弾崎,ハジキザキ,38.33,138.51166666666666,58,True,True,True,False,False,True,True,,1997年3月31日までの地点名「二ツ亀」,,,,
prec54_a1318,54,新潟県,a,daily_a1,1318,中条,ナカジョウ,38.07666666666667,139.38833333333332,14,True,True,True,False,False,True,True,,,,,,
prec54_a1469,54,新潟県,a,daily_a1,1469,松浜,マツハマ,37.955,139.11166666666668,1,True,True,True,False,True,False,True,,,,,,
prec54_s47602,54,新潟県,s,daily_s1,47602,相川,アイカワ,38.028333333333336,138.24,5.5,True,True,True,True,True,True,True,,,,,,
prec54_s47604,54,新潟県,s,daily_s1,47604,新潟,ニイガタ,37.89333333333333,139.01833333333335,4.1,True,True,True,True,True,True,True,,,,,,
prec54_s47612,54,新潟県,s,daily_s1,47612,高田,タカダ,37.10666666666667,138.24666666666667,12.9,True,True,True,True,True,True,True,,,,,,
prec55_a0546,55,富山県,a,daily_a1,0546,朝日,アサヒ,36.93666666666667,137.56333333333333,43,True,True,True,False,True,True,True,,2017年9月26日までの地点名「泊」,,,,
prec55_a0547,55,富山県,a,daily_a1,0547,魚津,ウオヅ,36.821666666666665,137.42833333333334,48,True,True,True,False,True,True,True,,,,,,
prec55_a0552,55,富山県,a,daily_a1,0552,砺波,トナミ,36.61,136.955,69,True,True,True,False,True,True,True,,,,,,
prec55_a0553,55,富山県,a,daily_a1,0553,上市,カミイチ,36.67,137.42333333333335,296,True,True,True,False,False,True,True,,,,,,
prec55_a0554,55,富山県,a,daily_a1,0554,南砺高宮,ナントタカミヤ,36.545,136.87166666666667,91,True,True,True,False,False,True,True,,2004年12月5日までの地点名「福光」,,,,
prec55_a0555,55,富山県,a,daily_a1,0555,八尾,ヤツオ,36.57,137.15833333333333,124,True,True,True,False,False,True,True,,,,,,
prec55_a1309,55,富山県,a,daily_a1,1309,氷見,ヒミ,36.825,136.96833333333333,1,True,True,True,False,True,True,True,,,,,,
prec55_a1533,55,富山県,a,daily_a1,1533,秋ヶ島,アキガシマ,36.64833333333333,137.18666666666667,24,True,True,True,False,True,False,True,,,,,,
prec55_s47606,55,富山県,s,daily_s1,47606,伏木,フシキ,36.791666666666664,137.055,11.6,True,True,True,True,True,True,True,,,,,,
prec55_s47607,55,富山県,s,daily_s1,47607,富山,トヤマ,36.708333333333336,137.20166666666665,8.6,True,True,True,True,True,True,True,,,,,,
prec56_a0560,56,石川県,a,daily_a1,0560,珠洲,スズ,37.446666666666665,137.28666666666666,4,True,True,True,False,True,True,True,,,,,,
prec56_a0564,56,石川県,a,daily_a1,0564,志賀,シカ,37.14333333333333,136.725,6,True,True,True,False,False,True,True,,2005年10月2日までの地点名「富来」,,,,
prec56_a0565,56,石川県,a,daily_a1,0565,七尾,ナナオ,37.03,136.99166666666667,58,True,True,True,False,True,True,True,,1978年11月20日までの地点名「七尾第二」,,,,
prec56_a0566,56,石川県,a,daily_a1,0566,羽咋,ハクイ,36.89333333333333,136.77666666666667,15,True,True,True,False,False,True,True,,,,,,
prec56_a0567,56,石川県,a,daily_a1,0567,かほく,カホク,36.711666666666666,136.69166666666666,42,True,True,True,False,False,True,True,,2004年2月29日までの地点名「宇ノ気」,,,,
prec56_a0571,56,石川県,a,daily_a1,0571,加賀中津原,カガナカツハラ,36.26166666666666,136.39666666666668,65,True,True,True,False,True,True,True,,2005年10月2日までの地点名「山中」,2006年11月26日までの地点名「加賀山中」,2013年3月6日までの地点名「栢野」,2022年11月21日までの地点名「加賀菅谷」,
prec56_a0973,56,石川県,a,daily_a1,0973,白山河内,ハクサンカワチ,36.39666666666667,136.62,136,True,True,True,False,True,True,True,,2005年1月31日までの地点名「鳥越」,2014年12月18日までの地点名「白山吉野」,,,
prec56_a1324,56,石川県,a,daily_a1,1324,小松,コマツ,36.38166666666667,136.435,3,True,True,True,False,False,True,True,,,,,,
prec56_a1544,56,石川県,a,daily_a1,1544,三井,ミイ,37.29333333333334,136.96166666666667,219,True,True,True,False,False,False,True,,,,,,
prec56_s47600,56,石川県,s,daily_s1,47600,輪島,ワジマ,37.39,136.895,5.2,True,True,True,True,True,True,True,,,,,,
prec56_s47605,56,石川県,s,daily_s1,47605,金沢,カナザワ,36.58833333333333,136.63333333333333,5.7,True,True,True,True,True,True,True,,,,,,
prec57_a0573,57,福井県,a,daily_a1,0573,大野,オオノ,35.971666666666664,136.49666666666667,182,True,True,True,False,True,True,True,,,,,,
prec57_a0577,57,福井県,a,daily_a1,0577,今庄,イマジョウ,35.766666666666666,136.2,128,True,True,True,False,True,True,True,,,,,,
prec57_a0579,57,福井県,a,daily_a1,0579,小浜,オバマ,35.483333333333334,135.78166666666667,10,True,True,True,False,True,True,True,,,,,,
prec57_a1010,57,福井県,a,daily_a1,1010,美浜,ミハマ,35.6,135.91666666666666,10,True,True,True,False,False,True,True,,,,,,
prec57_a1071,57,福井県,a,daily_a1,1071,三国,ミクニ,36.24333333333333,136.17333333333335,34,True,True,True,False,False,True,True,,,,,,
prec57_a1226,57,福井県,a,daily_a1,1226,勝山,カツヤマ,36.038333333333334,136.52166666666668,196,True,True,True,False,False,True,True,,,,,,
prec57_a1316,57,福井県,a,daily_a1,1316,越廼,コシノ,36.01166666666666,135.99,30,True,True,True,False,False,True,True,,,,,,
prec57_a1537,57,福井県,a,daily_a1,1537,春江,ハルエ,36.141666666666666,136.22333333333333,5,True,True,True,False,False,False,True,,,,,,
prec57_s47616,57,福井県,s,daily_s1,47616,福井,フクイ,36.055,136.22166666666666,8.8,True,True,True,True,True,True,True,,,,,,
prec57_s47631,57,福井県,s,daily_s1,47631,敦賀,ツルガ,35.653333333333336,136.06166666666667,1.6,True,True,True,True,True,True,True,,,,,,
prec60_a0580,60,滋賀県,a,daily_a1,0580,今津,イマヅ,35.41166666666667,136.02833333333334,88,True,True,True,False,True,True,True,,,,,,
prec60_a0586,60,滋賀県,a,daily_a1,0586,大津,オオツ,34.99166666666667,135.91166666666666,86,True,True,True,False,True,True,True,,,,,,
prec60_a0587,60,滋賀県,a,daily_a1,0587,土山,ツチヤマ,34.93833333333333,136.27833333333334,248,True,True,True,False,False,True,True,,,,,,
prec60_a0963,60,滋賀県,a,daily_a1,0963,東近江,ヒガシオウミ,35.06166666666667,136.19,128,True,True,True,False,False,True,True,,2006年2月28日までの地点名「蒲生」,,,,
prec60_a0964,60,滋賀県,a,daily_a1,0964,信楽,シガラキ,34.913333333333334,136.08,265,True,True,True,False,False,True,True,,,,,,
prec60_a0976,60,滋賀県,a,daily_a1,0976,長浜,ナガハマ,35.42333333333333,136.24166666666667,95,True,True,True,False,False,True,True,,2010年3月24日までの地点名「虎姫」,,,,
prec60_a1083,60,滋賀県,a,daily_a1,1083,南小松,ミナミコマツ,35.235,135.95666666666668,90,True,True,True,False,False,True,True,,1992年1月17日までの地点名「北小松」,,,,
prec60_a1524,60,滋賀県,a,daily_a1,1524,米原,マイバラ,35.38333333333333,136.34333333333333,147,True,True,True,False,True,True,True,,2005年2月28日までの地点名「山東」,,,,
prec60_s47761,60,滋賀県,s,daily_s1,47761,彦根,ヒコネ,35.275,136.24333333333334,87.3,True,True,True,True,True,True,True,,,,,,
prec61_a0589,61,京都府,a,daily_a1,0589,宮津,ミヤヅ,35.55,135.235,2,True,True,True,False,False,True,True,,,,,,
prec61_a0593,61,京都府,a,daily_a1,0593,福知山,フクチヤマ,35.31166666666667,135.11333333333334,17,True,True,True,False,False,True,True,,,,,,
prec61_a0596,61,京都府,a,daily_a1,0596,園部,ソノベ,35.108333333333334,135.455,134,True,True,True,False,False,True,True,,,,,,
prec61_a0598,61,京都府,a,daily_a1,0598,京田辺,キョウタナベ,34.83,135.76,20,True,True,True,False,False,True,True,,1997年3月31日までの地点名「田辺」,,,,
prec61_a0965,61,京都府,a,daily_a1,0965,間人,タイザ,35.736666666666665,135.08666666666667,42,True,True,True,False,False,True,True,,,,,,
prec61_a1303,61,京都府,a,daily_a1,1303,美山,ミヤマ,35.275,135.55,200,True,True,True,False,True,True,True,,,,,,
prec61_s47750,61,京都府,s,daily_s1,47750,舞鶴,マイヅル,35.45,135.31666666666666,2.4,True,True,True,True,True,True,True,,,,,,
prec61_s47759,61,京都府,s,daily_s1,47759,京都,キヨウト,35.013333333333335,135.73166666666665,40.8,True,True,True,True,True,True,True,,,,,,
prec62_a0600,62,大阪府,a,daily_a1,0600,能勢,ノセ,34.94833333333333,135.455,235,True,True,True,False,False,True,True,,,,,,
prec62_a0602,62,大阪府,a,daily_a1,0602,豊中,トヨナカ,34.78333333333333,135.43833333333333,12,True,True,True,True,False,False,True,,,,,,
prec62_a0604,62,大阪府,a,daily_a1,0604,生駒山,イコマヤマ,34.675,135.67666666666668,626,True,True,True,False,False,True,True,,,,,,
prec62_a0606,62,大阪府,a,daily_a1,0606,熊取,クマトリ,34.385,135.35,68,True,True,True,False,False,True,True,,,,,,
prec62_a1062,62,大阪府,a,daily_a1,1062,堺,サカイ,34.555,135.485,20,True,True,True,False,False,True,True,,,,,,
prec62_a1065,62,大阪府,a,daily_a1,1065,枚方,ヒラカタ,34.80833333333333,135.67166666666665,26,True,True,True,False,False,True,True,,,,,,
prec62_a1470,62,大阪府,a,daily_a1,1470,八尾,ヤオ,34.596666666666664,135.6,10,True,True,True,False,False,False,True,,,,,,
prec62_a1471,62,大阪府,a,daily_a1,1471,関空島,カンクウジマ,34.43333333333333,135.23166666666665,5,True,True,True,False,False,False,True,,,,,,
prec62_s47772,62,大阪府,s,daily_s1,47772,大阪,オオサカ,34.681666666666665,135.51833333333335,23,True,True,True,True,True,True,True,,,,,,
prec63_a0607,63,兵庫県,a,daily_a1,0607,香住,カスミ,35.625,134.62666666666667,5,True,True,True,False,True,True,True,,,,,,
prec63_a0612,63,兵庫県,a,daily_a1,0612,和田山,ワダヤマ,35.32333333333333,134.84833333333333,80,True,True,True,False,True,True,True,,,,,,
prec63_a0613,63,兵庫県,a,daily_a1,0613,生野,イクノ,35.166666666666664,134.79166666666666,320,True,True,True,False,False,True,True,,,,,,
prec63_a0614,63,兵庫県,a,daily_a1,0614,柏原,カイバラ,35.13666666666666,135.065,98,True,True,True,False,False,True,True,,,,,,
prec63_a0615,63,兵庫県,a,daily_a1,0615,一宮,イチノミヤ,35.096666666666664,134.585,195,True,True,True,False,False,True,True,,,,,,
prec63_a0619,63,兵庫県,a,daily_a1,0619,上郡,カミゴオリ,34.858333333333334,134.37333333333333,20,True,True,True,False,False,True,True,,,,,,
prec63_a0624,63,兵庫県,a,daily_a1,0624,家島,イエシマ,34.67166666666667,134.52666666666667,88,True,True,True,False,False,True,True,,,,,,
prec63_a0625,63,兵庫県,a,daily_a1,0625,明石,アカシ,34.68666666666667,134.87666666666667,3,True,True,True,False,False,True,True,,,,,,
prec63_a0956,63,兵庫県,a,daily_a1,0956,西脇,ニシワキ,34.998333333333335,134.99666666666667,72,True,True,True,False,False,True,True,,,,,,
prec63_a0968,63,兵庫県,a,daily_a1,0968,福崎,フクサキ,34.95,134.74833333333333,72,True,True,True,False,False,True,True,,,,,,
prec63_a0969,63,兵庫県,a,daily_a1,0969,三田,サンダ,34.895,135.21166666666667,150,True,True,True,False,False,True,True,,,,,,
prec63_a0970,63,兵庫県,a,daily_a1,0970,郡家,グンゲ,34.46666666666667,134.84833333333333,5,True,True,True,False,False,True,True,,,,,,
prec63_a0977,63,兵庫県,a,daily_a1,0977,兎和野高原,ウワノコウゲン,35.431666666666665,134.58333333333334,540,True,True,True,False,True,True,True,,2007年1月15日までの地点名「村岡」,,,,
prec63_a1227,63,兵庫県,a,daily_a1,1227,三木,ミキ,34.776666666666664,135.01333333333332,145,True,True,True,False,False,True,True,,,,,,
prec63_a1337,63,兵庫県,a,daily_a1,1337,南淡,ナンダン,34.218333333333334,134.72,5,True,True,True,False,False,True,True,,,,,,
prec63_a1587,63,兵庫県,a,daily_a1,1587,神戸空港,コウベクウコウ,34.63166666666667,135.22333333333333,5,True,True,True,False,False,False,True,,,,,,
prec63_s47747,63,兵庫県,s,daily_s1,47747,豊岡,トヨオカ,35.535,134.82166666666666,3.4,True,True,True,True,True,True,True,,,,,,
prec63_s47769,63,兵庫県,s,daily_s1,47769,姫路,ヒメジ,34.83833333333333,134.67,38.2,True,True,True,True,True,True,True,,,,,,
prec63_s47770,63,兵庫県,s,daily_s1,47770,神戸,コウベ,34.696666666666665,135.21166666666667,5.3,True,True,True,True,True,True,True,,,,,,
prec63_s47776,63,兵庫県,s,daily_s1,47776,洲本,スモト,34.31,134.84833333333333,68.8,True,True,True,True,True,True,True,,,,,,
prec64_a0630,64,奈良県,a,daily_a1,0630,針,ハリ,34.605,135.95166666666665,468,True,True,True,False,False,True,True,,,,,,
prec64_a0633,64,奈良県,a,daily_a1,0633,大宇陀,オオウダ,34.48833333333334,135.93166666666667,349,True,True,True,False,False,True,True,,,,,,
prec64_a0635,64,奈良県,a,daily_a1,0635,五條,ゴジョウ,34.38,135.73,190,True,True,True,False,False,True,True,,,,,,
prec64_a0957,64,奈良県,a,daily_a1,0957,上北山,カミキタヤマ,34.13666666666666,136.005,334,True,True,True,False,False,True,True,,,,,,
prec64_a1228,64,奈良県,a,daily_a1,1228,風屋,カゼヤ,34.045,135.78666666666666,301,True,True,True,False,False,True,True,,,,,,
prec64_s47780,64,奈良県,s,daily_s1,47780,奈良,ナラ,34.67333333333333,135.83666666666667,102.1,True,True,True,True,True,True,True,,,,,,
prec65_a0645,65,和歌山県,a,daily_a1,0645,高野山,コウヤサン,34.221666666666664,135.59,801,True,True,True,False,False,True,True,,,,,,
prec65_a0649,65,和歌山県,a,daily_a1,0649,新宮,シングウ,33.68666666666667,135.97,18,True,True,True,False,False,True,True,,,,,,
prec65_a0971,65,和歌山県,a,daily_a1,0971,栗栖川,クリスガワ,33.791666666666664,135.51333333333332,160,True,True,True,False,False,True,True,,,,,,
prec65_a1063,65,和歌山県,a,daily_a1,1063,清水,シミズ,34.086666666666666,135.425,240,True,True,True,False,False,True,True,,1979年1月8日までの地点名「八幡」,,,,
prec65_a1089,65,和歌山県,a,daily_a1,1089,龍神,リュウジン,33.945,135.55666666666667,410,True,True,True,False,False,True,True,,1997年7月31日までの地点名「竜神」,,,,
prec65_a1342,65,和歌山県,a,daily_a1,1342,かつらぎ,カツラギ,34.31,135.52833333333334,142,True,True,True,False,False,True,True,,,,,,
prec65_a1347,65,和歌山県,a,daily_a1,1347,西川,ニシカワ,33.638333333333335,135.71,150,True,True,True,False,False,True,True,,,,,,
prec65_a1457,65,和歌山県,a,daily_a1,1457,友ケ島,トモガシマ,34.28,134.99833333333333,44,True,True,True,False,False,True,True,,,,,,
prec65_a1485,65,和歌山県,a,daily_a1,1485,川辺,カワベ,33.89333333333333,135.21666666666667,84,True,True,True,False,False,True,True,,,,,,
prec65_a1589,65,和歌山県,a,daily_a1,1589,南紀白浜,ナンキシラハマ,33.66166666666667,135.36333333333334,89,True,True,True,False,False,False,True,,,,,,
prec65_s47777,65,和歌山県,s,daily_s1,47777,和歌山,ワカヤマ,34.22833333333333,135.16333333333333,13.9,True,True,True,True,True,True,True,,,,,,
prec65_s47778,65,和歌山県,s,daily_s1,47778,潮岬,シオノミサキ,33.45,135.75666666666666,67.5,True,True,True,True,True,True,True,,,,,,
prec66_a0655,66,岡山県,a,daily_a1,0655,今岡,イマオカ,35.098333333333336,134.325,207,True,True,True,False,True,True,True,,2005年3月31日までの地点名「古町」,,,,
prec66_a0656,66,岡山県,a,daily_a1,0656,久世,クセ,35.068333333333335,133.75333333333333,144,True,True,True,False,False,True,True,,,,,,
prec66_a0658,66,岡山県,a,daily_a1,0658,新見,ニイミ,34.943333333333335,133.51833333333335,393,True,True,True,False,False,True,True,,,,,,
prec66_a0663,66,岡山県,a,daily_a1,0663,福渡,フクワタリ,34.86666666666667,133.90333333333334,63,True,True,True,False,False,True,True,,,,,,
prec66_a0664,66,岡山県,a,daily_a1,0664,和気,ワケ,34.815,134.18333333333334,35,True,True,True,False,False,True,True,,,,,,
prec66_a0668,66,岡山県,a,daily_a1,0668,虫明,ムシアゲ,34.681666666666665,134.20666666666668,10,True,True,True,False,False,True,True,,,,,,
prec66_a0669,66,岡山県,a,daily_a1,0669,倉敷,クラシキ,34.59,133.76833333333335,3,True,True,True,False,False,True,True,,,,,,
prec66_a0670,66,岡山県,a,daily_a1,0670,玉野,タマノ,34.486666666666665,133.95,2,True,True,True,False,False,True,True,,,,,,
prec66_a0919,66,岡山県,a,daily_a1,0919,笠岡,カサオカ,34.501666666666665,133.495,0,True,True,True,False,False,True,True,,,,,,
prec66_a0930,66,岡山県,a,daily_a1,0930,高梁,タカハシ,34.791666666666664,133.61,60,True,True,True,False,False,True,True,,,,,,
prec66_a1140,66,岡山県,a,daily_a1,1140,奈義,ナギ,35.111666666666665,134.17,212,True,True,True,False,False,True,True,,,,,,
prec66_a1328,66,岡山県,a,daily_a1,1328,上長田,カミナガタ,35.29666666666667,133.725,430,True,True,True,False,True,True,True,,,,,,
prec66_a1330,66,岡山県,a,daily_a1,1330,千屋,チヤ,35.10333333333333,133.435,525,True,True,True,False,True,True,True,,,,,,
prec66_a1531,66,岡山県,a,daily_a1,1531,日応寺,ニチオウジ,34.75666666666667,133.855,239,True,True,True,False,False,False,True,,,,,,
prec66_s47756,66,岡山県,s,daily_s1,47756,津山,ツヤマ,35.06333333333333,134.00833333333333,145.7,True,True,True,True,True,True,True,,,,,,
prec66_s47768,66,岡山県,s,daily_s1,47768,岡山,オカヤマ,34.685,133.925,5.3,True,True,True,True,True,True,True,,,,,,
prec67_a0674,67,広島県,a,daily_a1,0674,三次,ミヨシ,34.81166666666667,132.85,159,True,True,True,False,False,True,True,,,,,,
prec67_a0675,67,広島県,a,daily_a1,0675,庄原,ショウバラ,34.86,133.02333333333334,300,True,True,True,False,False,True,True,,,,,,
prec67_a0676,67,広島県,a,daily_a1,0676,大朝,オオアサ,34.76833333333333,132.46333333333334,399,True,True,True,False,True,True,True,,,,,,
prec67_a0677,67,広島県,a,daily_a1,0677,加計,カケ,34.61,132.32,210,True,True,True,False,False,True,True,,,,,,
prec67_a0681,67,広島県,a,daily_a1,0681,世羅,セラ,34.583333333333336,133.05,350,True,True,True,False,False,True,True,,,,,,
prec67_a0683,67,広島県,a,daily_a1,0683,東広島,ヒガシヒロシマ,34.416666666666664,132.7,224,True,True,True,False,False,True,True,,1989年11月29日までの地点名「西条」,,,,
prec67_a0686,67,広島県,a,daily_a1,0686,竹原,タケハラ,34.33,132.98166666666665,5,True,True,True,False,False,True,True,,,,,,
prec67_a0687,67,広島県,a,daily_a1,0687,生口島,イクチジマ,34.278333333333336,133.12333333333333,3,True,True,True,False,False,True,True,,2009年2月26日までの地点名「因島」,,,,
prec67_a0688,67,広島県,a,daily_a1,0688,大竹,オオタケ,34.221666666666664,132.22,1,True,True,True,False,False,True,True,,,,,,
prec67_a0947,67,広島県,a,daily_a1,0947,高野,タカノ,35.03333333333333,132.90166666666667,570,True,True,True,False,True,True,True,,,,,,
prec67_a0950,67,広島県,a,daily_a1,0950,三入,ミイリ,34.545,132.53,70,True,True,True,False,False,True,True,,2001年12月19日までの地点名「可部」,,,,
prec67_a0951,67,広島県,a,daily_a1,0951,府中,フチュウ,34.56166666666667,133.23166666666665,70,True,True,True,False,False,True,True,,,,,,
prec67_a1325,67,広島県,a,daily_a1,1325,油木,ユキ,34.763333333333335,133.27833333333334,510,True,True,True,False,False,True,True,,,,,,
prec67_a1326,67,広島県,a,daily_a1,1326,廿日市津田,ハツカイチツタ,34.365,132.19,317,True,True,True,False,False,True,True,,2003年2月28日までの地点名「佐伯」,,,,
prec67_a1472,67,広島県,a,daily_a1,1472,本郷,ホンゴウ,34.435,132.91833333333332,331,True,True,True,False,False,False,True,,,,,,
prec67_a1606,67,広島県,a,daily_a1,1606,呉市蒲刈,クレシカマガリ,34.165,132.74833333333333,48,True,True,True,False,False,True,True,,,,,,
prec67_s47765,67,広島県,s,daily_s1,47765,広島,ヒロシマ,34.39833333333333,132.46166666666667,3.6,True,True,True,True,True,True,True,,,,,,
prec67_s47766,67,広島県,s,daily_s1,47766,呉,クレ,34.24,132.55,3.5,True,True,True,True,True,True,True,,,,,,
prec67_s47767,67,広島県,s,daily_s1,47767,福山,フクヤマ,34.446666666666665,133.24666666666667,1.6,True,True,True,True,True,True,True,,1970年4月16日までの地点名「松永」,,,,
prec68_a0693,68,島根県,a,daily_a1,0693,鹿島,カシマ,35.52,132.98333333333332,3,True,True,True,False,False,True,True,,,,,,
prec68_a0694,68,島根県,a,daily_a1,0694,斐川,ヒカワ,35.413333333333334,132.89,2,True,True,True,False,True,False,True,,,,,,
prec68_a0697,68,島根県,a,daily_a1,0697,大田,オオダ,35.19,132.49666666666667,30,True,True,True,False,False,True,True,,,,,,
prec68_a0698,68,島根県,a,daily_a1,0698,掛合,カケヤ,35.196666666666665,132.815,215,True,True,True,False,False,True,True,,,,,,
prec68_a0699,68,島根県,a,daily_a1,0699,横田,ヨコタ,35.17333333333333,133.10333333333332,369,True,True,True,False,True,True,True,,,,,,
prec68_a0701,68,島根県,a,daily_a1,0701,川本,カワモト,34.97666666666667,132.49166666666667,132,True,True,True,False,False,True,True,,,,,,
prec68_a0704,68,島根県,a,daily_a1,0704,益田,マスダ,34.68666666666667,131.85,22,True,True,True,False,False,True,True,,,,,,
prec68_a0707,68,島根県,a,daily_a1,0707,津和野,ツワノ,34.461666666666666,131.77,165,True,True,True,False,False,True,True,,,,,,
prec68_a1094,68,島根県,a,daily_a1,1094,瑞穂,ミズホ,34.85333333333333,132.53,327,True,True,True,False,True,True,True,,,,,,
prec68_a1307,68,島根県,a,daily_a1,1307,海士,アマ,36.096666666666664,133.09666666666666,3,True,True,True,False,False,True,True,,,,,,
prec68_a1310,68,島根県,a,daily_a1,1310,出雲,イズモ,35.33166666666666,132.73,20,True,True,True,False,False,True,True,,,,,,
prec68_a1320,68,島根県,a,daily_a1,1320,赤名,アカナ,35.001666666666665,132.71166666666667,444,True,True,True,False,True,True,True,,,,,,
prec68_a1321,68,島根県,a,daily_a1,1321,弥栄,ヤサカ,34.776666666666664,132.10833333333332,380,True,True,True,False,True,True,True,,,,,,
prec68_a1473,68,島根県,a,daily_a1,1473,西郷岬,サイゴウミサキ,36.178333333333335,133.32333333333332,80,True,True,True,False,False,False,True,,,,,,
prec68_a1474,68,島根県,a,daily_a1,1474,高津,タカツ,34.675,131.79,54,True,True,True,False,False,False,True,,,,,,
prec68_a1592,68,島根県,a,daily_a1,1592,吉賀,ヨシカ,34.391666666666666,131.89333333333335,250,True,True,True,False,False,True,True,,,,,,
prec68_s47740,68,島根県,s,daily_s1,47740,西郷,サイゴウ,36.20333333333333,133.33333333333334,26.5,True,True,True,True,True,True,True,,,,,,
prec68_s47741,68,島根県,s,daily_s1,47741,松江,マツエ,35.45666666666666,133.065,16.9,True,True,True,True,True,True,True,,,,,,
prec68_s47755,68,島根県,s,daily_s1,47755,浜田,ハマダ,34.89666666666667,132.07,19,True,True,True,True,True,True,True,,,,,,
prec69_a0709,69,鳥取県,a,daily_a1,0709,青谷,アオヤ,35.52,133.99666666666667,13,True,True,True,False,False,True,True,,,,,,
prec69_a0711,69,鳥取県,a,daily_a1,0711,岩井,イワイ,35.55833333333333,134.36,19,True,True,True,False,False,True,True,,,,,,
prec69_a0713,69,鳥取県,a,daily_a1,0713,倉吉,クラヨシ,35.473333333333336,133.83833333333334,8,True,True,True,False,True,True,True,,,,,,
prec69_a0718,69,鳥取県,a,daily_a1,0718,智頭,チズ,35.263333333333335,134.24,182,True,True,True,False,True,True,True,,,,,,
prec69_a1231,69,鳥取県,a,daily_a1,1231,塩津,シオツ,35.52333333333333,133.56666666666666,15,True,True,True,False,False,True,True,,2007年3月31日までの地点名「下市」,,,,
prec69_a1304,69,鳥取県,a,daily_a1,1304,茶屋,チャヤ,35.18666666666667,133.23,490,True,True,True,False,False,True,True,,,,,,
prec69_a1519,69,鳥取県,a,daily_a1,1519,湖山,コヤマ,35.53,134.165,15,True,True,True,False,False,False,True,,,,,,
prec69_s47742,69,鳥取県,s,daily_s1,47742,境,サカイ,35.54333333333334,133.235,2,True,True,True,True,True,True,True,,,,,,
prec69_s47744,69,鳥取県,s,daily_s1,47744,米子,ヨナゴ,35.43333333333333,133.33833333333334,6.5,True,True,True,True,True,True,True,,,,,,
prec69_s47746,69,鳥取県,s,daily_s1,47746,鳥取,トツトリ,35.486666666666665,134.23833333333334,7.1,True,True,True,True,True,True,True,,,,,,
prec71_a0720,71,徳島県,a,daily_a1,0720,池田,イケダ,34.02333333333333,133.795,214,True,True,True,False,False,True,True,,,,,,
prec71_a0724,71,徳島県,a,daily_a1,0724,日和佐,ヒワサ,33.73166666666667,134.53833333333333,3,True,True,True,False,False,True,True,,,,,,
prec71_a0972,71,徳島県,a,daily_a1,0972,穴吹,アナブキ,34.04,134.15666666666667,160,True,True,True,False,False,True,True,,,,,,
prec71_a1242,71,徳島県,a,daily_a1,1242,蒲生田,カモダ,33.836666666666666,134.74166666666667,10,True,True,True,False,False,True,True,,,,,,
prec71_a1352,71,徳島県,a,daily_a1,1352,木頭,キトウ,33.77166666666667,134.19833333333332,363,True,True,True,False,False,True,True,,,,,,
prec71_a1604,71,徳島県,a,daily_a1,1604,海陽,カイヨウ,33.611666666666665,134.355,5,True,True,True,False,False,True,True,,,,,,
prec71_a1677,71,徳島県,a,daily_a1,1677,東祖谷,ヒガシイヤ,33.87,133.97833333333332,781,True,True,True,False,False,True,True,,,,,,
prec71_s47895,71,徳島県,s,daily_s1,47895,徳島,トクシマ,34.06666666666667,134.57333333333332,1.6,True,True,True,True,True,True,True,,,,,,
prec72_a0726,72,香川県,a,daily_a1,0726,内海,ウチノミ,34.471666666666664,134.27333333333334,20,True,True,True,False,False,True,True,,,,,,
prec72_a0729,72,香川県,a,daily_a1,0729,滝宮,タキノミヤ,34.236666666666665,133.92333333333335,60,True,True,True,False,False,True,True,,,,,,
prec72_a0730,72,香川県,a,daily_a1,0730,引田,ヒケタ,34.21333333333333,134.40666666666667,12,True,True,True,False,False,True,True,,,,,,
prec72_a1239,72,香川県,a,daily_a1,1239,財田,サイタ,34.12,133.77166666666668,65,True,True,True,False,False,True,True,,,,,,
prec72_a1475,72,香川県,a,daily_a1,1475,香南,コウナン,34.21333333333333,134.015,185,True,True,True,False,False,False,True,,,,,,
prec72_s47890,72,香川県,s,daily_s1,47890,多度津,タドツ,34.275,133.75166666666667,3.7,True,True,True,True,True,True,True,,,,,,
prec72_s47891,72,香川県,s,daily_s1,47891,高松,タカマツ,34.318333333333335,134.05333333333334,9.4,True,True,True,True,True,True,True,,,,,,
prec73_a0732,73,愛媛県,a,daily_a1,0732,大三島,オオミシマ,34.25,133.00666666666666,9,True,True,True,False,False,True,True,,,,,,
prec73_a0734,73,愛媛県,a,daily_a1,0734,新居浜,ニイハマ,33.93666666666667,133.33833333333334,90,True,True,True,False,False,True,True,,,,,,
prec73_a0735,73,愛媛県,a,daily_a1,0735,四国中央,シコクチュウオウ,33.98166666666667,133.58166666666668,75,True,True,True,False,False,True,True,,2009年2月9日までの地点名「三島」,,,,
prec73_a0739,73,愛媛県,a,daily_a1,0739,長浜,ナガハマ,33.61666666666667,132.48,4,True,True,True,False,False,True,True,,,,,,
prec73_a0741,73,愛媛県,a,daily_a1,0741,久万,クマ,33.663333333333334,132.895,511,True,True,True,False,False,True,True,,,,,,
prec73_a0745,73,愛媛県,a,daily_a1,0745,御荘,ミショウ,32.96333333333333,132.57,12,True,True,True,False,False,True,True,,,,,,
prec73_a0958,73,愛媛県,a,daily_a1,0958,西条,サイジョウ,33.915,133.08,4,True,True,True,False,False,True,True,,2007年2月15日までの地点名「丹原」,,,,
prec73_a0959,73,愛媛県,a,daily_a1,0959,大洲,オオズ,33.50833333333333,132.535,20,True,True,True,False,False,True,True,,,,,,
prec73_a0961,73,愛媛県,a,daily_a1,0961,宇和,ウワ,33.36666666666667,132.50333333333333,200,True,True,True,False,False,True,True,,,,,,
prec73_a1077,73,愛媛県,a,daily_a1,1077,今治,イマバリ,34.053333333333335,132.975,27,True,True,True,False,False,True,True,,,,,,
prec73_a1350,73,愛媛県,a,daily_a1,1350,近永,チカナガ,33.25333333333333,132.675,129,True,True,True,False,False,True,True,,,,,,
prec73_a1456,73,愛媛県,a,daily_a1,1456,瀬戸,セト,33.446666666666665,132.25666666666666,143,True,True,True,False,False,True,True,,,,,,
prec73_a1521,73,愛媛県,a,daily_a1,1521,松山南吉田,マツヤマミナミヨシダ,33.82666666666667,132.69833333333332,4,True,True,True,False,False,False,True,,,,,,
prec73_s47887,73,愛媛県,s,daily_s1,47887,松山,マツヤマ,33.843333333333334,132.77666666666667,32.2,True,True,True,True,True,True,True,,,,,,
prec73_s47892,73,愛媛県,s,daily_s1,47892,宇和島,ウワジマ,33.22666666666667,132.55166666666668,2.4,True,True,True,True,True,True,True,,,,,,
prec74_a0746,74,高知県,a,daily_a1,0746,本山,モトヤマ,33.75333333333333,133.575,252,True,True,True,False,False,True,True,,,,,,
prec74_a0755,74,高知県,a,daily_a1,0755,安芸,アキ,33.48833333333334,133.93333333333334,6,True,True,True,False,False,True,True,,,,,,
prec74_a0756,74,高知県,a,daily_a1,0756,須崎,スサキ,33.385,133.27666666666667,4,True,True,True,False,False,True,True,,,,,,
prec74_a0758,74,高知県,a,daily_a1,0758,窪川,クボカワ,33.20666666666666,133.12833333333333,205,True,True,True,False,False,True,True,,,,,,
prec74_a0763,74,高知県,a,daily_a1,0763,中村,ナカムラ,32.99,132.92,8,True,True,True,False,False,True,True,,,,,,
prec74_a0921,74,高知県,a,daily_a1,0921,梼原,ユスハラ,33.39,132.92166666666665,415,True,True,True,False,False,True,True,,,,,,
prec74_a1229,74,高知県,a,daily_a1,1229,大栃,オオドチ,33.69833333333333,133.875,210,True,True,True,False,False,True,True,,,,,,
prec74_a1233,74,高知県,a,daily_a1,1233,佐賀,サガ,33.07833333333333,133.10166666666666,3,True,True,True,False,False,True,True,,,,,,
prec74_a1235,74,高知県,a,daily_a1,1235,江川崎,エカワサキ,33.17,132.79166666666666,72,True,True,True,False,False,True,True,,,,,,
prec74_a1249,74,高知県,a,daily_a1,1249,後免,ゴメン,33.59,133.64333333333335,12,True,True,True,False,False,True,True,,,,,,
prec74_a1351,74,高知県,a,daily_a1,1351,本川,ホンガワ,33.765,133.33833333333334,605,True,True,True,False,False,True,True,,,,,,
prec74_a1476,74,高知県,a,daily_a1,1476,南国日章,ナンコクニッショウ,33.545,133.66833333333332,9,True,True,True,False,False,False,True,,,,,,
prec74_s47893,74,高知県,s,daily_s1,47893,高知,コウチ,33.56666666666667,133.54833333333335,0.5,True,True,True,True,True,True,True,,,,,,
prec74_s47897,74,高知県,s,daily_s1,47897,宿毛,スクモ,32.905,132.71666666666667,21.1,True,True,True,True,True,True,True,,,,,,
prec74_s47898,74,高知県,s,daily_s1,47898,清水,シミズ,32.721666666666664,133.01,31,True,True,True,True,True,True,True,,1938年7月12日までの地点名「足摺」,,,,
prec74_s47899,74,高知県,s,daily_s1,47899,室戸岬,ムロトミサキ,33.251666666666665,134.17666666666668,185,True,True,True,True,True,True,True,,,,,,
prec81_a0765,81,山口県,a,daily_a1,0765,須佐,スサ,34.615,131.62333333333333,50,True,True,True,False,False,True,True,,,,,,
prec81_a0767,81,山口県,a,daily_a1,0767,徳佐,トクサ,34.39833333333333,131.725,310,True,True,True,False,False,True,True,,,,,,
prec81_a0769,81,山口県,a,daily_a1,0769,秋吉台,アキヨシダイ,34.235,131.30666666666667,240,True,True,True,False,False,True,True,,,,,,
prec81_a0771,81,山口県,a,daily_a1,0771,広瀬,ヒロセ,34.26166666666666,131.95166666666665,97,True,True,True,False,False,True,True,,,,,,
prec81_a0772,81,山口県,a,daily_a1,0772,豊田,トヨタ,34.18666666666667,131.07666666666665,40,True,True,True,False,False,True,True,,2005年2月28日までの地点名「西市」,,,,
prec81_a0775,81,山口県,a,daily_a1,0775,防府,ホウフ,34.04,131.53333333333333,4,True,True,True,False,False,True,True,,,,,,
prec81_a0776,81,山口県,a,daily_a1,0776,下松,クダマツ,34.01,131.87166666666667,27,True,True,True,False,False,True,True,,,,,,
prec81_a0778,81,山口県,a,daily_a1,0778,宇部,ウベ,33.93,131.27833333333334,5,True,True,True,False,False,False,True,,,,,,
prec81_a0779,81,山口県,a,daily_a1,0779,安下庄,アゲノショウ,33.903333333333336,132.29333333333332,5,True,True,True,False,False,True,True,,,,,,
prec81_a0913,81,山口県,a,daily_a1,0913,玖珂,クガ,34.095,132.075,68,True,True,True,False,False,True,True,,,,,,
prec81_a0939,81,山口県,a,daily_a1,0939,油谷,ユヤ,34.37,131.055,20,True,True,True,False,False,True,True,,,,,,
prec81_a0940,81,山口県,a,daily_a1,0940,岩国,イワクニ,34.155,132.17833333333334,41,True,True,True,False,False,True,True,,,,,,
prec81_a0942,81,山口県,a,daily_a1,0942,柳井,ヤナイ,33.958333333333336,132.11333333333334,3,True,True,True,False,False,True,True,,,,,,
prec81_s47754,81,山口県,s,daily_s1,47754,萩,ハギ,34.41,131.405,2.2,True,True,True,True,True,True,True,,,,,,
prec81_s47762,81,山口県,s,daily_s1,47762,下関,シモノセキ,33.94833333333333,130.925,3.3,True,True,True,True,True,True,True,,,,,,
prec81_s47784,81,山口県,s,daily_s1,47784,山口,ヤマグチ,34.16166666666667,131.46166666666667,18.1,True,True,True,True,True,True,True,,,,,,
prec82_a0780,82,福岡県,a,daily_a1,0780,八幡,ヤハタ,33.85166666666667,130.74333333333334,20,True,True,True,False,False,True,True,,,,,,
prec82_a0782,82,福岡県,a,daily_a1,0782,行橋,ユクハシ,33.71333333333333,130.975,9,True,True,True,False,False,True,True,,,,,,
prec82_a0785,82,福岡県,a,daily_a1,0785,前原,マエバル,33.56,130.19,5,True,True,True,False,False,True,True,,,,,,
prec82_a0788,82,福岡県,a,daily_a1,0788,朝倉,アサクラ,33.406666666666666,130.695,38,True,True,True,False,False,True,True,,2006年5月31日までの地点名「甘木」,,,,
prec82_a0790,82,福岡県,a,daily_a1,0790,久留米,クルメ,33.303333333333335,130.49333333333334,7,True,True,True,False,False,True,True,,,,,,
prec82_a0792,82,福岡県,a,daily_a1,0792,黒木,クロギ,33.225,130.645,144,True,True,True,False,False,True,True,,,,,,
prec82_a0793,82,福岡県,a,daily_a1,0793,大牟田,オオムタ,33.00666666666667,130.46666666666667,40,True,True,True,False,False,True,True,,,,,,
prec82_a0943,82,福岡県,a,daily_a1,0943,宗像,ムナカタ,33.80833333333333,130.53833333333333,7,True,True,True,False,False,True,True,,,,,,
prec82_a1046,82,福岡県,a,daily_a1,1046,添田,ソエダ,33.55833333333333,130.855,92,True,True,True,False,False,True,True,,,,,,
prec82_a1141,82,福岡県,a,daily_a1,1141,太宰府,ダザイフ,33.49666666666667,130.49,52,True,True,True,False,False,True,True,,,,,,
prec82_a1477,82,福岡県,a,daily_a1,1477,博多,ハカタ,33.583333333333336,130.45166666666665,9,True,True,True,False,False,False,True,,,,,,
prec82_a1590,82,福岡県,a,daily_a1,1590,空港北町,クウコウキタマチ,33.845,131.035,7,True,True,True,False,False,False,True,,,,,,
prec82_s47807,82,福岡県,s,daily_s1,47807,福岡,フクオカ,33.58166666666666,130.375,2.5,True,True,True,True,True,True,True,,,,,,
prec82_s47809,82,福岡県,s,daily_s1,47809,飯塚,イイヅカ,33.651666666666664,130.69333333333333,37.1,True,True,True,True,True,True,True,,,,,,
prec83_a0794,83,大分県,a,daily_a1,0794,中津,ナカツ,33.586666666666666,131.245,12,True,True,True,False,False,True,True,,,,,,
prec83_a0795,83,大分県,a,daily_a1,0795,豊後高田,ブンゴタカダ,33.57,131.43333333333334,5,True,True,True,False,False,True,True,,,,,,
prec83_a0796,83,大分県,a,daily_a1,0796,武蔵,ムサシ,33.47833333333333,131.73666666666668,5,True,True,True,False,False,False,True,,,,,,
prec83_a0799,83,大分県,a,daily_a1,0799,湯布院,ユフイン,33.25333333333333,131.34666666666666,435,True,True,True,False,False,True,True,,,,,,
prec83_a0805,83,大分県,a,daily_a1,0805,犬飼,イヌカイ,33.065,131.63166666666666,121,True,True,True,False,False,True,True,,,,,,
prec83_a0806,83,大分県,a,daily_a1,0806,竹田,タケタ,32.973333333333336,131.39833333333334,261,True,True,True,False,False,True,True,,,,,,
prec83_a0808,83,大分県,a,daily_a1,0808,佐伯,サイキ,32.95,131.90166666666667,2,True,True,True,False,False,True,True,,,,,,
prec83_a0810,83,大分県,a,daily_a1,0810,蒲江,カマエ,32.795,131.92333333333335,2,True,True,True,False,False,True,True,,,,,,
prec83_a0931,83,大分県,a,daily_a1,0931,院内,インナイ,33.42,131.31666666666666,90,True,True,True,False,False,True,True,,,,,,
prec83_a0932,83,大分県,a,daily_a1,0932,玖珠,クス,33.291666666666664,131.155,331,True,True,True,False,False,True,True,,1977年2月21日までの地点名「豊後玖珠」,,,,
prec83_a1137,83,大分県,a,daily_a1,1137,国見,クニミ,33.678333333333335,131.575,53,True,True,True,False,False,True,True,,,,,,
prec83_a1142,83,大分県,a,daily_a1,1142,宇目,ウメ,32.845,131.675,200,True,True,True,False,False,True,True,,,,,,
prec83_a1237,83,大分県,a,daily_a1,1237,杵築,キツキ,33.416666666666664,131.59666666666666,5,True,True,True,False,False,True,True,,,,,,
prec83_s47814,83,大分県,s,daily_s1,47814,日田,ヒタ,33.321666666666665,130.92833333333334,82.9,True,True,True,True,True,True,True,,,,,,
prec83_s47815,83,大分県,s,daily_s1,47815,大分,オオイタ,33.235,131.61833333333334,4.6,True,True,True,True,True,True,True,,,,,,
prec84_a0814,84,長崎県,a,daily_a1,0814,松浦,マツウラ,33.34166666666667,129.71166666666667,14,True,True,True,False,False,True,True,,,,,,
prec84_a0922,84,長崎県,a,daily_a1,0922,口之津,クチノツ,32.611666666666665,130.19333333333333,13,True,True,True,False,False,True,True,,,,,,
prec84_a0962,84,長崎県,a,daily_a1,0962,島原,シマバラ,32.76,130.36166666666668,14,True,True,True,False,False,True,True,,,,,,
prec84_a1084,84,長崎県,a,daily_a1,1084,大村,オオムラ,32.916666666666664,129.91333333333333,3,True,True,True,False,False,False,True,,,,,,
prec84_a1138,84,長崎県,a,daily_a1,1138,有川,アリカワ,32.98166666666667,129.11833333333334,11,True,True,True,False,False,True,True,,1999年12月21日までの地点名「上五島」,,,,
prec84_a1144,84,長崎県,a,daily_a1,1144,芦辺,アシベ,33.8,129.72166666666666,97,True,True,True,False,False,True,True,,,,,,
prec84_a1453,84,長崎県,a,daily_a1,1453,鰐浦,ワニウラ,34.69833333333333,129.445,63,True,True,True,False,False,True,True,,,,,,
prec84_a1478,84,長崎県,a,daily_a1,1478,石田,イシダ,33.748333333333335,129.785,12,True,True,True,False,False,False,True,,,,,,
prec84_a1479,84,長崎県,a,daily_a1,1479,上大津,カミオオヅ,32.665,128.83166666666668,77,True,True,True,False,False,False,True,,,,,,
prec84_a1538,84,長崎県,a,daily_a1,1538,美津島,ミツシマ,34.285,129.33,63,True,True,True,False,False,False,True,,,,,,
prec84_a1670,84,長崎県,a,daily_a1,1670,脇岬,ワキミサキ,32.58166666666666,129.77666666666667,4,True,True,True,False,False,True,True,,,,,,
prec84_a1672,84,長崎県,a,daily_a1,1672,西海,サイカイ,33.013333333333335,129.65166666666667,18,True,True,True,False,False,True,True,,,,,,
prec84_s47800,84,長崎県,s,daily_s1,47800,厳原,イヅハラ,34.196666666666665,129.29166666666666,4.6,True,True,True,True,True,True,True,,,,,,
prec84_s47805,84,長崎県,s,daily_s1,47805,平戸,ヒラド,33.36,129.55,57.8,True,True,True,True,True,True,True,,,,,,
prec84_s47812,84,長崎県,s,daily_s1,47812,佐世保,サセボ,33.15833333333333,129.72666666666666,3.9,True,True,True,True,True,True,True,,,,,,
prec84_s47817,84,長崎県,s,daily_s1,47817,長崎,ナガサキ,32.733333333333334,129.86666666666667,26.9,True,True,True,True,True,True,True,,,,,,
prec84_s47818,84,長崎県,s,daily_s1,47818,雲仙岳,ウンゼンダケ,32.736666666666665,130.26166666666666,677.5,True,True,True,True,True,True,True,,,,,,
prec84_s47843,84,長崎県,s,daily_s1,47843,福江,フクエ,32.693333333333335,128.82666666666665,25.1,True,True,True,True,True,True,True,,,,,,
prec85_a0829,85,佐賀県,a,daily_a1,0829,白石,シロイシ,33.18333333333333,130.14833333333334,2,True,True,True,False,False,True,True,,,,,,
prec85_a0830,85,佐賀県,a,daily_a1,0830,嬉野,ウレシノ,33.11666666666667,129.995,81,True,True,True,False,False,True,True,,,,,,
prec85_a1075,85,佐賀県,a,daily_a1,1075,伊万里,イマリ,33.266666666666666,129.87833333333333,25,True,True,True,False,False,True,True,,,,,,
prec85_a1480,85,佐賀県,a,daily_a1,1480,川副,カワソエ,33.14833333333333,130.30166666666668,2,True,True,True,False,False,False,True,,,,,,
prec85_a1610,85,佐賀県,a,daily_a1,1610,唐津,カラツ,33.458333333333336,129.955,23,True,True,True,False,False,True,True,,,,,,
prec85_s47813,85,佐賀県,s,daily_s1,47813,佐賀,サガ,33.265,130.305,5.5,True,True,True,True,True,True,True,,,,,,
prec86_a0832,86,熊本県,a,daily_a1,0832,鹿北,カホク,33.115,130.69166666666666,119,True,True,True,False,False,True,True,,,,,,
prec86_a0833,86,熊本県,a,daily_a1,0833,南小国,ミナミオグニ,33.10333333333333,131.06666666666666,448,True,True,True,False,False,True,True,,,,,,
prec86_a0834,86,熊本県,a,daily_a1,0834,岱明,タイメイ,32.915,130.51166666666666,15,True,True,True,False,False,True,True,,,,,,
prec86_a0835,86,熊本県,a,daily_a1,0835,菊池,キクチ,32.945,130.78166666666667,83,True,True,True,False,False,True,True,,,,,,
prec86_a0840,86,熊本県,a,daily_a1,0840,高森,タカモリ,32.821666666666665,131.125,555,True,True,True,False,False,True,True,,,,,,
prec86_a0842,86,熊本県,a,daily_a1,0842,甲佐,コウサ,32.67166666666667,130.81666666666666,52,True,True,True,False,False,True,True,,,,,,
prec86_a0843,86,熊本県,a,daily_a1,0843,松島,マツシマ,32.515,130.44666666666666,2,True,True,True,False,False,True,True,,,,,,
prec86_a0845,86,熊本県,a,daily_a1,0845,本渡,ホンド,32.468333333333334,130.18,30,True,True,True,False,False,True,True,,,,,,
prec86_a0846,86,熊本県,a,daily_a1,0846,八代,ヤツシロ,32.473333333333336,130.60666666666665,8,True,True,True,False,False,True,True,,,,,,
prec86_a0923,86,熊本県,a,daily_a1,0923,益城,マシキ,32.836666666666666,130.855,193,True,True,True,False,False,False,True,,,,,,
prec86_a0924,86,熊本県,a,daily_a1,0924,水俣,ミナマタ,32.205,130.40666666666667,6,True,True,True,False,False,True,True,,,,,,
prec86_a0926,86,熊本県,a,daily_a1,0926,上,ウエ,32.225,130.905,166,True,True,True,False,False,True,True,,,,,,
prec86_a1081,86,熊本県,a,daily_a1,1081,三角,ミスミ,32.611666666666665,130.47833333333332,60,True,True,True,False,False,True,True,,,,,,
prec86_a1240,86,熊本県,a,daily_a1,1240,阿蘇乙姫,アソオトヒメ,32.946666666666665,131.04,487,True,True,True,False,False,True,True,,,,,,
prec86_a1660,86,熊本県,a,daily_a1,1660,南阿蘇,ミナミアソ,32.83166666666666,131.01333333333332,394,True,True,True,False,True,True,True,,,,,,
prec86_s47819,86,熊本県,s,daily_s1,47819,熊本,クマモト,32.81333333333333,130.70666666666668,37.7,True,True,True,True,True,True,True,,,,,,
prec86_s47824,86,熊本県,s,daily_s1,47824,人吉,ヒトヨシ,32.21666666666667,130.755,145.8,True,True,True,True,True,True,True,,,,,,
prec86_s47838,86,熊本県,s,daily_s1,47838,牛深,ウシブカ,32.196666666666665,130.02666666666667,3,True,True,True,True,True,True,True,,,,,,
prec87_a0852,87,宮崎県,a,daily_a1,0852,高千穂,タカチホ,32.711666666666666,131.29,350,True,True,True,False,False,True,True,,,,,,
prec87_a0857,87,宮崎県,a,daily_a1,0857,日向,ヒュウガ,32.40833333333333,131.6,20,True,True,True,False,False,True,True,,,,,,
prec87_a0859,87,宮崎県,a,daily_a1,0859,高鍋,タカナベ,32.123333333333335,131.475,57,True,True,True,False,False,True,True,,,,,,
prec87_a0860,87,宮崎県,a,daily_a1,0860,加久藤,カクトウ,32.04666666666667,130.81,228,True,True,True,False,False,True,True,,,,,,
prec87_a0861,87,宮崎県,a,daily_a1,0861,西都,サイト,32.06333333333333,131.41333333333333,8,True,True,True,False,False,True,True,,,,,,
prec87_a0863,87,宮崎県,a,daily_a1,0863,小林,コバヤシ,32.0,130.95333333333335,276,True,True,True,False,False,True,True,,,,,,
prec87_a0872,87,宮崎県,a,daily_a1,0872,串間,クシマ,31.465,131.22,20,True,True,True,False,False,True,True,,,,,,
prec87_a1135,87,宮崎県,a,daily_a1,1135,古江,フルエ,32.711666666666666,131.82,14,True,True,True,False,False,True,True,,,,,,
prec87_a1345,87,宮崎県,a,daily_a1,1345,西米良,ニシメラ,32.24,131.15166666666667,260,True,True,True,False,False,True,True,,,,,,
prec87_a1348,87,宮崎県,a,daily_a1,1348,鞍岡,クラオカ,32.64333333333333,131.15666666666667,590,True,True,True,False,False,True,True,,,,,,
prec87_a1353,87,宮崎県,a,daily_a1,1353,神門,ミカド,32.385,131.33166666666668,250,True,True,True,False,False,True,True,,,,,,
prec87_a1481,87,宮崎県,a,daily_a1,1481,赤江,アカエ,31.876666666666665,131.44833333333332,6,True,True,True,False,False,False,True,,,,,,
prec87_a1663,87,宮崎県,a,daily_a1,1663,田野,タノ,31.843333333333334,131.30833333333334,134,True,True,True,False,False,True,True,,,,,,
prec87_s47822,87,宮崎県,s,daily_s1,47822,延岡,ノベオカ,32.58166666666666,131.65666666666667,19.2,True,True,True,True,True,True,True,,,,,,
prec87_s47829,87,宮崎県,s,daily_s1,47829,都城,ミヤコノジヨウ,31.73,131.08166666666668,153.8,True,True,True,True,True,True,True,,,,,,
prec87_s47830,87,宮崎県,s,daily_s1,47830,宮崎,ミヤザキ,31.938333333333333,131.41333333333333,9.2,True,True,True,True,True,True,True,,,,,,
prec87_s47835,87,宮崎県,s,daily_s1,47835,油津,アブラツ,31.578333333333333,131.40666666666667,2.9,True,True,True,True,True,True,True,,,,,,
prec88_a0875,88,鹿児島県,a,daily_a1,0875,大口,オオクチ,32.04666666666667,130.62666666666667,175,True,True,True,False,False,True,True,,,,,,
prec88_a0878,88,鹿児島県,a,daily_a1,0878,さつま柏原,サツマカシワバル,31.916666666666668,130.455,59,True,True,True,False,False,True,True,,2005年12月1日までの地点名「宮之城」,,,,
prec88_a0879,88,鹿児島県,a,daily_a1,0879,中甑,ナカコシキ,31.835,129.86666666666667,10,True,True,True,False,False,True,True,,,,,,
prec88_a0880,88,鹿児島県,a,daily_a1,0880,川内,センダイ,31.833333333333332,130.315,5,True,True,True,False,False,True,True,,,,,,
prec88_a0881,88,鹿児島県,a,daily_a1,0881,溝辺,ミゾベ,31.803333333333335,130.71833333333333,272,True,True,True,False,False,False,True,,,,,,
prec88_a0883,88,鹿児島県,a,daily_a1,0883,東市来,ヒガシイチキ,31.668333333333333,130.32833333333335,40,True,True,True,False,False,True,True,,,,,,
prec88_a0887,88,鹿児島県,a,daily_a1,0887,加世田,カセダ,31.415,130.325,9,True,True,True,False,False,True,True,,,,,,
prec88_a0890,88,鹿児島県,a,daily_a1,0890,喜入,キイレ,31.386666666666667,130.54,4,True,True,True,False,False,True,True,,,,,,
prec88_a0893,88,鹿児島県,a,daily_a1,0893,指宿,イブスキ,31.25,130.63666666666666,5,True,True,True,False,False,True,True,,,,,,
prec88_a0895,88,鹿児島県,a,daily_a1,0895,内之浦,ウチノウラ,31.276666666666667,131.055,8,True,True,True,False,False,True,True,,,,,,
prec88_a0897,88,鹿児島県,a,daily_a1,0897,中種子,ナカタネ,30.605,130.99166666666667,234,True,True,True,False,False,False,True,,,,,,
prec88_a0898,88,鹿児島県,a,daily_a1,0898,上中,カミナカ,30.406666666666666,130.90166666666667,150,True,True,True,False,False,True,True,,,,,,
prec88_a0899,88,鹿児島県,a,daily_a1,0899,尾之間,オノアイダ,30.235,130.555,60,True,True,True,False,False,True,True,,,,,,
prec88_a0935,88,鹿児島県,a,daily_a1,0935,牧之原,マキノハラ,31.661666666666665,130.84333333333333,387,True,True,True,False,False,True,True,,,,,,
prec88_a0936,88,鹿児島県,a,daily_a1,0936,志布志,シブシ,31.47833333333333,131.095,70,True,True,True,False,False,True,True,,,,,,
prec88_a0937,88,鹿児島県,a,daily_a1,0937,鹿屋,カノヤ,31.391666666666666,130.86333333333334,63,True,True,True,False,False,True,True,,,,,,
prec88_a0980,88,鹿児島県,a,daily_a1,0980,古仁屋,コニヤ,28.143333333333334,129.315,2,True,True,True,False,False,True,True,,,,,,
prec88_a1136,88,鹿児島県,a,daily_a1,1136,田代,タシロ,31.198333333333334,130.84333333333333,182,True,True,True,False,False,True,True,,,,,,
prec88_a1139,88,鹿児島県,a,daily_a1,1139,伊仙,イセン,27.676666666666666,128.97333333333333,44,True,True,True,False,False,True,True,,,,,,
prec88_a1146,88,鹿児島県,a,daily_a1,1146,輝北,キホク,31.588333333333335,130.855,360,True,True,True,False,False,True,True,,,,,,
prec88_a1181,88,鹿児島県,a,daily_a1,1181,肝付前田,キモツキマエダ,31.34,130.93833333333333,31,True,True,True,False,False,True,True,,2005年7月6日までの地点名「高山」,,,,
prec88_a1277,88,鹿児島県,a,daily_a1,1277,与論島,ヨロンジマ,27.043333333333333,128.40166666666667,14,True,True,True,False,False,False,True,,,,,,
prec88_a1296,88,鹿児島県,a,daily_a1,1296,喜界島,キカイジマ,28.32,129.92666666666668,5,True,True,True,False,False,False,True,,,,,,
prec88_a1520,88,鹿児島県,a,daily_a1,1520,笠利,カサリ,28.43,129.71166666666667,4,True,True,True,False,False,False,True,,,,,,
prec88_a1540,88,鹿児島県,a,daily_a1,1540,中之島,ナカノシマ,29.84,129.86666666666667,220,True,True,True,False,False,True,True,,,,,,
prec88_a1542,88,鹿児島県,a,daily_a1,1542,天城,アマギ,27.835,128.88,2,True,True,True,False,False,False,True,,,,,,
prec88_s47823,88,鹿児島県,s,daily_s1,47823,阿久根,アクネ,32.026666666666664,130.2,40.1,True,True,True,True,True,True,True,,,,,,
prec88_s47827,88,鹿児島県,s,daily_s1,47827,鹿児島,カゴシマ,31.555,130.54666666666665,3.9,True,True,True,True,True,True,True,,,,,,
prec88_s47831,88,鹿児島県,s,daily_s1,47831,枕崎,マクラザキ,31.27166666666667,130.29166666666666,29.5,True,True,True,True,True,True,True,,,,,,
prec88_s47836,88,鹿児島県,s,daily_s1,47836,屋久島,ヤクシマ,30.385,130.65833333333333,37.3,True,True,True,True,True,True,True,,,,,,
prec88_s47837,88,鹿児島県,s,daily_s1,47837,種子島,タネガシマ,30.72,130.98166666666665,24.9,True,True,True,True,True,True,True,,,,,,
prec88_s47909,88,鹿児島県,s,daily_s1,47909,名瀬,ナゼ,28.385,129.49333333333334,3.3,True,True,True,True,True,True,True,,,,,,
prec88_s47942,88,鹿児島県,s,daily_s1,47942,沖永良部,オキノエラブ,27.431666666666665,128.705,26.8,True,True,True,True,True,True,True,,,,,,
prec91_a0901,91,沖縄県,a,daily_a1,0901,奥,オク,26.835,128.27166666666668,232,True,True,True,False,False,True,True,,,,,,
prec91_a0909,91,沖縄県,a,daily_a1,0909,糸数,イトカズ,26.153333333333332,127.765,186,True,True,True,False,False,True,True,,,,,,
prec91_a1145,91,沖縄県,a,daily_a1,1145,伊原間,イバルマ,24.506666666666668,124.28,11,True,True,True,False,False,True,True,,,,,,
prec91_a1147,91,沖縄県,a,daily_a1,1147,伊是名,イゼナ,26.948333333333334,127.94,14,True,True,True,False,False,True,True,,,,,,
prec91_a1152,91,沖縄県,a,daily_a1,1152,渡嘉敷,トカシキ,26.21,127.36333333333333,220,True,True,True,False,False,True,True,,,,,,
prec91_a1251,91,沖縄県,a,daily_a1,1251,大原,オオハラ,24.265,123.87166666666667,33,True,True,True,False,False,True,True,,1989年12月16日までの地点名「大富」,,,,
prec91_a1354,91,沖縄県,a,daily_a1,1354,波照間,ハテルマ,24.055,123.76666666666667,38,True,True,True,False,False,True,True,,,,,,
prec91_a1482,91,沖縄県,a,daily_a1,1482,安次嶺,アシミネ,26.19333333333333,127.63833333333334,3,True,True,True,False,False,False,True,,,,,,
prec91_a1483,91,沖縄県,a,daily_a1,1483,鏡原,カガミハラ,24.781666666666666,125.295,43,True,True,True,False,False,False,True,,,,,,
prec91_a1490,91,沖縄県,a,daily_a1,1490,下地島,シモジシマ,24.826666666666668,125.14333333333333,8,True,True,True,False,False,False,True,,2020年3月25日までの地点名「下地」,,,,
prec91_a1491,91,沖縄県,a,daily_a1,1491,仲筋,ナカスジ,24.653333333333332,124.675,10,True,True,True,False,False,False,True,,2003年10月9日までの地点名「塩川」,,,,
prec91_a1493,91,沖縄県,a,daily_a1,1493,所野,トコロノ,24.466666666666665,122.97833333333334,15,True,True,True,False,False,False,True,,,,,,
prec91_a1515,91,沖縄県,a,daily_a1,1515,粟国,アグニ,26.591666666666665,127.23833333333333,14,True,True,True,False,False,False,True,,,,,,
prec91_a1517,91,沖縄県,a,daily_a1,1517,北大東,キタダイトウ,25.943333333333335,131.32666666666665,22,True,True,True,False,False,False,True,,,,,,
prec91_a1518,91,沖縄県,a,daily_a1,1518,旧東,キュウトウ,25.846666666666668,131.26333333333332,48,True,True,True,False,False,False,True,,,,,,
prec91_a1534,91,沖縄県,a,daily_a1,1534,北原,キタハラ,26.363333333333333,126.71333333333334,7,True,True,True,False,False,False,True,,,,,,
prec91_a1596,91,沖縄県,a,daily_a1,1596,宮城島,ミヤギジマ,26.363333333333333,127.97166666666666,100,True,True,True,False,False,True,True,,,,,,
prec91_a1639,91,沖縄県,a,daily_a1,1639,盛山,モリヤマ,24.395,124.245,31,True,True,True,False,False,False,True,,,,,,
prec91_s47912,91,沖縄県,s,daily_s1,47912,与那国島,ヨナグニジマ,24.466666666666665,123.01,30,True,True,True,True,True,True,True,,,,,,
prec91_s47917,91,沖縄県,s,daily_s1,47917,西表島,イリオモテジマ,24.426666666666666,123.765,10.3,True,True,True,True,True,True,True,,,,,,
prec91_s47918,91,沖縄県,s,daily_s1,47918,石垣島,イシガキジマ,24.336666666666666,124.16333333333333,5.7,True,True,True,True,True,True,True,,,,,,
prec91_s47927,91,沖縄県,s,daily_s1,47927,宮古島,ミヤコジマ,24.793333333333333,125.27833333333334,38.5,True,True,True,True,True,True,True,,,,,,
prec91_s47929,91,沖縄県,s,daily_s1,47929,久米島,クメジマ,26.336666666666666,126.80333333333333,4.6,True,True,True,True,True,True,True,,,,,,
prec91_s47936,91,沖縄県,s,daily_s1,47936,那覇,ナハ,26.206666666666667,127.68666666666667,28.1,True,True,True,True,True,True,True,,,,,,
prec91_s47940,91,沖縄県,s,daily_s1,47940,名護,ナゴ,26.593333333333334,127.965,6.2,True,True,True,True,True,True,True,,,,,,
prec91_s47945,91,沖縄県,s,daily_s1,47945,南大東（南大東島）,ミナミダイトウジマ,25.828333333333333,131.22833333333332,15.3,True,True,True,True,True,True,True,,,,,,
